[12mag2025 12:59:30.602] [main/INFO] [cpw.mods.modlauncher.Launcher/MODLAUNCHER]: ModLauncher running: args [--launchTarget, forge_userdev_data, --assetIndex, 17, --assetsDir, C:\Users\rosar\.gradle\caches\forge_gradle\assets, --gameDir, ., --mod, onlyhammersandexcavators, --all, --output, D:\Programmazione\Mod\Only Hammers & Excavators\FORGE\1.21.1\src\generated\resources, --existing, D:\Programmazione\Mod\Only Hammers & Excavators\FORGE\1.21.1\src\main\resources, --mixin.config, onlyhammersandexcavators.mixins.json]
[12mag2025 12:59:30.610] [main/INFO] [cpw.mods.modlauncher.Launcher/MODLAUNCHER]: JVM identified as Amazon.com Inc. OpenJDK 64-Bit Server VM 21.0.6+7-LTS
[12mag2025 12:59:30.610] [main/INFO] [cpw.mods.modlauncher.Launcher/MODLAUNCHER]: ModLauncher 10.2.4 starting: java version 21.0.6 by Amazon.com Inc.; OS Windows 11 arch amd64 version 10.0
[12mag2025 12:59:30.627] [main/DEBUG] [cpw.mods.modlauncher.LaunchServiceHandler/MODLAUNCHER]: Found launch services [forge_userdev_client,forge_dev_data,minecraft,forge_userdev_server_gametest,forge_dev_client,forge_userdev_data,forge_dev_server_gametest,testharness,forge_userdev_server,forge_client,forge_dev_server,forge_server]
[12mag2025 12:59:30.637] [main/DEBUG] [cpw.mods.modlauncher.NameMappingServiceHandler/MODLAUNCHER]: Found naming services : [srgtomcp]
[12mag2025 12:59:30.657] [main/DEBUG] [cpw.mods.modlauncher.LaunchPluginHandler/MODLAUNCHER]: Found launch plugins: [mixin,eventbus,slf4jfixer,object_holder_definalize,runtime_enum_extender,capability_token_subclass,accesstransformer,runtimedistcleaner]
[12mag2025 12:59:30.668] [main/DEBUG] [cpw.mods.modlauncher.TransformationServicesHandler/MODLAUNCHER]: Discovering transformation services
[12mag2025 12:59:30.671] [main/DEBUG] [net.minecraftforge.fml.loading.FMLPaths/CORE]: Path GAMEDIR is D:\Programmazione\Mod\Only Hammers & Excavators\FORGE\1.21.1\run-data
[12mag2025 12:59:30.671] [main/DEBUG] [net.minecraftforge.fml.loading.FMLPaths/CORE]: Path MODSDIR is D:\Programmazione\Mod\Only Hammers & Excavators\FORGE\1.21.1\run-data\mods
[12mag2025 12:59:30.671] [main/DEBUG] [net.minecraftforge.fml.loading.FMLPaths/CORE]: Path CONFIGDIR is D:\Programmazione\Mod\Only Hammers & Excavators\FORGE\1.21.1\run-data\config
[12mag2025 12:59:30.671] [main/DEBUG] [net.minecraftforge.fml.loading.FMLPaths/CORE]: Path FMLCONFIG is D:\Programmazione\Mod\Only Hammers & Excavators\FORGE\1.21.1\run-data\config\fml.toml
[12mag2025 12:59:30.704] [main/INFO] [net.minecraftforge.fml.loading.ImmediateWindowHandler/]: ImmediateWindowProvider not loading because launch target is forge_userdev_data
[12mag2025 12:59:30.727] [main/DEBUG] [cpw.mods.modlauncher.TransformationServicesHandler/MODLAUNCHER]: Found transformer service: fml: /
[12mag2025 12:59:30.729] [main/DEBUG] [cpw.mods.modlauncher.TransformationServicesHandler/MODLAUNCHER]: Found transformer service: mixin: /
[12mag2025 12:59:30.729] [main/DEBUG] [cpw.mods.modlauncher.TransformationServicesHandler/MODLAUNCHER]: Transformation services loading
[12mag2025 12:59:30.729] [main/DEBUG] [cpw.mods.modlauncher.TransformationServiceDecorator/MODLAUNCHER]: Loading service mixin
[12mag2025 12:59:30.730] [main/DEBUG] [cpw.mods.modlauncher.TransformationServiceDecorator/MODLAUNCHER]: Loaded service mixin
[12mag2025 12:59:30.730] [main/DEBUG] [cpw.mods.modlauncher.TransformationServiceDecorator/MODLAUNCHER]: Loading service fml
[12mag2025 12:59:30.737] [main/DEBUG] [net.minecraftforge.fml.loading.FMLLoader/CORE]: Detected version data : VersionInfo[forgeVersion=52.1.0, mcVersion=1.21.1, mcpVersion=20240808.132146, forgeGroup=net.minecraftforge]
[12mag2025 12:59:30.740] [main/DEBUG] [net.minecraftforge.fml.loading.LauncherVersion/CORE]: Found FMLLauncher version 52.1.0
[12mag2025 12:59:30.740] [main/DEBUG] [net.minecraftforge.fml.loading.FMLLoader/CORE]: FML 52.1.0 loading
[12mag2025 12:59:30.741] [main/DEBUG] [net.minecraftforge.fml.loading.FMLLoader/CORE]: Requesting CoreMods to not apply the fix for ASMAPI.findFirstInstructionBefore by default
[12mag2025 12:59:30.741] [main/DEBUG] [net.minecraftforge.fml.loading.FMLLoader/CORE]: Found ModLauncher version: 10.2.4
[12mag2025 12:59:30.742] [main/DEBUG] [net.minecraftforge.fml.loading.FMLLoader/CORE]: Found AccessTransformer version: 8.2.2
[12mag2025 12:59:30.742] [main/DEBUG] [net.minecraftforge.fml.loading.FMLLoader/CORE]: Found EventBus version: 6.2.27
[12mag2025 12:59:30.742] [main/DEBUG] [net.minecraftforge.fml.loading.FMLLoader/CORE]: Found RuntimeDistCleaner version: 52.1.0
[12mag2025 12:59:30.743] [main/DEBUG] [net.minecraftforge.coremod.CoreModEngine/]: CoreMods will preserve legacy behavior of ASMAPI.findFirstInstructionBefore for backwards-compatibility
[12mag2025 12:59:30.743] [main/DEBUG] [net.minecraftforge.fml.loading.FMLLoader/CORE]: FML found CoreMod version : 5.2.6
[12mag2025 12:59:30.744] [main/DEBUG] [net.minecraftforge.fml.loading.FMLLoader/CORE]: Found ForgeSPI version: 7.1.5
[12mag2025 12:59:30.744] [main/DEBUG] [cpw.mods.modlauncher.TransformationServiceDecorator/MODLAUNCHER]: Loaded service fml
[12mag2025 12:59:30.746] [main/DEBUG] [cpw.mods.modlauncher.TransformationServicesHandler/MODLAUNCHER]: Configuring option handling for services
[12mag2025 12:59:30.750] [main/DEBUG] [cpw.mods.modlauncher.TransformationServicesHandler/MODLAUNCHER]: Transformation services initializing
[12mag2025 12:59:30.751] [main/DEBUG] [cpw.mods.modlauncher.TransformationServiceDecorator/MODLAUNCHER]: Initializing transformation service mixin
[12mag2025 12:59:30.772] [main/DEBUG] [mixin/]: MixinService [ModLauncher] was successfully booted in SecureModuleClassLoader[SECURE-BOOTSTRAP]@2041416495
[12mag2025 12:59:30.787] [main/INFO] [mixin/]: SpongePowered MIXIN Subsystem Version=0.8.7 Source=jar:file:///C:/Users/rosar/.gradle/caches/modules-2/files-2.1/org.spongepowered/mixin/0.8.7/8ab114ac385e6dbdad5efafe28aba4df8120915f/mixin-0.8.7.jar!/ Service=ModLauncher Env=UNKNOWN
[12mag2025 12:59:30.791] [main/DEBUG] [mixin/]: Initialising Mixin Platform Manager
[12mag2025 12:59:30.791] [main/DEBUG] [mixin/]: Adding mixin platform agents for container ModLauncher Root Container(ModLauncher:4f56a0a2)
[12mag2025 12:59:30.792] [main/DEBUG] [mixin/]: Instancing new MixinPlatformAgentMinecraftForge for ModLauncher Root Container(ModLauncher:4f56a0a2)
[12mag2025 12:59:30.792] [main/DEBUG] [mixin/]: MixinPlatformAgentMinecraftForge rejected container ModLauncher Root Container(ModLauncher:4f56a0a2)
[12mag2025 12:59:30.793] [main/DEBUG] [mixin/]: Instancing new MixinPlatformAgentDefault for ModLauncher Root Container(ModLauncher:4f56a0a2)
[12mag2025 12:59:30.793] [main/DEBUG] [mixin/]: MixinPlatformAgentDefault accepted container ModLauncher Root Container(ModLauncher:4f56a0a2)
[12mag2025 12:59:30.795] [main/DEBUG] [cpw.mods.modlauncher.TransformationServiceDecorator/MODLAUNCHER]: Initialized transformation service mixin
[12mag2025 12:59:30.795] [main/DEBUG] [cpw.mods.modlauncher.TransformationServiceDecorator/MODLAUNCHER]: Initializing transformation service fml
[12mag2025 12:59:30.796] [main/DEBUG] [net.minecraftforge.fml.loading.FMLServiceProvider/CORE]: Setting up basic FML game directories
[12mag2025 12:59:30.796] [main/DEBUG] [net.minecraftforge.fml.loading.FMLPaths/CORE]: Path GAMEDIR is D:\Programmazione\Mod\Only Hammers & Excavators\FORGE\1.21.1\run-data
[12mag2025 12:59:30.796] [main/DEBUG] [net.minecraftforge.fml.loading.FMLPaths/CORE]: Path MODSDIR is D:\Programmazione\Mod\Only Hammers & Excavators\FORGE\1.21.1\run-data\mods
[12mag2025 12:59:30.796] [main/DEBUG] [net.minecraftforge.fml.loading.FMLPaths/CORE]: Path CONFIGDIR is D:\Programmazione\Mod\Only Hammers & Excavators\FORGE\1.21.1\run-data\config
[12mag2025 12:59:30.796] [main/DEBUG] [net.minecraftforge.fml.loading.FMLPaths/CORE]: Path FMLCONFIG is D:\Programmazione\Mod\Only Hammers & Excavators\FORGE\1.21.1\run-data\config\fml.toml
[12mag2025 12:59:30.797] [main/DEBUG] [net.minecraftforge.fml.loading.FMLServiceProvider/CORE]: Loading configuration
[12mag2025 12:59:30.801] [main/DEBUG] [net.minecraftforge.fml.loading.FMLServiceProvider/CORE]: Preparing ModFile
[12mag2025 12:59:30.806] [main/DEBUG] [net.minecraftforge.fml.loading.FMLServiceProvider/CORE]: Preparing launch handler
[12mag2025 12:59:30.807] [main/DEBUG] [net.minecraftforge.fml.loading.FMLLoader/CORE]: Using forge_userdev_data as launch service
[12mag2025 12:59:30.815] [main/DEBUG] [cpw.mods.modlauncher.TransformationServiceDecorator/MODLAUNCHER]: Initialized transformation service fml
[12mag2025 12:59:30.815] [main/DEBUG] [cpw.mods.modlauncher.NameMappingServiceHandler/MODLAUNCHER]: Current naming domain is 'mcp'
[12mag2025 12:59:30.815] [main/DEBUG] [cpw.mods.modlauncher.NameMappingServiceHandler/MODLAUNCHER]: Identified name mapping providers {srg=net.minecraftforge.fml.loading.MCPNamingService@408a247c}
[12mag2025 12:59:30.816] [main/DEBUG] [cpw.mods.modlauncher.TransformationServicesHandler/MODLAUNCHER]: Transformation services begin scanning
[12mag2025 12:59:30.816] [main/DEBUG] [cpw.mods.modlauncher.TransformationServiceDecorator/MODLAUNCHER]: Beginning scan trigger - transformation service mixin
[12mag2025 12:59:30.817] [main/DEBUG] [cpw.mods.modlauncher.TransformationServiceDecorator/MODLAUNCHER]: End scan trigger - transformation service mixin
[12mag2025 12:59:30.817] [main/DEBUG] [cpw.mods.modlauncher.TransformationServiceDecorator/MODLAUNCHER]: Beginning scan trigger - transformation service fml
[12mag2025 12:59:30.817] [main/DEBUG] [net.minecraftforge.fml.loading.FMLServiceProvider/CORE]: Initiating mod scan
[12mag2025 12:59:30.822] [main/DEBUG] [net.minecraftforge.fml.loading.moddiscovery.ModDiscoverer/CORE]: Found Mod Locators : (mods folder:null),(minecraft:null),(classpath:null),(forge_dev_locator:null),(forge_userdev_locator:null)
[12mag2025 12:59:30.823] [main/DEBUG] [net.minecraftforge.fml.loading.moddiscovery.ModDiscoverer/CORE]: Found Dependency Locators : (JarInJar:null)
[12mag2025 12:59:31.151] [main/DEBUG] [net.minecraftforge.fml.loading.moddiscovery.ModFileInfo/LOADING]: Found valid mod file  with {minecraft} mods - versions {1.21.1}
[12mag2025 12:59:31.314] [main/DEBUG] [net.minecraftforge.fml.loading.moddiscovery.ModFileParser/LOADING]: Considering mod file candidate D:\Programmazione\Mod\Only Hammers & Excavators\FORGE\1.21.1\build\sourcesSets\main
[12mag2025 12:59:31.327] [main/DEBUG] [net.minecraftforge.fml.loading.moddiscovery.ModFileInfo/LOADING]: Found valid mod file main with {onlyhammersandexcavators} mods - versions {1.21.1-0.5}
[12mag2025 12:59:31.333] [main/DEBUG] [net.minecraftforge.fml.loading.moddiscovery.ModFileParser/LOADING]: Considering mod file candidate C:\Users\rosar\.gradle\caches\modules-2\files-2.1\mezz.jei\jei-1.21.1-forge\19.21.0.247\a8843f9511aa66e1307572f3e632b32597325d26\jei-1.21.1-forge-19.21.0.247.jar
[12mag2025 12:59:31.341] [main/DEBUG] [net.minecraftforge.fml.loading.moddiscovery.ModFileInfo/LOADING]: Found valid mod file jei-1.21.1-forge-19.21.0.247.jar with {jei} mods - versions {19.21.0.247}
[12mag2025 12:59:31.416] [main/DEBUG] [net.minecraftforge.fml.loading.moddiscovery.ModFileParser/LOADING]: Considering mod file candidate /
[12mag2025 12:59:31.417] [main/DEBUG] [net.minecraftforge.fml.loading.moddiscovery.ModFileInfo/LOADING]: Found valid mod file  with {forge} mods - versions {52.1.0}
[12mag2025 12:59:31.428] [main/DEBUG] [net.minecraftforge.fml.loading.moddiscovery.JarInJarDependencyLocator/]: Failed to load resource META-INF\jarjar\metadata.json from , it does not contain dependency information.
[12mag2025 12:59:31.428] [main/DEBUG] [net.minecraftforge.fml.loading.moddiscovery.JarInJarDependencyLocator/]: Failed to load resource META-INF\jarjar\metadata.json from main, it does not contain dependency information.
[12mag2025 12:59:31.428] [main/DEBUG] [net.minecraftforge.fml.loading.moddiscovery.JarInJarDependencyLocator/]: Failed to load resource META-INF\jarjar\metadata.json from , it does not contain dependency information.
[12mag2025 12:59:31.428] [main/DEBUG] [net.minecraftforge.fml.loading.moddiscovery.JarInJarDependencyLocator/]: Failed to load resource META-INF\jarjar\metadata.json from javafmllanguage-1.21.1-52.1.0.jar, it does not contain dependency information.
[12mag2025 12:59:31.429] [main/DEBUG] [net.minecraftforge.fml.loading.moddiscovery.JarInJarDependencyLocator/]: Failed to load resource META-INF\jarjar\metadata.json from lowcodelanguage-1.21.1-52.1.0.jar, it does not contain dependency information.
[12mag2025 12:59:31.429] [main/DEBUG] [net.minecraftforge.fml.loading.moddiscovery.JarInJarDependencyLocator/]: Failed to load resource META-INF\jarjar\metadata.json from mclanguage-1.21.1-52.1.0.jar, it does not contain dependency information.
[12mag2025 12:59:31.430] [main/DEBUG] [net.minecraftforge.fml.loading.moddiscovery.JarInJarDependencyLocator/]: Failed to load resource META-INF\jarjar\metadata.json from fmlcore-1.21.1-52.1.0.jar, it does not contain dependency information.
[12mag2025 12:59:31.430] [main/DEBUG] [net.minecraftforge.fml.loading.moddiscovery.JarInJarDependencyLocator/]: Failed to load resource META-INF\jarjar\metadata.json from jei-1.21.1-forge-19.21.0.247.jar, it does not contain dependency information.
[12mag2025 12:59:31.500] [main/INFO] [net.minecraftforge.fml.loading.moddiscovery.JarInJarDependencyLocator/]: No dependencies to load found. Skipping!
[12mag2025 12:59:31.502] [main/DEBUG] [net.minecraftforge.fml.loading.moddiscovery.ModFileInfo/LOADING]: Found valid mod file  with {minecraft} mods - versions {1.21.1}
[12mag2025 12:59:31.504] [main/DEBUG] [net.minecraftforge.fml.loading.moddiscovery.ModFile/LOADING]: Loading mod file / with languages [LanguageSpec[languageName=minecraft, acceptedVersions=1]]
[12mag2025 12:59:31.505] [main/DEBUG] [net.minecraftforge.fml.loading.moddiscovery.ModFileParser/LOADING]: Considering mod file candidate D:\Programmazione\Mod\Only Hammers & Excavators\FORGE\1.21.1\build\sourcesSets\main
[12mag2025 12:59:31.507] [main/DEBUG] [net.minecraftforge.fml.loading.moddiscovery.ModFileInfo/LOADING]: Found valid mod file main with {onlyhammersandexcavators} mods - versions {1.21.1-0.5}
[12mag2025 12:59:31.507] [main/DEBUG] [net.minecraftforge.fml.loading.moddiscovery.ModFile/LOADING]: Loading mod file D:\Programmazione\Mod\Only Hammers & Excavators\FORGE\1.21.1\build\sourcesSets\main with languages [LanguageSpec[languageName=javafml, acceptedVersions=[52,)]]
[12mag2025 12:59:31.509] [main/DEBUG] [net.minecraftforge.fml.loading.moddiscovery.ModFileParser/LOADING]: Considering mod file candidate /
[12mag2025 12:59:31.510] [main/DEBUG] [net.minecraftforge.fml.loading.moddiscovery.ModFileInfo/LOADING]: Found valid mod file  with {forge} mods - versions {52.1.0}
[12mag2025 12:59:31.510] [main/DEBUG] [net.minecraftforge.fml.loading.moddiscovery.ModFile/LOADING]: Loading mod file / with languages [LanguageSpec[languageName=javafml, acceptedVersions=[24,]]]
[12mag2025 12:59:31.514] [main/DEBUG] [net.minecraftforge.fml.loading.moddiscovery.ModFileParser/LOADING]: Found coremod field_to_method with Javascript path coremods/field_to_method.js
[12mag2025 12:59:31.514] [main/DEBUG] [net.minecraftforge.fml.loading.moddiscovery.ModFileParser/LOADING]: Found coremod method_redirector with Javascript path coremods/method_redirector.js
[12mag2025 12:59:31.514] [main/DEBUG] [net.minecraftforge.fml.loading.moddiscovery.ModFile/LOADING]: Found coremod /coremods/field_to_method.js
[12mag2025 12:59:31.514] [main/DEBUG] [net.minecraftforge.fml.loading.moddiscovery.ModFile/LOADING]: Found coremod /coremods/method_redirector.js
[12mag2025 12:59:31.514] [main/DEBUG] [net.minecraftforge.fml.loading.moddiscovery.ModFileParser/LOADING]: Considering mod file candidate C:\Users\rosar\.gradle\caches\modules-2\files-2.1\mezz.jei\jei-1.21.1-forge\19.21.0.247\a8843f9511aa66e1307572f3e632b32597325d26\jei-1.21.1-forge-19.21.0.247.jar
[12mag2025 12:59:31.515] [main/DEBUG] [net.minecraftforge.fml.loading.moddiscovery.ModFileInfo/LOADING]: Found valid mod file jei-1.21.1-forge-19.21.0.247.jar with {jei} mods - versions {19.21.0.247}
[12mag2025 12:59:31.515] [main/DEBUG] [net.minecraftforge.fml.loading.moddiscovery.ModFile/LOADING]: Loading mod file C:\Users\rosar\.gradle\caches\modules-2\files-2.1\mezz.jei\jei-1.21.1-forge\19.21.0.247\a8843f9511aa66e1307572f3e632b32597325d26\jei-1.21.1-forge-19.21.0.247.jar with languages [LanguageSpec[languageName=javafml, acceptedVersions=[51,)]]
[12mag2025 12:59:31.517] [main/DEBUG] [cpw.mods.modlauncher.TransformationServiceDecorator/MODLAUNCHER]: End scan trigger - transformation service fml
[12mag2025 12:59:31.532] [main/DEBUG] [net.minecraftforge.fml.loading.LanguageLoadingProvider/CORE]: Found 3 language providers
[12mag2025 12:59:31.532] [main/DEBUG] [net.minecraftforge.fml.loading.LanguageLoadingProvider/CORE]: Found language provider minecraft, version 1.0
[12mag2025 12:59:31.533] [main/DEBUG] [net.minecraftforge.fml.loading.LanguageLoadingProvider/CORE]: Found language provider lowcodefml, version 52
[12mag2025 12:59:31.533] [main/DEBUG] [net.minecraftforge.fml.loading.LanguageLoadingProvider/CORE]: Found language provider javafml, version 52.1.0
[12mag2025 12:59:31.535] [main/DEBUG] [net.minecraftforge.fml.loading.ModSorter/]: Configured system mods: [minecraft, forge]
[12mag2025 12:59:31.535] [main/DEBUG] [net.minecraftforge.fml.loading.ModSorter/]: Found system mod: minecraft
[12mag2025 12:59:31.535] [main/DEBUG] [net.minecraftforge.fml.loading.ModSorter/]: Found system mod: forge
[12mag2025 12:59:31.563] [main/DEBUG] [net.minecraftforge.fml.loading.ModSorter/LOADING]: Found 4 mod requirements (4 mandatory, 0 optional)
[12mag2025 12:59:31.564] [main/DEBUG] [net.minecraftforge.fml.loading.ModSorter/LOADING]: Found 0 mod requirements missing (0 mandatory, 0 optional)
[12mag2025 12:59:31.752] [main/DEBUG] [net.minecraftforge.fml.loading.MCPNamingService/CORE]: Loaded 37504 method mappings from methods.csv
[12mag2025 12:59:31.781] [main/DEBUG] [net.minecraftforge.fml.loading.MCPNamingService/CORE]: Loaded 35622 field mappings from fields.csv
[12mag2025 12:59:31.803] [main/DEBUG] [cpw.mods.modlauncher.TransformationServicesHandler/MODLAUNCHER]: Transformation services loading transformers
[12mag2025 12:59:31.803] [main/DEBUG] [cpw.mods.modlauncher.TransformationServiceDecorator/MODLAUNCHER]: Initializing transformers for transformation service mixin
[12mag2025 12:59:31.804] [main/DEBUG] [cpw.mods.modlauncher.TransformationServiceDecorator/MODLAUNCHER]: Initialized transformers for transformation service mixin
[12mag2025 12:59:31.804] [main/DEBUG] [cpw.mods.modlauncher.TransformationServiceDecorator/MODLAUNCHER]: Initializing transformers for transformation service fml
[12mag2025 12:59:31.804] [main/DEBUG] [net.minecraftforge.fml.loading.FMLServiceProvider/CORE]: Loading coremod transformers
[12mag2025 12:59:31.804] [main/DEBUG] [net.minecraftforge.coremod.CoreModEngine/COREMOD]: Loading CoreMod from /coremods/field_to_method.js
[12mag2025 12:59:31.989] [main/DEBUG] [net.minecraftforge.coremod.CoreModEngine/COREMOD]: CoreMod loaded successfully
[12mag2025 12:59:31.989] [main/DEBUG] [net.minecraftforge.coremod.CoreModEngine/COREMOD]: Loading CoreMod from /coremods/method_redirector.js
[12mag2025 12:59:32.106] [main/DEBUG] [net.minecraftforge.coremod.CoreModEngine/COREMOD]: CoreMod loaded successfully
[12mag2025 12:59:32.115] [main/DEBUG] [cpw.mods.modlauncher.TransformStore/MODLAUNCHER]: Adding transformer net.minecraftforge.coremod.transformer.CoreModClassTransformer@134ff8f8 to Target : CLASS {Lnet/minecraft/world/level/biome/Biome;} {} {V}
[12mag2025 12:59:32.115] [main/DEBUG] [cpw.mods.modlauncher.TransformStore/MODLAUNCHER]: Adding transformer net.minecraftforge.coremod.transformer.CoreModClassTransformer@7d32e714 to Target : CLASS {Lnet/minecraft/world/effect/MobEffectInstance;} {} {V}
[12mag2025 12:59:32.116] [main/DEBUG] [cpw.mods.modlauncher.TransformStore/MODLAUNCHER]: Adding transformer net.minecraftforge.coremod.transformer.CoreModClassTransformer@eb6ec6 to Target : CLASS {Lnet/minecraft/world/level/block/LiquidBlock;} {} {V}
[12mag2025 12:59:32.116] [main/DEBUG] [cpw.mods.modlauncher.TransformStore/MODLAUNCHER]: Adding transformer net.minecraftforge.coremod.transformer.CoreModClassTransformer@34d45ec0 to Target : CLASS {Lnet/minecraft/world/item/BucketItem;} {} {V}
[12mag2025 12:59:32.116] [main/DEBUG] [cpw.mods.modlauncher.TransformStore/MODLAUNCHER]: Adding transformer net.minecraftforge.coremod.transformer.CoreModClassTransformer@18137eab to Target : CLASS {Lnet/minecraft/world/level/block/FlowerPotBlock;} {} {V}
[12mag2025 12:59:32.116] [main/DEBUG] [cpw.mods.modlauncher.TransformStore/MODLAUNCHER]: Adding transformer net.minecraftforge.coremod.transformer.CoreModClassTransformer@727320fa to Target : CLASS {Lnet/minecraft/world/entity/monster/ZombieVillager;} {} {V}
[12mag2025 12:59:32.116] [main/DEBUG] [cpw.mods.modlauncher.TransformStore/MODLAUNCHER]: Adding transformer net.minecraftforge.coremod.transformer.CoreModClassTransformer@727320fa to Target : CLASS {Lnet/minecraft/world/level/levelgen/structure/structures/OceanMonumentPieces$OceanMonumentPiece;} {} {V}
[12mag2025 12:59:32.117] [main/DEBUG] [cpw.mods.modlauncher.TransformStore/MODLAUNCHER]: Adding transformer net.minecraftforge.coremod.transformer.CoreModClassTransformer@727320fa to Target : CLASS {Lnet/minecraft/world/entity/animal/frog/Tadpole;} {} {V}
[12mag2025 12:59:32.117] [main/DEBUG] [cpw.mods.modlauncher.TransformStore/MODLAUNCHER]: Adding transformer net.minecraftforge.coremod.transformer.CoreModClassTransformer@727320fa to Target : CLASS {Lnet/minecraft/world/entity/monster/Evoker$EvokerSummonSpellGoal;} {} {V}
[12mag2025 12:59:32.117] [main/DEBUG] [cpw.mods.modlauncher.TransformStore/MODLAUNCHER]: Adding transformer net.minecraftforge.coremod.transformer.CoreModClassTransformer@727320fa to Target : CLASS {Lnet/minecraft/server/commands/RaidCommand;} {} {V}
[12mag2025 12:59:32.117] [main/DEBUG] [cpw.mods.modlauncher.TransformStore/MODLAUNCHER]: Adding transformer net.minecraftforge.coremod.transformer.CoreModClassTransformer@727320fa to Target : CLASS {Lnet/minecraft/world/entity/animal/horse/SkeletonTrapGoal;} {} {V}
[12mag2025 12:59:32.117] [main/DEBUG] [cpw.mods.modlauncher.TransformStore/MODLAUNCHER]: Adding transformer net.minecraftforge.coremod.transformer.CoreModClassTransformer@727320fa to Target : CLASS {Lnet/minecraft/world/entity/raid/Raid;} {} {V}
[12mag2025 12:59:32.117] [main/DEBUG] [cpw.mods.modlauncher.TransformStore/MODLAUNCHER]: Adding transformer net.minecraftforge.coremod.transformer.CoreModClassTransformer@727320fa to Target : CLASS {Lnet/minecraft/world/entity/monster/Spider;} {} {V}
[12mag2025 12:59:32.117] [main/DEBUG] [cpw.mods.modlauncher.TransformStore/MODLAUNCHER]: Adding transformer net.minecraftforge.coremod.transformer.CoreModClassTransformer@727320fa to Target : CLASS {Lnet/minecraft/world/level/NaturalSpawner;} {} {V}
[12mag2025 12:59:32.117] [main/DEBUG] [cpw.mods.modlauncher.TransformStore/MODLAUNCHER]: Adding transformer net.minecraftforge.coremod.transformer.CoreModClassTransformer@727320fa to Target : CLASS {Lnet/minecraft/world/entity/monster/Zombie;} {} {V}
[12mag2025 12:59:32.117] [main/DEBUG] [cpw.mods.modlauncher.TransformStore/MODLAUNCHER]: Adding transformer net.minecraftforge.coremod.transformer.CoreModClassTransformer@727320fa to Target : CLASS {Lnet/minecraft/world/entity/npc/CatSpawner;} {} {V}
[12mag2025 12:59:32.117] [main/DEBUG] [cpw.mods.modlauncher.TransformStore/MODLAUNCHER]: Adding transformer net.minecraftforge.coremod.transformer.CoreModClassTransformer@727320fa to Target : CLASS {Lnet/minecraft/world/level/levelgen/PhantomSpawner;} {} {V}
[12mag2025 12:59:32.117] [main/DEBUG] [cpw.mods.modlauncher.TransformStore/MODLAUNCHER]: Adding transformer net.minecraftforge.coremod.transformer.CoreModClassTransformer@727320fa to Target : CLASS {Lnet/minecraft/server/commands/SummonCommand;} {} {V}
[12mag2025 12:59:32.117] [main/DEBUG] [cpw.mods.modlauncher.TransformStore/MODLAUNCHER]: Adding transformer net.minecraftforge.coremod.transformer.CoreModClassTransformer@727320fa to Target : CLASS {Lnet/minecraft/world/level/levelgen/structure/structures/WoodlandMansionPieces$WoodlandMansionPiece;} {} {V}
[12mag2025 12:59:32.117] [main/DEBUG] [cpw.mods.modlauncher.TransformStore/MODLAUNCHER]: Adding transformer net.minecraftforge.coremod.transformer.CoreModClassTransformer@727320fa to Target : CLASS {Lnet/minecraft/world/entity/EntityType;} {} {V}
[12mag2025 12:59:32.118] [main/DEBUG] [cpw.mods.modlauncher.TransformStore/MODLAUNCHER]: Adding transformer net.minecraftforge.coremod.transformer.CoreModClassTransformer@727320fa to Target : CLASS {Lnet/minecraft/world/level/levelgen/structure/templatesystem/StructureTemplate;} {} {V}
[12mag2025 12:59:32.118] [main/DEBUG] [cpw.mods.modlauncher.TransformStore/MODLAUNCHER]: Adding transformer net.minecraftforge.coremod.transformer.CoreModClassTransformer@727320fa to Target : CLASS {Lnet/minecraft/world/entity/ai/village/VillageSiege;} {} {V}
[12mag2025 12:59:32.118] [main/DEBUG] [cpw.mods.modlauncher.TransformStore/MODLAUNCHER]: Adding transformer net.minecraftforge.coremod.transformer.CoreModClassTransformer@727320fa to Target : CLASS {Lnet/minecraft/world/entity/monster/Strider;} {} {V}
[12mag2025 12:59:32.118] [main/DEBUG] [cpw.mods.modlauncher.TransformStore/MODLAUNCHER]: Adding transformer net.minecraftforge.coremod.transformer.CoreModClassTransformer@727320fa to Target : CLASS {Lnet/minecraft/world/level/block/entity/trialspawner/TrialSpawner;} {} {V}
[12mag2025 12:59:32.118] [main/DEBUG] [cpw.mods.modlauncher.TransformStore/MODLAUNCHER]: Adding transformer net.minecraftforge.coremod.transformer.CoreModClassTransformer@727320fa to Target : CLASS {Lnet/minecraft/world/entity/npc/Villager;} {} {V}
[12mag2025 12:59:32.118] [main/DEBUG] [cpw.mods.modlauncher.TransformStore/MODLAUNCHER]: Adding transformer net.minecraftforge.coremod.transformer.CoreModClassTransformer@727320fa to Target : CLASS {Lnet/minecraft/world/level/levelgen/structure/structures/OceanRuinPieces$OceanRuinPiece;} {} {V}
[12mag2025 12:59:32.118] [main/DEBUG] [cpw.mods.modlauncher.TransformStore/MODLAUNCHER]: Adding transformer net.minecraftforge.coremod.transformer.CoreModClassTransformer@727320fa to Target : CLASS {Lnet/minecraft/world/level/levelgen/PatrolSpawner;} {} {V}
[12mag2025 12:59:32.118] [main/DEBUG] [cpw.mods.modlauncher.TransformStore/MODLAUNCHER]: Adding transformer net.minecraftforge.coremod.transformer.CoreModClassTransformer@727320fa to Target : CLASS {Lnet/minecraft/world/level/levelgen/structure/structures/SwampHutPiece;} {} {V}
[12mag2025 12:59:32.118] [main/DEBUG] [cpw.mods.modlauncher.TransformationServiceDecorator/MODLAUNCHER]: Initialized transformers for transformation service fml
[12mag2025 12:59:32.156] [main/DEBUG] [mixin/]: Processing prepare() for PlatformAgent[MixinPlatformAgentDefault:ModLauncher Root Container(ModLauncher:4f56a0a2)]
[12mag2025 12:59:32.156] [main/DEBUG] [mixin/]: Registering mixin config: onlyhammersandexcavators.mixins.json source=null
[12mag2025 12:59:32.178] [main/DEBUG] [mixin/]: Compatibility level JAVA_8 specified by onlyhammersandexcavators.mixins.json is lower than the default level supported by the current mixin service (JAVA_16).
[12mag2025 12:59:32.179] [main/DEBUG] [mixin/]: Processing launch tasks for PlatformAgent[MixinPlatformAgentDefault:ModLauncher Root Container(ModLauncher:4f56a0a2)]
[12mag2025 12:59:32.179] [main/DEBUG] [mixin/]: Adding mixin platform agents for container SecureJarResource(mixin.synthetic)
[12mag2025 12:59:32.179] [main/DEBUG] [mixin/]: Instancing new MixinPlatformAgentMinecraftForge for SecureJarResource(mixin.synthetic)
[12mag2025 12:59:32.180] [main/DEBUG] [mixin/]: MixinPlatformAgentMinecraftForge rejected container SecureJarResource(mixin.synthetic)
[12mag2025 12:59:32.180] [main/DEBUG] [mixin/]: Instancing new MixinPlatformAgentDefault for SecureJarResource(mixin.synthetic)
[12mag2025 12:59:32.180] [main/DEBUG] [mixin/]: MixinPlatformAgentDefault accepted container SecureJarResource(mixin.synthetic)
[12mag2025 12:59:32.180] [main/DEBUG] [mixin/]: Processing prepare() for PlatformAgent[MixinPlatformAgentDefault:SecureJarResource(mixin.synthetic)]
[12mag2025 12:59:32.180] [main/DEBUG] [mixin/]: Adding mixin platform agents for container SecureJarResource(minecraft)
[12mag2025 12:59:32.181] [main/DEBUG] [mixin/]: Instancing new MixinPlatformAgentMinecraftForge for SecureJarResource(minecraft)
[12mag2025 12:59:32.181] [main/DEBUG] [mixin/]: MixinPlatformAgentMinecraftForge rejected container SecureJarResource(minecraft)
[12mag2025 12:59:32.181] [main/DEBUG] [mixin/]: Instancing new MixinPlatformAgentDefault for SecureJarResource(minecraft)
[12mag2025 12:59:32.181] [main/DEBUG] [mixin/]: MixinPlatformAgentDefault accepted container SecureJarResource(minecraft)
[12mag2025 12:59:32.181] [main/DEBUG] [mixin/]: Processing prepare() for PlatformAgent[MixinPlatformAgentDefault:SecureJarResource(minecraft)]
[12mag2025 12:59:32.181] [main/DEBUG] [mixin/]: Adding mixin platform agents for container SecureJarResource(onlyhammersandexcavators)
[12mag2025 12:59:32.181] [main/DEBUG] [mixin/]: Instancing new MixinPlatformAgentMinecraftForge for SecureJarResource(onlyhammersandexcavators)
[12mag2025 12:59:32.181] [main/DEBUG] [mixin/]: MixinPlatformAgentMinecraftForge rejected container SecureJarResource(onlyhammersandexcavators)
[12mag2025 12:59:32.181] [main/DEBUG] [mixin/]: Instancing new MixinPlatformAgentDefault for SecureJarResource(onlyhammersandexcavators)
[12mag2025 12:59:32.181] [main/DEBUG] [mixin/]: MixinPlatformAgentDefault accepted container SecureJarResource(onlyhammersandexcavators)
[12mag2025 12:59:32.181] [main/DEBUG] [mixin/]: Processing prepare() for PlatformAgent[MixinPlatformAgentDefault:SecureJarResource(onlyhammersandexcavators)]
[12mag2025 12:59:32.181] [main/DEBUG] [mixin/]: Adding mixin platform agents for container SecureJarResource(net.minecraftforge.forge)
[12mag2025 12:59:32.181] [main/DEBUG] [mixin/]: Instancing new MixinPlatformAgentMinecraftForge for SecureJarResource(net.minecraftforge.forge)
[12mag2025 12:59:32.181] [main/DEBUG] [mixin/]: MixinPlatformAgentMinecraftForge rejected container SecureJarResource(net.minecraftforge.forge)
[12mag2025 12:59:32.181] [main/DEBUG] [mixin/]: Instancing new MixinPlatformAgentDefault for SecureJarResource(net.minecraftforge.forge)
[12mag2025 12:59:32.182] [main/DEBUG] [mixin/]: MixinPlatformAgentDefault accepted container SecureJarResource(net.minecraftforge.forge)
[12mag2025 12:59:32.182] [main/DEBUG] [mixin/]: Processing prepare() for PlatformAgent[MixinPlatformAgentDefault:SecureJarResource(net.minecraftforge.forge)]
[12mag2025 12:59:32.182] [main/DEBUG] [mixin/]: Adding mixin platform agents for container SecureJarResource(jei)
[12mag2025 12:59:32.182] [main/DEBUG] [mixin/]: Instancing new MixinPlatformAgentMinecraftForge for SecureJarResource(jei)
[12mag2025 12:59:32.182] [main/DEBUG] [mixin/]: MixinPlatformAgentMinecraftForge rejected container SecureJarResource(jei)
[12mag2025 12:59:32.182] [main/DEBUG] [mixin/]: Instancing new MixinPlatformAgentDefault for SecureJarResource(jei)
[12mag2025 12:59:32.182] [main/DEBUG] [mixin/]: MixinPlatformAgentDefault accepted container SecureJarResource(jei)
[12mag2025 12:59:32.182] [main/DEBUG] [mixin/]: Processing prepare() for PlatformAgent[MixinPlatformAgentDefault:SecureJarResource(jei)]
[12mag2025 12:59:32.182] [main/DEBUG] [mixin/]: inject() running with 6 agents
[12mag2025 12:59:32.182] [main/DEBUG] [mixin/]: Processing inject() for PlatformAgent[MixinPlatformAgentDefault:ModLauncher Root Container(ModLauncher:4f56a0a2)]
[12mag2025 12:59:32.182] [main/DEBUG] [mixin/]: Processing inject() for PlatformAgent[MixinPlatformAgentDefault:SecureJarResource(mixin.synthetic)]
[12mag2025 12:59:32.182] [main/DEBUG] [mixin/]: Processing inject() for PlatformAgent[MixinPlatformAgentDefault:SecureJarResource(minecraft)]
[12mag2025 12:59:32.183] [main/DEBUG] [mixin/]: Processing inject() for PlatformAgent[MixinPlatformAgentDefault:SecureJarResource(onlyhammersandexcavators)]
[12mag2025 12:59:32.183] [main/DEBUG] [mixin/]: Processing inject() for PlatformAgent[MixinPlatformAgentDefault:SecureJarResource(net.minecraftforge.forge)]
[12mag2025 12:59:32.183] [main/DEBUG] [mixin/]: Processing inject() for PlatformAgent[MixinPlatformAgentDefault:SecureJarResource(jei)]
[12mag2025 12:59:32.183] [main/INFO] [cpw.mods.modlauncher.LaunchServiceHandler/MODLAUNCHER]: Launching target 'forge_userdev_data' with arguments [--gameDir, ., --assetsDir, C:\Users\rosar\.gradle\caches\forge_gradle\assets, --assetIndex, 17, --mod, onlyhammersandexcavators, --all, --output, D:\Programmazione\Mod\Only Hammers & Excavators\FORGE\1.21.1\src\generated\resources, --existing, D:\Programmazione\Mod\Only Hammers & Excavators\FORGE\1.21.1\src\main\resources]
[12mag2025 12:59:32.208] [main/DEBUG] [mixin/]: Preparing mixins for MixinEnvironment[DEFAULT]
[12mag2025 12:59:32.209] [main/DEBUG] [mixin/]: Selecting config onlyhammersandexcavators.mixins.json
[12mag2025 12:59:32.214] [main/WARN] [mixin/]: Reference map 'onlyhammersandexcavators.refmap.json' for onlyhammersandexcavators.mixins.json could not be read. If this is a development environment you can ignore this message
[12mag2025 12:59:32.216] [main/DEBUG] [mixin/]: Preparing onlyhammersandexcavators.mixins.json (4)
[12mag2025 12:59:32.293] [main/WARN] [mixin/]: Mixin environment was unable to detect the current side, sided mixins will not be applied
[12mag2025 12:59:32.321] [main/DEBUG] [mixin/]: Registering new injector for @Inject with org.spongepowered.asm.mixin.injection.struct.CallbackInjectionInfo
[12mag2025 12:59:32.323] [main/DEBUG] [mixin/]: Registering new injector for @ModifyArg with org.spongepowered.asm.mixin.injection.struct.ModifyArgInjectionInfo
[12mag2025 12:59:32.325] [main/DEBUG] [mixin/]: Registering new injector for @ModifyArgs with org.spongepowered.asm.mixin.injection.struct.ModifyArgsInjectionInfo
[12mag2025 12:59:32.327] [main/DEBUG] [mixin/]: Registering new injector for @Redirect with org.spongepowered.asm.mixin.injection.struct.RedirectInjectionInfo
[12mag2025 12:59:32.328] [main/DEBUG] [mixin/]: Registering new injector for @ModifyVariable with org.spongepowered.asm.mixin.injection.struct.ModifyVariableInjectionInfo
[12mag2025 12:59:32.330] [main/DEBUG] [mixin/]: Registering new injector for @ModifyConstant with org.spongepowered.asm.mixin.injection.struct.ModifyConstantInjectionInfo
[12mag2025 12:59:32.418] [main/DEBUG] [io.netty.util.internal.logging.InternalLoggerFactory/]: Using SLF4J as the default logging framework
[12mag2025 12:59:32.423] [main/DEBUG] [io.netty.util.ResourceLeakDetector/]: -Dio.netty.leakDetection.level: simple
[12mag2025 12:59:32.424] [main/DEBUG] [io.netty.util.ResourceLeakDetector/]: -Dio.netty.leakDetection.targetRecords: 4
[12mag2025 12:59:33.021] [main/DEBUG] [net.minecraftforge.coremod.transformer.CoreModBaseTransformer/COREMOD]: Transforming net/minecraft/world/entity/EntityType
[12mag2025 12:59:33.463] [main/DEBUG] [net.minecraftforge.coremod.transformer.CoreModBaseTransformer/COREMOD]: Transforming net/minecraft/world/level/block/LiquidBlock
[12mag2025 12:59:33.593] [main/DEBUG] [net.minecraftforge.coremod.transformer.CoreModBaseTransformer/COREMOD]: Transforming net/minecraft/world/level/block/FlowerPotBlock
[12mag2025 12:59:33.860] [main/DEBUG] [net.minecraftforge.coremod.transformer.CoreModBaseTransformer/COREMOD]: Transforming net/minecraft/world/effect/MobEffectInstance
[12mag2025 12:59:34.102] [main/DEBUG] [net.minecraftforge.coremod.transformer.CoreModBaseTransformer/COREMOD]: Transforming net/minecraft/world/level/biome/Biome
[12mag2025 12:59:34.456] [main/DEBUG] [net.minecraftforge.coremod.transformer.CoreModBaseTransformer/COREMOD]: Transforming net/minecraft/world/entity/animal/frog/Tadpole
[12mag2025 12:59:34.503] [main/DEBUG] [net.minecraftforge.coremod.transformer.CoreModBaseTransformer/COREMOD]: Transforming net/minecraft/world/item/BucketItem
[12mag2025 12:59:35.222] [main/DEBUG] [net.minecraftforge.coremod.transformer.CoreModBaseTransformer/COREMOD]: Transforming net/minecraft/world/entity/monster/Spider
[12mag2025 12:59:35.257] [main/DEBUG] [net.minecraftforge.coremod.transformer.CoreModBaseTransformer/COREMOD]: Transforming net/minecraft/world/entity/monster/Zombie
[12mag2025 12:59:35.273] [main/DEBUG] [net.minecraftforge.coremod.transformer.CoreModBaseTransformer/COREMOD]: Transforming net/minecraft/world/entity/monster/ZombieVillager
[12mag2025 12:59:35.314] [main/DEBUG] [net.minecraftforge.coremod.transformer.CoreModBaseTransformer/COREMOD]: Transforming net/minecraft/world/entity/monster/Evoker$EvokerSummonSpellGoal
[12mag2025 12:59:35.407] [main/DEBUG] [net.minecraftforge.coremod.transformer.CoreModBaseTransformer/COREMOD]: Transforming net/minecraft/world/entity/animal/horse/SkeletonTrapGoal
[12mag2025 12:59:35.416] [main/DEBUG] [net.minecraftforge.coremod.transformer.CoreModBaseTransformer/COREMOD]: Transforming net/minecraft/world/entity/monster/Strider
[12mag2025 12:59:35.442] [main/DEBUG] [net.minecraftforge.coremod.transformer.CoreModBaseTransformer/COREMOD]: Transforming net/minecraft/world/entity/npc/Villager
[12mag2025 12:59:36.093] [main/DEBUG] [net.minecraftforge.coremod.transformer.CoreModBaseTransformer/COREMOD]: Transforming net/minecraft/world/level/levelgen/structure/structures/OceanRuinPieces$OceanRuinPiece
[12mag2025 12:59:36.098] [main/DEBUG] [net.minecraftforge.coremod.transformer.CoreModBaseTransformer/COREMOD]: Transforming net/minecraft/world/level/levelgen/structure/structures/SwampHutPiece
[12mag2025 12:59:36.106] [main/DEBUG] [net.minecraftforge.coremod.transformer.CoreModBaseTransformer/COREMOD]: Transforming net/minecraft/world/level/levelgen/structure/structures/OceanMonumentPieces$OceanMonumentPiece
[12mag2025 12:59:36.119] [main/DEBUG] [net.minecraftforge.coremod.transformer.CoreModBaseTransformer/COREMOD]: Transforming net/minecraft/world/level/levelgen/structure/structures/WoodlandMansionPieces$WoodlandMansionPiece
[12mag2025 12:59:36.529] [main/DEBUG] [net.minecraftforge.registries.GameData/REGISTRIES]: Creating vanilla freeze snapshot
[12mag2025 12:59:36.531] [main/DEBUG] [net.minecraftforge.registries.ForgeRegistry/REGISTRIES]: Registry minecraft:block Sync: VANILLA -> ACTIVE
[12mag2025 12:59:36.544] [main/DEBUG] [net.minecraftforge.registries.ForgeRegistry/REGISTRIES]: Registry minecraft:fluid Sync: VANILLA -> ACTIVE
[12mag2025 12:59:36.545] [main/DEBUG] [net.minecraftforge.registries.ForgeRegistry/REGISTRIES]: Registry minecraft:item Sync: VANILLA -> ACTIVE
[12mag2025 12:59:36.551] [main/DEBUG] [net.minecraftforge.registries.ForgeRegistry/REGISTRIES]: Registry minecraft:mob_effect Sync: VANILLA -> ACTIVE
[12mag2025 12:59:36.551] [main/DEBUG] [net.minecraftforge.registries.ForgeRegistry/REGISTRIES]: Registry minecraft:sound_event Sync: VANILLA -> ACTIVE
[12mag2025 12:59:36.568] [main/DEBUG] [net.minecraftforge.registries.ForgeRegistry/REGISTRIES]: Registry minecraft:potion Sync: VANILLA -> ACTIVE
[12mag2025 12:59:36.568] [main/DEBUG] [net.minecraftforge.registries.ForgeRegistry/REGISTRIES]: Registry minecraft:entity_type Sync: VANILLA -> ACTIVE
[12mag2025 12:59:36.569] [main/DEBUG] [net.minecraftforge.registries.ForgeRegistry/REGISTRIES]: Registry minecraft:block_entity_type Sync: VANILLA -> ACTIVE
[12mag2025 12:59:36.569] [main/DEBUG] [net.minecraftforge.registries.ForgeRegistry/REGISTRIES]: Registry minecraft:particle_type Sync: VANILLA -> ACTIVE
[12mag2025 12:59:36.571] [main/DEBUG] [net.minecraftforge.registries.ForgeRegistry/REGISTRIES]: Registry minecraft:menu Sync: VANILLA -> ACTIVE
[12mag2025 12:59:36.571] [main/DEBUG] [net.minecraftforge.registries.ForgeRegistry/REGISTRIES]: Registry minecraft:painting_variant Sync: VANILLA -> ACTIVE
[12mag2025 12:59:36.571] [main/DEBUG] [net.minecraftforge.registries.ForgeRegistry/REGISTRIES]: Registry minecraft:recipe_type Sync: VANILLA -> ACTIVE
[12mag2025 12:59:36.571] [main/DEBUG] [net.minecraftforge.registries.ForgeRegistry/REGISTRIES]: Registry minecraft:recipe_serializer Sync: VANILLA -> ACTIVE
[12mag2025 12:59:36.572] [main/DEBUG] [net.minecraftforge.registries.ForgeRegistry/REGISTRIES]: Registry minecraft:attribute Sync: VANILLA -> ACTIVE
[12mag2025 12:59:36.572] [main/DEBUG] [net.minecraftforge.registries.ForgeRegistry/REGISTRIES]: Registry minecraft:stat_type Sync: VANILLA -> ACTIVE
[12mag2025 12:59:36.572] [main/DEBUG] [net.minecraftforge.registries.ForgeRegistry/REGISTRIES]: Registry minecraft:command_argument_type Sync: VANILLA -> ACTIVE
[12mag2025 12:59:36.573] [main/DEBUG] [net.minecraftforge.registries.ForgeRegistry/REGISTRIES]: Registry minecraft:data_component_type Sync: VANILLA -> ACTIVE
[12mag2025 12:59:36.573] [main/DEBUG] [net.minecraftforge.registries.ForgeRegistry/REGISTRIES]: Registry minecraft:villager_profession Sync: VANILLA -> ACTIVE
[12mag2025 12:59:36.574] [main/DEBUG] [net.minecraftforge.registries.ForgeRegistry/REGISTRIES]: Registry minecraft:point_of_interest_type Sync: VANILLA -> ACTIVE
[12mag2025 12:59:36.575] [main/DEBUG] [net.minecraftforge.registries.ForgeRegistry/REGISTRIES]: Registry minecraft:memory_module_type Sync: VANILLA -> ACTIVE
[12mag2025 12:59:36.576] [main/DEBUG] [net.minecraftforge.registries.ForgeRegistry/REGISTRIES]: Registry minecraft:sensor_type Sync: VANILLA -> ACTIVE
[12mag2025 12:59:36.576] [main/DEBUG] [net.minecraftforge.registries.ForgeRegistry/REGISTRIES]: Registry minecraft:schedule Sync: VANILLA -> ACTIVE
[12mag2025 12:59:36.576] [main/DEBUG] [net.minecraftforge.registries.ForgeRegistry/REGISTRIES]: Registry minecraft:activity Sync: VANILLA -> ACTIVE
[12mag2025 12:59:36.576] [main/DEBUG] [net.minecraftforge.registries.ForgeRegistry/REGISTRIES]: Registry minecraft:worldgen/carver Sync: VANILLA -> ACTIVE
[12mag2025 12:59:36.576] [main/DEBUG] [net.minecraftforge.registries.ForgeRegistry/REGISTRIES]: Registry minecraft:worldgen/feature Sync: VANILLA -> ACTIVE
[12mag2025 12:59:36.577] [main/DEBUG] [net.minecraftforge.registries.ForgeRegistry/REGISTRIES]: Registry minecraft:chunk_status Sync: VANILLA -> ACTIVE
[12mag2025 12:59:36.577] [main/DEBUG] [net.minecraftforge.registries.ForgeRegistry/REGISTRIES]: Registry minecraft:worldgen/block_state_provider_type Sync: VANILLA -> ACTIVE
[12mag2025 12:59:36.577] [main/DEBUG] [net.minecraftforge.registries.ForgeRegistry/REGISTRIES]: Registry minecraft:worldgen/foliage_placer_type Sync: VANILLA -> ACTIVE
[12mag2025 12:59:36.578] [main/DEBUG] [net.minecraftforge.registries.ForgeRegistry/REGISTRIES]: Registry minecraft:worldgen/tree_decorator_type Sync: VANILLA -> ACTIVE
[12mag2025 12:59:36.578] [main/DEBUG] [net.minecraftforge.registries.ForgeRegistry/REGISTRIES]: Registry minecraft:worldgen/biome Sync: VANILLA -> ACTIVE
[12mag2025 12:59:36.582] [main/DEBUG] [net.minecraftforge.registries.GameData/REGISTRIES]: Vanilla freeze snapshot created
[12mag2025 12:59:36.584] [main/DEBUG] [net.minecraftforge.fml.ModWorkManager/LOADING]: Using 16 threads for parallel mod-loading
[12mag2025 12:59:36.596] [main/DEBUG] [net.minecraftforge.fml.javafmlmod.FMLJavaModLanguageProvider/LOADING]: Loading FMLModContainer from classloader TransformingClassLoader[TRANSFORMER]@1902499120 - got SecureModuleClassLoader[LAYER PLUGIN]@87845070
[12mag2025 12:59:36.598] [main/DEBUG] [net.minecraftforge.fml.javafmlmod.FMLModContainer/LOADING]: Creating FMLModContainer instance for com.blocklegend001.onlyhammersandexcavators.OnlyHammersAndExcavators
[12mag2025 12:59:36.603] [main/DEBUG] [net.minecraftforge.fml.javafmlmod.FMLModContainer/LOADING]: Loaded modclass onlyhammersandexcavators/com.blocklegend001.onlyhammersandexcavators.OnlyHammersAndExcavators with TransformingClassLoader[TRANSFORMER]@1902499120
[12mag2025 12:59:36.603] [main/DEBUG] [net.minecraftforge.fml.javafmlmod.FMLJavaModLanguageProvider/LOADING]: Loading FMLModContainer from classloader TransformingClassLoader[TRANSFORMER]@1902499120 - got SecureModuleClassLoader[LAYER PLUGIN]@87845070
[12mag2025 12:59:36.603] [main/DEBUG] [net.minecraftforge.fml.javafmlmod.FMLModContainer/LOADING]: Creating FMLModContainer instance for net.minecraftforge.common.ForgeMod
[12mag2025 12:59:36.606] [main/DEBUG] [net.minecraftforge.fml.javafmlmod.FMLModContainer/LOADING]: Loaded modclass net.minecraftforge.forge/net.minecraftforge.common.ForgeMod with TransformingClassLoader[TRANSFORMER]@1902499120
[12mag2025 12:59:36.607] [main/DEBUG] [net.minecraftforge.fml.javafmlmod.FMLJavaModLanguageProvider/LOADING]: Loading FMLModContainer from classloader TransformingClassLoader[TRANSFORMER]@1902499120 - got SecureModuleClassLoader[LAYER PLUGIN]@87845070
[12mag2025 12:59:36.607] [main/DEBUG] [net.minecraftforge.fml.javafmlmod.FMLModContainer/LOADING]: Creating FMLModContainer instance for mezz.jei.forge.JustEnoughItems
[12mag2025 12:59:36.607] [main/DEBUG] [net.minecraftforge.fml.javafmlmod.FMLModContainer/LOADING]: Loaded modclass jei/mezz.jei.forge.JustEnoughItems with TransformingClassLoader[TRANSFORMER]@1902499120
[12mag2025 12:59:36.660] [modloading-worker-0/DEBUG] [net.minecraftforge.versions.forge.ForgeVersion/CORE]: Forge Version package package net.minecraftforge.versions.forge, Forge, version 0.0 from TransformingClassLoader[TRANSFORMER]@1902499120
[12mag2025 12:59:36.660] [modloading-worker-0/DEBUG] [net.minecraftforge.versions.forge.ForgeVersion/CORE]: Found Forge version 52.1.0
[12mag2025 12:59:36.660] [modloading-worker-0/DEBUG] [net.minecraftforge.versions.forge.ForgeVersion/CORE]: Found Forge spec 0.0
[12mag2025 12:59:36.660] [modloading-worker-0/DEBUG] [net.minecraftforge.versions.forge.ForgeVersion/CORE]: Found Forge group net.minecraftforge
[12mag2025 12:59:36.661] [modloading-worker-0/DEBUG] [net.minecraftforge.fml.config.ConfigTracker/CONFIG]: Config file onlyhammersandexcavators.toml for onlyhammersandexcavators tracking
[12mag2025 12:59:36.661] [modloading-worker-0/DEBUG] [net.minecraftforge.fml.config.ConfigTracker/CONFIG]: Config file jei-server.toml for jei tracking
[12mag2025 12:59:36.661] [modloading-worker-0/DEBUG] [net.minecraftforge.versions.mcp.MCPVersion/CORE]: MCP Version package package net.minecraftforge.versions.mcp, Minecraft, version 1.21.1 from TransformingClassLoader[TRANSFORMER]@1902499120
[12mag2025 12:59:36.661] [modloading-worker-0/DEBUG] [net.minecraftforge.versions.mcp.MCPVersion/CORE]: Found MC version information 1.21.1
[12mag2025 12:59:36.661] [modloading-worker-0/DEBUG] [net.minecraftforge.versions.mcp.MCPVersion/CORE]: Found MCP version information 20240808.132146
[12mag2025 12:59:36.662] [modloading-worker-0/INFO] [net.minecraftforge.common.ForgeMod/FORGEMOD]: Forge mod loading, version 52.1.0, for MC 1.21.1 with MCP 20240808.132146
[12mag2025 12:59:36.662] [modloading-worker-0/INFO] [net.minecraftforge.common.MinecraftForge/FORGE]: MinecraftForge v52.1.0 Initialized
[12mag2025 12:59:36.710] [modloading-worker-0/DEBUG] [net.minecraftforge.fml.javafmlmod.AutomaticEventSubscriber/LOADING]: Attempting to inject @EventBusSubscriber classes into the eventbus for onlyhammersandexcavators
[12mag2025 12:59:36.713] [modloading-worker-0/INFO] [net.minecraftforge.common.ForgeMod/FORGEMOD]: Opening jdk.naming.dns/com.sun.jndi.dns to java.naming
[12mag2025 12:59:36.715] [modloading-worker-0/DEBUG] [net.minecraftforge.fml.javafmlmod.AutomaticEventSubscriber/LOADING]: Auto-subscribing com.blocklegend001.onlyhammersandexcavators.datagen.DataGenerators to MOD
[12mag2025 12:59:36.722] [modloading-worker-0/DEBUG] [net.minecraftforge.fml.javafmlmod.AutomaticEventSubscriber/LOADING]: Auto-subscribing com.blocklegend001.onlyhammersandexcavators.event.ClientEvents to FORGE
[12mag2025 12:59:36.726] [modloading-worker-0/DEBUG] [net.minecraftforge.fml.javafmlmod.AutomaticEventSubscriber/LOADING]: Auto-subscribing com.blocklegend001.onlyhammersandexcavators.event.ModEventsExcavator to FORGE
[12mag2025 12:59:36.729] [modloading-worker-0/DEBUG] [net.minecraftforge.fml.javafmlmod.AutomaticEventSubscriber/LOADING]: Auto-subscribing com.blocklegend001.onlyhammersandexcavators.event.ModEventsHammer to FORGE
[12mag2025 12:59:36.730] [modloading-worker-0/DEBUG] [net.minecraftforge.fml.javafmlmod.AutomaticEventSubscriber/LOADING]: Auto-subscribing com.blocklegend001.onlyhammersandexcavators.utils.OverlayRenderer to FORGE
[12mag2025 12:59:36.744] [modloading-worker-0/DEBUG] [io.netty.util.internal.PlatformDependent0/]: -Dio.netty.noUnsafe: false
[12mag2025 12:59:36.744] [modloading-worker-0/DEBUG] [io.netty.util.internal.PlatformDependent0/]: Java version: 21
[12mag2025 12:59:36.745] [modloading-worker-0/DEBUG] [io.netty.util.internal.PlatformDependent0/]: sun.misc.Unsafe.theUnsafe: available
[12mag2025 12:59:36.746] [modloading-worker-0/DEBUG] [io.netty.util.internal.PlatformDependent0/]: sun.misc.Unsafe.copyMemory: available
[12mag2025 12:59:36.747] [modloading-worker-0/DEBUG] [io.netty.util.internal.PlatformDependent0/]: sun.misc.Unsafe.storeFence: available
[12mag2025 12:59:36.747] [modloading-worker-0/DEBUG] [io.netty.util.internal.PlatformDependent0/]: java.nio.Buffer.address: available
[12mag2025 12:59:36.758] [modloading-worker-0/DEBUG] [mezz.jei.common.platform.Services/]: Loaded mezz.jei.forge.platform.PlatformHelper@2e0df2e6 for service interface mezz.jei.common.platform.IPlatformHelper
[12mag2025 12:59:36.748] [modloading-worker-0/DEBUG] [io.netty.util.internal.PlatformDependent0/]: direct buffer constructor: unavailable
java.lang.UnsupportedOperationException: Reflective setAccessible(true) disabled
	at SECURE-BOOTSTRAP/io.netty.common@4.1.97.Final/io.netty.util.internal.ReflectionUtil.trySetAccessible(ReflectionUtil.java:31) ~[netty-common-4.1.97.Final.jar:4.1.97.Final]
	at SECURE-BOOTSTRAP/io.netty.common@4.1.97.Final/io.netty.util.internal.PlatformDependent0$5.run(PlatformDependent0.java:289) ~[netty-common-4.1.97.Final.jar:4.1.97.Final]
	at java.base/java.security.AccessController.doPrivileged(AccessController.java:319) ~[?:?]
	at SECURE-BOOTSTRAP/io.netty.common@4.1.97.Final/io.netty.util.internal.PlatformDependent0.<clinit>(PlatformDependent0.java:282) ~[netty-common-4.1.97.Final.jar:4.1.97.Final]
	at SECURE-BOOTSTRAP/io.netty.common@4.1.97.Final/io.netty.util.internal.PlatformDependent.isAndroid(PlatformDependent.java:333) ~[netty-common-4.1.97.Final.jar:4.1.97.Final]
	at SECURE-BOOTSTRAP/io.netty.common@4.1.97.Final/io.netty.util.internal.PlatformDependent.<clinit>(PlatformDependent.java:88) ~[netty-common-4.1.97.Final.jar:4.1.97.Final]
	at SECURE-BOOTSTRAP/io.netty.common@4.1.97.Final/io.netty.util.ConstantPool.<init>(ConstantPool.java:34) ~[netty-common-4.1.97.Final.jar:4.1.97.Final]
	at SECURE-BOOTSTRAP/io.netty.common@4.1.97.Final/io.netty.util.AttributeKey$1.<init>(AttributeKey.java:27) ~[netty-common-4.1.97.Final.jar:4.1.97.Final]
	at SECURE-BOOTSTRAP/io.netty.common@4.1.97.Final/io.netty.util.AttributeKey.<clinit>(AttributeKey.java:27) ~[netty-common-4.1.97.Final.jar:4.1.97.Final]
	at TRANSFORMER/net.minecraftforge.forge@52.1.0/net.minecraftforge.network.NetworkInitialization.<clinit>(NetworkInitialization.java:27) ~[forge-1.21.1-52.1.0_mapped_official_1.21.1.jar:?]
	at TRANSFORMER/net.minecraftforge.forge@52.1.0/net.minecraftforge.common.ForgeMod.<init>(ForgeMod.java:381) ~[forge-1.21.1-52.1.0_mapped_official_1.21.1.jar:?]
	at java.base/jdk.internal.reflect.DirectConstructorHandleAccessor.newInstance(DirectConstructorHandleAccessor.java:62) ~[?:?]
	at java.base/java.lang.reflect.Constructor.newInstanceWithCaller(Constructor.java:502) ~[?:?]
	at java.base/java.lang.reflect.Constructor.newInstance(Constructor.java:486) ~[?:?]
	at LAYER PLUGIN/net.minecraftforge.javafmlmod@1.21.1-52.1.0/net.minecraftforge.fml.javafmlmod.FMLModContainer.constructMod(FMLModContainer.java:145) ~[javafmllanguage-1.21.1-52.1.0.jar!/:52.1.0]
	at LAYER PLUGIN/net.minecraftforge.fmlcore@1.21.1-52.1.0/net.minecraftforge.fml.ModContainer.lambda$buildTransitionHandler$5(ModContainer.java:125) ~[fmlcore-1.21.1-52.1.0.jar!/:1.0]
	at java.base/java.util.concurrent.CompletableFuture$AsyncRun.run(CompletableFuture.java:1804) [?:?]
	at java.base/java.util.concurrent.CompletableFuture$AsyncRun.exec(CompletableFuture.java:1796) [?:?]
	at java.base/java.util.concurrent.ForkJoinTask.doExec(ForkJoinTask.java:387) [?:?]
	at java.base/java.util.concurrent.ForkJoinPool$WorkQueue.topLevelExec(ForkJoinPool.java:1312) [?:?]
	at java.base/java.util.concurrent.ForkJoinPool.scan(ForkJoinPool.java:1843) [?:?]
	at java.base/java.util.concurrent.ForkJoinPool.runWorker(ForkJoinPool.java:1808) [?:?]
	at java.base/java.util.concurrent.ForkJoinWorkerThread.run(ForkJoinWorkerThread.java:188) [?:?]
[12mag2025 12:59:36.772] [modloading-worker-0/DEBUG] [io.netty.util.internal.PlatformDependent0/]: java.nio.Bits.unaligned: available, true
[12mag2025 12:59:36.773] [modloading-worker-0/DEBUG] [io.netty.util.internal.PlatformDependent0/]: jdk.internal.misc.Unsafe.allocateUninitializedArray(int): unavailable
java.lang.IllegalAccessException: class io.netty.util.internal.PlatformDependent0$7 (in module io.netty.common) cannot access class jdk.internal.misc.Unsafe (in module java.base) because module java.base does not export jdk.internal.misc to module io.netty.common
	at java.base/jdk.internal.reflect.Reflection.newIllegalAccessException(Reflection.java:394) ~[?:?]
	at java.base/java.lang.reflect.AccessibleObject.checkAccess(AccessibleObject.java:714) ~[?:?]
	at java.base/java.lang.reflect.Method.invoke(Method.java:571) ~[?:?]
	at SECURE-BOOTSTRAP/io.netty.common@4.1.97.Final/io.netty.util.internal.PlatformDependent0$7.run(PlatformDependent0.java:411) ~[netty-common-4.1.97.Final.jar:4.1.97.Final]
	at java.base/java.security.AccessController.doPrivileged(AccessController.java:319) ~[?:?]
	at SECURE-BOOTSTRAP/io.netty.common@4.1.97.Final/io.netty.util.internal.PlatformDependent0.<clinit>(PlatformDependent0.java:402) ~[netty-common-4.1.97.Final.jar:4.1.97.Final]
	at SECURE-BOOTSTRAP/io.netty.common@4.1.97.Final/io.netty.util.internal.PlatformDependent.isAndroid(PlatformDependent.java:333) ~[netty-common-4.1.97.Final.jar:4.1.97.Final]
	at SECURE-BOOTSTRAP/io.netty.common@4.1.97.Final/io.netty.util.internal.PlatformDependent.<clinit>(PlatformDependent.java:88) ~[netty-common-4.1.97.Final.jar:4.1.97.Final]
	at SECURE-BOOTSTRAP/io.netty.common@4.1.97.Final/io.netty.util.ConstantPool.<init>(ConstantPool.java:34) ~[netty-common-4.1.97.Final.jar:4.1.97.Final]
	at SECURE-BOOTSTRAP/io.netty.common@4.1.97.Final/io.netty.util.AttributeKey$1.<init>(AttributeKey.java:27) ~[netty-common-4.1.97.Final.jar:4.1.97.Final]
	at SECURE-BOOTSTRAP/io.netty.common@4.1.97.Final/io.netty.util.AttributeKey.<clinit>(AttributeKey.java:27) ~[netty-common-4.1.97.Final.jar:4.1.97.Final]
	at TRANSFORMER/net.minecraftforge.forge@52.1.0/net.minecraftforge.network.NetworkInitialization.<clinit>(NetworkInitialization.java:27) ~[forge-1.21.1-52.1.0_mapped_official_1.21.1.jar:?]
	at TRANSFORMER/net.minecraftforge.forge@52.1.0/net.minecraftforge.common.ForgeMod.<init>(ForgeMod.java:381) ~[forge-1.21.1-52.1.0_mapped_official_1.21.1.jar:?]
	at java.base/jdk.internal.reflect.DirectConstructorHandleAccessor.newInstance(DirectConstructorHandleAccessor.java:62) ~[?:?]
	at java.base/java.lang.reflect.Constructor.newInstanceWithCaller(Constructor.java:502) ~[?:?]
	at java.base/java.lang.reflect.Constructor.newInstance(Constructor.java:486) ~[?:?]
	at LAYER PLUGIN/net.minecraftforge.javafmlmod@1.21.1-52.1.0/net.minecraftforge.fml.javafmlmod.FMLModContainer.constructMod(FMLModContainer.java:145) ~[javafmllanguage-1.21.1-52.1.0.jar!/:52.1.0]
	at LAYER PLUGIN/net.minecraftforge.fmlcore@1.21.1-52.1.0/net.minecraftforge.fml.ModContainer.lambda$buildTransitionHandler$5(ModContainer.java:125) ~[fmlcore-1.21.1-52.1.0.jar!/:1.0]
	at java.base/java.util.concurrent.CompletableFuture$AsyncRun.run(CompletableFuture.java:1804) [?:?]
	at java.base/java.util.concurrent.CompletableFuture$AsyncRun.exec(CompletableFuture.java:1796) [?:?]
	at java.base/java.util.concurrent.ForkJoinTask.doExec(ForkJoinTask.java:387) [?:?]
	at java.base/java.util.concurrent.ForkJoinPool$WorkQueue.topLevelExec(ForkJoinPool.java:1312) [?:?]
	at java.base/java.util.concurrent.ForkJoinPool.scan(ForkJoinPool.java:1843) [?:?]
	at java.base/java.util.concurrent.ForkJoinPool.runWorker(ForkJoinPool.java:1808) [?:?]
	at java.base/java.util.concurrent.ForkJoinWorkerThread.run(ForkJoinWorkerThread.java:188) [?:?]
[12mag2025 12:59:36.775] [modloading-worker-0/DEBUG] [io.netty.util.internal.PlatformDependent0/]: java.nio.DirectByteBuffer.<init>(long, {int,long}): unavailable
[12mag2025 12:59:36.775] [modloading-worker-0/DEBUG] [io.netty.util.internal.PlatformDependent/]: sun.misc.Unsafe: available
[12mag2025 12:59:36.776] [modloading-worker-0/DEBUG] [io.netty.util.internal.PlatformDependent/]: maxDirectMemory: 4219469824 bytes (maybe)
[12mag2025 12:59:36.776] [modloading-worker-0/DEBUG] [io.netty.util.internal.PlatformDependent/]: -Dio.netty.tmpdir: C:\Users\rosar\AppData\Local\Temp (java.io.tmpdir)
[12mag2025 12:59:36.776] [modloading-worker-0/DEBUG] [io.netty.util.internal.PlatformDependent/]: -Dio.netty.bitMode: 64 (sun.arch.data.model)
[12mag2025 12:59:36.776] [modloading-worker-0/DEBUG] [io.netty.util.internal.PlatformDependent/]: Platform: Windows
[12mag2025 12:59:36.778] [modloading-worker-0/DEBUG] [io.netty.util.internal.PlatformDependent/]: -Dio.netty.maxDirectMemory: -1 bytes
[12mag2025 12:59:36.778] [modloading-worker-0/DEBUG] [io.netty.util.internal.PlatformDependent/]: -Dio.netty.uninitializedArrayAllocationThreshold: -1
[12mag2025 12:59:36.779] [modloading-worker-0/DEBUG] [io.netty.util.internal.CleanerJava9/]: java.nio.ByteBuffer.cleaner(): available
[12mag2025 12:59:36.780] [modloading-worker-0/DEBUG] [io.netty.util.internal.PlatformDependent/]: -Dio.netty.noPreferDirect: false
[12mag2025 12:59:36.800] [modloading-worker-0/DEBUG] [net.minecraftforge.network.NetworkInitialization/FORGE_NETWORK]: Registering Network forge:login v0
[12mag2025 12:59:36.800] [modloading-worker-0/DEBUG] [net.minecraftforge.network.NetworkInitialization/FORGE_NETWORK]: Registering Network forge:handshake v0
[12mag2025 12:59:36.800] [modloading-worker-0/DEBUG] [net.minecraftforge.network.NetworkInitialization/FORGE_NETWORK]: Registering Network forge:handshake v0
[12mag2025 12:59:36.800] [modloading-worker-0/DEBUG] [net.minecraftforge.network.NetworkInitialization/FORGE_NETWORK]: Registering Network forge:channel_registration v0
[12mag2025 12:59:36.810] [modloading-worker-0/DEBUG] [net.minecraftforge.fml.config.ConfigTracker/CONFIG]: Config file forge-client.toml for forge tracking
[12mag2025 12:59:36.810] [modloading-worker-0/DEBUG] [net.minecraftforge.fml.config.ConfigTracker/CONFIG]: Config file forge-server.toml for forge tracking
[12mag2025 12:59:36.811] [modloading-worker-0/DEBUG] [net.minecraftforge.fml.config.ConfigTracker/CONFIG]: Config file forge-common.toml for forge tracking
[12mag2025 12:59:36.830] [modloading-worker-0/DEBUG] [net.minecraftforge.fml.javafmlmod.AutomaticEventSubscriber/LOADING]: Attempting to inject @EventBusSubscriber classes into the eventbus for forge
[12mag2025 12:59:36.831] [modloading-worker-0/DEBUG] [net.minecraftforge.fml.javafmlmod.AutomaticEventSubscriber/LOADING]: Auto-subscribing net.minecraftforge.common.ForgeSpawnEggItem$CommonHandler to MOD
[12mag2025 12:59:36.833] [modloading-worker-0/DEBUG] [net.minecraftforge.fml.javafmlmod.AutomaticEventSubscriber/LOADING]: Auto-subscribing net.minecraftforge.common.ForgeSpawnEggItem$ColorRegisterHandler to MOD
[12mag2025 12:59:36.835] [modloading-worker-0/DEBUG] [net.minecraftforge.fml.javafmlmod.AutomaticEventSubscriber/LOADING]: Auto-subscribing net.minecraftforge.client.model.data.ModelDataManager to FORGE
[12mag2025 12:59:36.836] [modloading-worker-0/DEBUG] [net.minecraftforge.fml.javafmlmod.AutomaticEventSubscriber/LOADING]: Auto-subscribing net.minecraftforge.client.ForgeHooksClient$ClientEvents to MOD
[12mag2025 12:59:36.841] [modloading-worker-0/DEBUG] [mezz.jei.common.config.file.ConfigSerializer/]: Loading config file: D:\Programmazione\Mod\Only Hammers & Excavators\FORGE\1.21.1\run-data\config\jei\jei-debug.ini
[12mag2025 12:59:36.844] [modloading-worker-0/DEBUG] [net.minecraftforge.fml.javafmlmod.AutomaticEventSubscriber/LOADING]: Auto-subscribing net.minecraftforge.client.ClientForgeMod to MOD
[12mag2025 12:59:36.855] [modloading-worker-0/ERROR] [mezz.jei.common.config.file.ConfigSerializer/]: 'DebugMode' is not a valid config key for config category 'debug'.
Valid keys: [debugMode, debugGuis, debugInputs, debugInfoTooltipsEnabled, crashingTestItemsEnabled, logSuffixTreeStats]
Skipping this key.
Config file: D:\Programmazione\Mod\Only Hammers & Excavators\FORGE\1.21.1\run-data\config\jei\jei-debug.ini
Line #5: "	DebugMode = false"
[12mag2025 12:59:36.855] [modloading-worker-0/ERROR] [mezz.jei.common.config.file.ConfigSerializer/]: 'DebugGuis' is not a valid config key for config category 'debug'.
Valid keys: [debugMode, debugGuis, debugInputs, debugInfoTooltipsEnabled, crashingTestItemsEnabled, logSuffixTreeStats]
Skipping this key.
Config file: D:\Programmazione\Mod\Only Hammers & Excavators\FORGE\1.21.1\run-data\config\jei\jei-debug.ini
Line #10: "	DebugGuis = false"
[12mag2025 12:59:36.855] [modloading-worker-0/ERROR] [mezz.jei.common.config.file.ConfigSerializer/]: 'DebugInputs' is not a valid config key for config category 'debug'.
Valid keys: [debugMode, debugGuis, debugInputs, debugInfoTooltipsEnabled, crashingTestItemsEnabled, logSuffixTreeStats]
Skipping this key.
Config file: D:\Programmazione\Mod\Only Hammers & Excavators\FORGE\1.21.1\run-data\config\jei\jei-debug.ini
Line #15: "	DebugInputs = false"
[12mag2025 12:59:36.856] [modloading-worker-0/ERROR] [mezz.jei.common.config.file.ConfigSerializer/]: 'CrashingTestItemsEnabled' is not a valid config key for config category 'debug'.
Valid keys: [debugMode, debugGuis, debugInputs, debugInfoTooltipsEnabled, crashingTestItemsEnabled, logSuffixTreeStats]
Skipping this key.
Config file: D:\Programmazione\Mod\Only Hammers & Excavators\FORGE\1.21.1\run-data\config\jei\jei-debug.ini
Line #25: "	CrashingTestItemsEnabled = false"
[12mag2025 12:59:36.857] [modloading-worker-0/DEBUG] [mezz.jei.common.config.file.ConfigSchema/]: Localization has not loaded yet, waiting to save the config file until JEI starts.
[12mag2025 12:59:36.861] [modloading-worker-0/DEBUG] [mezz.jei.common.config.file.ConfigSerializer/]: Loading config file: D:\Programmazione\Mod\Only Hammers & Excavators\FORGE\1.21.1\run-data\config\jei\jei-mod-id-format.ini
[12mag2025 12:59:36.877] [modloading-worker-0/ERROR] [mezz.jei.common.config.file.ConfigSerializer/]: '[modname]' is not a valid category name.
Valid names are: [modName]
Skipping all values until the first valid category is declared.
Config file: D:\Programmazione\Mod\Only Hammers & Excavators\FORGE\1.21.1\run-data\config\jei\jei-mod-id-format.ini
Line #1: "[modname]"
[12mag2025 12:59:36.877] [modloading-worker-0/ERROR] [mezz.jei.common.config.file.ConfigSerializer/]: Expected a '[category]' here.
Configs must start with a category before defining values.
Skipping all lines until the first valid category is declared.
Config file: D:\Programmazione\Mod\Only Hammers & Excavators\FORGE\1.21.1\run-data\config\jei\jei-mod-id-format.ini
Line #9: "	ModNameFormat = blue italic"
[12mag2025 12:59:36.879] [modloading-worker-0/DEBUG] [mezz.jei.common.config.file.ConfigSchema/]: Localization has not loaded yet, waiting to save the config file until JEI starts.
[12mag2025 12:59:36.881] [modloading-worker-0/DEBUG] [mezz.jei.common.config.file.ConfigSerializer/]: Loading config file: D:\Programmazione\Mod\Only Hammers & Excavators\FORGE\1.21.1\run-data\config\jei\jei-colors.ini
[12mag2025 12:59:36.882] [modloading-worker-0/ERROR] [mezz.jei.common.config.file.ConfigSerializer/]: 'SearchColors' is not a valid config key for config category 'colors'.
Valid keys: [searchColors]
Skipping this key.
Config file: D:\Programmazione\Mod\Only Hammers & Excavators\FORGE\1.21.1\run-data\config\jei\jei-colors.ini
Line #6: "	SearchColors = White:EEEEEE, LightBlue:7492CC, Cyan:00EEEE, Blue:2222DD, LapisBlue:25418B, Teal:008080, Yellow:CACB58, GoldenYellow:EED700, Orange:D97634, Pink:D1899D, HotPink:FC0FC0, Magenta:B24BBB, Purple:813EB9, EvilPurple:2E1649, Lavender:B57EDC, Indigo:480082, Sand:DBD3A0, Tan:BB9B63, LightBrown:A0522D, Brown:634B33, DarkBrown:3A2D13, LimeGreen:43B239, SlimeGreen:83CB73, Green:008000, DarkGreen:224D22, GrassGreen:548049, Red:963430, BrickRed:B0604B, NetherBrick:2A1516, Redstone:CE3E36, Black:181515, CharcoalGray:464646, IronGray:646464, Gray:808080, Silver:C0C0C0"
[12mag2025 12:59:36.882] [modloading-worker-0/DEBUG] [mezz.jei.common.config.file.ConfigSchema/]: Localization has not loaded yet, waiting to save the config file until JEI starts.
[12mag2025 12:59:36.888] [modloading-worker-0/DEBUG] [mezz.jei.common.config.file.ConfigSerializer/]: Loading config file: D:\Programmazione\Mod\Only Hammers & Excavators\FORGE\1.21.1\run-data\config\jei\jei-client.ini
[12mag2025 12:59:36.907] [modloading-worker-0/ERROR] [mezz.jei.common.config.file.ConfigSerializer/]: 'CenterSearch' is not a valid config key for config category 'appearance'.
Valid keys: [centerSearch, recipeGuiHeight]
Skipping this key.
Config file: D:\Programmazione\Mod\Only Hammers & Excavators\FORGE\1.21.1\run-data\config\jei\jei-client.ini
Line #5: "	CenterSearch = false"
[12mag2025 12:59:36.907] [modloading-worker-0/ERROR] [mezz.jei.common.config.file.ConfigSerializer/]: 'RecipeGuiHeight' is not a valid config key for config category 'appearance'.
Valid keys: [centerSearch, recipeGuiHeight]
Skipping this key.
Config file: D:\Programmazione\Mod\Only Hammers & Excavators\FORGE\1.21.1\run-data\config\jei\jei-client.ini
Line #10: "	RecipeGuiHeight = 350"
[12mag2025 12:59:36.907] [modloading-worker-0/ERROR] [mezz.jei.common.config.file.ConfigSerializer/]: '[cheat_mode]' is not a valid category name.
Valid names are: [appearance, cheating, bookmarks, tooltips, performance, lookups, advanced, input, sorting, search, ingredientList, bookmarkList]
Skipping all values until the first valid category is declared.
Config file: D:\Programmazione\Mod\Only Hammers & Excavators\FORGE\1.21.1\run-data\config\jei\jei-client.ini
Line #13: "[cheat_mode]"
[12mag2025 12:59:36.907] [modloading-worker-0/ERROR] [mezz.jei.common.config.file.ConfigSerializer/]: Expected a '[category]' here.
Configs must start with a category before defining values.
Skipping all lines until the first valid category is declared.
Config file: D:\Programmazione\Mod\Only Hammers & Excavators\FORGE\1.21.1\run-data\config\jei\jei-client.ini
Line #17: "	GiveMode = MOUSE_PICKUP"
[12mag2025 12:59:36.907] [modloading-worker-0/ERROR] [mezz.jei.common.config.file.ConfigSerializer/]: Expected a '[category]' here.
Configs must start with a category before defining values.
Skipping all lines until the first valid category is declared.
Config file: D:\Programmazione\Mod\Only Hammers & Excavators\FORGE\1.21.1\run-data\config\jei\jei-client.ini
Line #22: "	CheatToHotbarUsingHotkeysEnabled = false"
[12mag2025 12:59:36.907] [modloading-worker-0/ERROR] [mezz.jei.common.config.file.ConfigSerializer/]: Expected a '[category]' here.
Configs must start with a category before defining values.
Skipping all lines until the first valid category is declared.
Config file: D:\Programmazione\Mod\Only Hammers & Excavators\FORGE\1.21.1\run-data\config\jei\jei-client.ini
Line #27: "	ShowHiddenItems = false"
[12mag2025 12:59:36.907] [modloading-worker-0/ERROR] [mezz.jei.common.config.file.ConfigSerializer/]: 'AddBookmarksToFrontEnabled' is not a valid config key for config category 'bookmarks'.
Valid keys: [addBookmarksToFrontEnabled, dragToRearrangeBookmarksEnabled]
Skipping this key.
Config file: D:\Programmazione\Mod\Only Hammers & Excavators\FORGE\1.21.1\run-data\config\jei\jei-client.ini
Line #34: "	AddBookmarksToFrontEnabled = false"
[12mag2025 12:59:36.907] [modloading-worker-0/ERROR] [mezz.jei.common.config.file.ConfigSerializer/]: 'BookmarkTooltipFeatures' is not a valid config key for config category 'bookmarks'.
Valid keys: [addBookmarksToFrontEnabled, dragToRearrangeBookmarksEnabled]
Skipping this key.
Config file: D:\Programmazione\Mod\Only Hammers & Excavators\FORGE\1.21.1\run-data\config\jei\jei-client.ini
Line #40: "	BookmarkTooltipFeatures = PREVIEW"
[12mag2025 12:59:36.908] [modloading-worker-0/ERROR] [mezz.jei.common.config.file.ConfigSerializer/]: 'HoldShiftToShowBookmarkTooltipFeatures' is not a valid config key for config category 'bookmarks'.
Valid keys: [addBookmarksToFrontEnabled, dragToRearrangeBookmarksEnabled]
Skipping this key.
Config file: D:\Programmazione\Mod\Only Hammers & Excavators\FORGE\1.21.1\run-data\config\jei\jei-client.ini
Line #45: "	HoldShiftToShowBookmarkTooltipFeatures = true"
[12mag2025 12:59:36.908] [modloading-worker-0/ERROR] [mezz.jei.common.config.file.ConfigSerializer/]: 'DragToRearrangeBookmarksEnabled' is not a valid config key for config category 'bookmarks'.
Valid keys: [addBookmarksToFrontEnabled, dragToRearrangeBookmarksEnabled]
Skipping this key.
Config file: D:\Programmazione\Mod\Only Hammers & Excavators\FORGE\1.21.1\run-data\config\jei\jei-client.ini
Line #50: "	DragToRearrangeBookmarksEnabled = true"
[12mag2025 12:59:36.908] [modloading-worker-0/ERROR] [mezz.jei.common.config.file.ConfigSerializer/]: 'LowMemorySlowSearchEnabled' is not a valid config key for config category 'advanced'.
Valid keys: [catchRenderErrorsEnabled]
Skipping this key.
Config file: D:\Programmazione\Mod\Only Hammers & Excavators\FORGE\1.21.1\run-data\config\jei\jei-client.ini
Line #57: "	LowMemorySlowSearchEnabled = false"
[12mag2025 12:59:36.908] [modloading-worker-0/ERROR] [mezz.jei.common.config.file.ConfigSerializer/]: 'CatchRenderErrorsEnabled' is not a valid config key for config category 'advanced'.
Valid keys: [catchRenderErrorsEnabled]
Skipping this key.
Config file: D:\Programmazione\Mod\Only Hammers & Excavators\FORGE\1.21.1\run-data\config\jei\jei-client.ini
Line #62: "	CatchRenderErrorsEnabled = false"
[12mag2025 12:59:36.908] [modloading-worker-0/ERROR] [mezz.jei.common.config.file.ConfigSerializer/]: 'lookupFluidContentsEnabled' is not a valid config key for config category 'advanced'.
Valid keys: [catchRenderErrorsEnabled]
Skipping this key.
Config file: D:\Programmazione\Mod\Only Hammers & Excavators\FORGE\1.21.1\run-data\config\jei\jei-client.ini
Line #67: "	lookupFluidContentsEnabled = false"
[12mag2025 12:59:36.909] [modloading-worker-0/ERROR] [mezz.jei.common.config.file.ConfigSerializer/]: 'lookupBlockTagsEnabled' is not a valid config key for config category 'advanced'.
Valid keys: [catchRenderErrorsEnabled]
Skipping this key.
Config file: D:\Programmazione\Mod\Only Hammers & Excavators\FORGE\1.21.1\run-data\config\jei\jei-client.ini
Line #72: "	lookupBlockTagsEnabled = true"
[12mag2025 12:59:36.909] [modloading-worker-0/ERROR] [mezz.jei.common.config.file.ConfigSerializer/]: 'showTagRecipesEnabled' is not a valid config key for config category 'advanced'.
Valid keys: [catchRenderErrorsEnabled]
Skipping this key.
Config file: D:\Programmazione\Mod\Only Hammers & Excavators\FORGE\1.21.1\run-data\config\jei\jei-client.ini
Line #77: "	showTagRecipesEnabled = true"
[12mag2025 12:59:36.909] [modloading-worker-0/ERROR] [mezz.jei.common.config.file.ConfigSerializer/]: 'showCreativeTabNamesEnabled' is not a valid config key for config category 'advanced'.
Valid keys: [catchRenderErrorsEnabled]
Skipping this key.
Config file: D:\Programmazione\Mod\Only Hammers & Excavators\FORGE\1.21.1\run-data\config\jei\jei-client.ini
Line #82: "	showCreativeTabNamesEnabled = false"
[12mag2025 12:59:36.909] [modloading-worker-0/ERROR] [mezz.jei.common.config.file.ConfigSerializer/]: 'IngredientSortStages' is not a valid config key for config category 'sorting'.
Valid keys: [ingredientSortStages, recipeSorterStages]
Skipping this key.
Config file: D:\Programmazione\Mod\Only Hammers & Excavators\FORGE\1.21.1\run-data\config\jei\jei-client.ini
Line #102: "	IngredientSortStages = MOD_NAME, INGREDIENT_TYPE, CREATIVE_MENU"
[12mag2025 12:59:36.909] [modloading-worker-0/ERROR] [mezz.jei.common.config.file.ConfigSerializer/]: 'RecipeSorterStages' is not a valid config key for config category 'sorting'.
Valid keys: [ingredientSortStages, recipeSorterStages]
Skipping this key.
Config file: D:\Programmazione\Mod\Only Hammers & Excavators\FORGE\1.21.1\run-data\config\jei\jei-client.ini
Line #108: "	RecipeSorterStages = BOOKMARKED, CRAFTABLE"
[12mag2025 12:59:36.909] [modloading-worker-0/ERROR] [mezz.jei.common.config.file.ConfigSerializer/]: '[tags]' is not a valid category name.
Valid names are: [appearance, cheating, bookmarks, tooltips, performance, lookups, advanced, input, sorting, search, ingredientList, bookmarkList]
Skipping all values until the first valid category is declared.
Config file: D:\Programmazione\Mod\Only Hammers & Excavators\FORGE\1.21.1\run-data\config\jei\jei-client.ini
Line #111: "[tags]"
[12mag2025 12:59:36.910] [modloading-worker-0/ERROR] [mezz.jei.common.config.file.ConfigSerializer/]: Expected a '[category]' here.
Configs must start with a category before defining values.
Skipping all lines until the first valid category is declared.
Config file: D:\Programmazione\Mod\Only Hammers & Excavators\FORGE\1.21.1\run-data\config\jei\jei-client.ini
Line #115: "	TagContentTooltipEnabled = true"
[12mag2025 12:59:36.910] [modloading-worker-0/ERROR] [mezz.jei.common.config.file.ConfigSerializer/]: Expected a '[category]' here.
Configs must start with a category before defining values.
Skipping all lines until the first valid category is declared.
Config file: D:\Programmazione\Mod\Only Hammers & Excavators\FORGE\1.21.1\run-data\config\jei\jei-client.ini
Line #120: "	HideSingleIngredientTagsEnabled = true"
[12mag2025 12:59:36.910] [modloading-worker-0/ERROR] [mezz.jei.common.config.file.ConfigSerializer/]: 'ModNameSearchMode' is not a valid config key for config category 'search'.
Valid keys: [modNameSearchMode, tagSearchMode, tooltipSearchMode, colorSearchMode, resourceLocationSearchMode, creativeTabSearchMode, searchAdvancedTooltips, searchModIds, searchModAliases, searchShortModNames, searchIngredientAliases]
Skipping this key.
Config file: D:\Programmazione\Mod\Only Hammers & Excavators\FORGE\1.21.1\run-data\config\jei\jei-client.ini
Line #127: "	ModNameSearchMode = REQUIRE_PREFIX"
[12mag2025 12:59:36.911] [modloading-worker-0/ERROR] [mezz.jei.common.config.file.ConfigSerializer/]: 'TooltipSearchMode' is not a valid config key for config category 'search'.
Valid keys: [modNameSearchMode, tagSearchMode, tooltipSearchMode, colorSearchMode, resourceLocationSearchMode, creativeTabSearchMode, searchAdvancedTooltips, searchModIds, searchModAliases, searchShortModNames, searchIngredientAliases]
Skipping this key.
Config file: D:\Programmazione\Mod\Only Hammers & Excavators\FORGE\1.21.1\run-data\config\jei\jei-client.ini
Line #132: "	TooltipSearchMode = ENABLED"
[12mag2025 12:59:36.911] [modloading-worker-0/ERROR] [mezz.jei.common.config.file.ConfigSerializer/]: 'TagSearchMode' is not a valid config key for config category 'search'.
Valid keys: [modNameSearchMode, tagSearchMode, tooltipSearchMode, colorSearchMode, resourceLocationSearchMode, creativeTabSearchMode, searchAdvancedTooltips, searchModIds, searchModAliases, searchShortModNames, searchIngredientAliases]
Skipping this key.
Config file: D:\Programmazione\Mod\Only Hammers & Excavators\FORGE\1.21.1\run-data\config\jei\jei-client.ini
Line #137: "	TagSearchMode = REQUIRE_PREFIX"
[12mag2025 12:59:36.911] [modloading-worker-0/ERROR] [mezz.jei.common.config.file.ConfigSerializer/]: 'ColorSearchMode' is not a valid config key for config category 'search'.
Valid keys: [modNameSearchMode, tagSearchMode, tooltipSearchMode, colorSearchMode, resourceLocationSearchMode, creativeTabSearchMode, searchAdvancedTooltips, searchModIds, searchModAliases, searchShortModNames, searchIngredientAliases]
Skipping this key.
Config file: D:\Programmazione\Mod\Only Hammers & Excavators\FORGE\1.21.1\run-data\config\jei\jei-client.ini
Line #142: "	ColorSearchMode = DISABLED"
[12mag2025 12:59:36.912] [modloading-worker-0/ERROR] [mezz.jei.common.config.file.ConfigSerializer/]: 'ResourceLocationSearchMode' is not a valid config key for config category 'search'.
Valid keys: [modNameSearchMode, tagSearchMode, tooltipSearchMode, colorSearchMode, resourceLocationSearchMode, creativeTabSearchMode, searchAdvancedTooltips, searchModIds, searchModAliases, searchShortModNames, searchIngredientAliases]
Skipping this key.
Config file: D:\Programmazione\Mod\Only Hammers & Excavators\FORGE\1.21.1\run-data\config\jei\jei-client.ini
Line #147: "	ResourceLocationSearchMode = DISABLED"
[12mag2025 12:59:36.912] [modloading-worker-0/ERROR] [mezz.jei.common.config.file.ConfigSerializer/]: 'CreativeTabSearchMode' is not a valid config key for config category 'search'.
Valid keys: [modNameSearchMode, tagSearchMode, tooltipSearchMode, colorSearchMode, resourceLocationSearchMode, creativeTabSearchMode, searchAdvancedTooltips, searchModIds, searchModAliases, searchShortModNames, searchIngredientAliases]
Skipping this key.
Config file: D:\Programmazione\Mod\Only Hammers & Excavators\FORGE\1.21.1\run-data\config\jei\jei-client.ini
Line #152: "	CreativeTabSearchMode = DISABLED"
[12mag2025 12:59:36.912] [modloading-worker-0/ERROR] [mezz.jei.common.config.file.ConfigSerializer/]: 'SearchAdvancedTooltips' is not a valid config key for config category 'search'.
Valid keys: [modNameSearchMode, tagSearchMode, tooltipSearchMode, colorSearchMode, resourceLocationSearchMode, creativeTabSearchMode, searchAdvancedTooltips, searchModIds, searchModAliases, searchShortModNames, searchIngredientAliases]
Skipping this key.
Config file: D:\Programmazione\Mod\Only Hammers & Excavators\FORGE\1.21.1\run-data\config\jei\jei-client.ini
Line #157: "	SearchAdvancedTooltips = false"
[12mag2025 12:59:36.912] [modloading-worker-0/ERROR] [mezz.jei.common.config.file.ConfigSerializer/]: 'SearchModIds' is not a valid config key for config category 'search'.
Valid keys: [modNameSearchMode, tagSearchMode, tooltipSearchMode, colorSearchMode, resourceLocationSearchMode, creativeTabSearchMode, searchAdvancedTooltips, searchModIds, searchModAliases, searchShortModNames, searchIngredientAliases]
Skipping this key.
Config file: D:\Programmazione\Mod\Only Hammers & Excavators\FORGE\1.21.1\run-data\config\jei\jei-client.ini
Line #162: "	SearchModIds = true"
[12mag2025 12:59:36.912] [modloading-worker-0/ERROR] [mezz.jei.common.config.file.ConfigSerializer/]: 'SearchModAliases' is not a valid config key for config category 'search'.
Valid keys: [modNameSearchMode, tagSearchMode, tooltipSearchMode, colorSearchMode, resourceLocationSearchMode, creativeTabSearchMode, searchAdvancedTooltips, searchModIds, searchModAliases, searchShortModNames, searchIngredientAliases]
Skipping this key.
Config file: D:\Programmazione\Mod\Only Hammers & Excavators\FORGE\1.21.1\run-data\config\jei\jei-client.ini
Line #167: "	SearchModAliases = true"
[12mag2025 12:59:36.912] [modloading-worker-0/ERROR] [mezz.jei.common.config.file.ConfigSerializer/]: 'SearchShortModNames' is not a valid config key for config category 'search'.
Valid keys: [modNameSearchMode, tagSearchMode, tooltipSearchMode, colorSearchMode, resourceLocationSearchMode, creativeTabSearchMode, searchAdvancedTooltips, searchModIds, searchModAliases, searchShortModNames, searchIngredientAliases]
Skipping this key.
Config file: D:\Programmazione\Mod\Only Hammers & Excavators\FORGE\1.21.1\run-data\config\jei\jei-client.ini
Line #172: "	SearchShortModNames = true"
[12mag2025 12:59:36.913] [modloading-worker-0/ERROR] [mezz.jei.common.config.file.ConfigSerializer/]: 'SearchIngredientAliases' is not a valid config key for config category 'search'.
Valid keys: [modNameSearchMode, tagSearchMode, tooltipSearchMode, colorSearchMode, resourceLocationSearchMode, creativeTabSearchMode, searchAdvancedTooltips, searchModIds, searchModAliases, searchShortModNames, searchIngredientAliases]
Skipping this key.
Config file: D:\Programmazione\Mod\Only Hammers & Excavators\FORGE\1.21.1\run-data\config\jei\jei-client.ini
Line #177: "	SearchIngredientAliases = true"
[12mag2025 12:59:36.913] [modloading-worker-0/ERROR] [mezz.jei.common.config.file.ConfigSerializer/]: '[IngredientList]' is not a valid category name.
Valid names are: [appearance, cheating, bookmarks, tooltips, performance, lookups, advanced, input, sorting, search, ingredientList, bookmarkList]
Skipping all values until the first valid category is declared.
Config file: D:\Programmazione\Mod\Only Hammers & Excavators\FORGE\1.21.1\run-data\config\jei\jei-client.ini
Line #180: "[IngredientList]"
[12mag2025 12:59:36.913] [modloading-worker-0/ERROR] [mezz.jei.common.config.file.ConfigSerializer/]: Expected a '[category]' here.
Configs must start with a category before defining values.
Skipping all lines until the first valid category is declared.
Config file: D:\Programmazione\Mod\Only Hammers & Excavators\FORGE\1.21.1\run-data\config\jei\jei-client.ini
Line #184: "	MaxRows = 16"
[12mag2025 12:59:36.913] [modloading-worker-0/ERROR] [mezz.jei.common.config.file.ConfigSerializer/]: Expected a '[category]' here.
Configs must start with a category before defining values.
Skipping all lines until the first valid category is declared.
Config file: D:\Programmazione\Mod\Only Hammers & Excavators\FORGE\1.21.1\run-data\config\jei\jei-client.ini
Line #189: "	MaxColumns = 9"
[12mag2025 12:59:36.913] [modloading-worker-0/ERROR] [mezz.jei.common.config.file.ConfigSerializer/]: Expected a '[category]' here.
Configs must start with a category before defining values.
Skipping all lines until the first valid category is declared.
Config file: D:\Programmazione\Mod\Only Hammers & Excavators\FORGE\1.21.1\run-data\config\jei\jei-client.ini
Line #194: "	HorizontalAlignment = RIGHT"
[12mag2025 12:59:36.913] [modloading-worker-0/ERROR] [mezz.jei.common.config.file.ConfigSerializer/]: Expected a '[category]' here.
Configs must start with a category before defining values.
Skipping all lines until the first valid category is declared.
Config file: D:\Programmazione\Mod\Only Hammers & Excavators\FORGE\1.21.1\run-data\config\jei\jei-client.ini
Line #199: "	VerticalAlignment = TOP"
[12mag2025 12:59:36.913] [modloading-worker-0/ERROR] [mezz.jei.common.config.file.ConfigSerializer/]: Expected a '[category]' here.
Configs must start with a category before defining values.
Skipping all lines until the first valid category is declared.
Config file: D:\Programmazione\Mod\Only Hammers & Excavators\FORGE\1.21.1\run-data\config\jei\jei-client.ini
Line #204: "	ButtonNavigationVisibility = ENABLED"
[12mag2025 12:59:36.913] [modloading-worker-0/ERROR] [mezz.jei.common.config.file.ConfigSerializer/]: Expected a '[category]' here.
Configs must start with a category before defining values.
Skipping all lines until the first valid category is declared.
Config file: D:\Programmazione\Mod\Only Hammers & Excavators\FORGE\1.21.1\run-data\config\jei\jei-client.ini
Line #209: "	DrawBackground = false"
[12mag2025 12:59:36.913] [modloading-worker-0/ERROR] [mezz.jei.common.config.file.ConfigSerializer/]: '[BookmarkList]' is not a valid category name.
Valid names are: [appearance, cheating, bookmarks, tooltips, performance, lookups, advanced, input, sorting, search, ingredientList, bookmarkList]
Skipping all values until the first valid category is declared.
Config file: D:\Programmazione\Mod\Only Hammers & Excavators\FORGE\1.21.1\run-data\config\jei\jei-client.ini
Line #212: "[BookmarkList]"
[12mag2025 12:59:36.913] [modloading-worker-0/ERROR] [mezz.jei.common.config.file.ConfigSerializer/]: Expected a '[category]' here.
Configs must start with a category before defining values.
Skipping all lines until the first valid category is declared.
Config file: D:\Programmazione\Mod\Only Hammers & Excavators\FORGE\1.21.1\run-data\config\jei\jei-client.ini
Line #216: "	MaxRows = 16"
[12mag2025 12:59:36.913] [modloading-worker-0/ERROR] [mezz.jei.common.config.file.ConfigSerializer/]: Expected a '[category]' here.
Configs must start with a category before defining values.
Skipping all lines until the first valid category is declared.
Config file: D:\Programmazione\Mod\Only Hammers & Excavators\FORGE\1.21.1\run-data\config\jei\jei-client.ini
Line #221: "	MaxColumns = 9"
[12mag2025 12:59:36.913] [modloading-worker-0/ERROR] [mezz.jei.common.config.file.ConfigSerializer/]: Expected a '[category]' here.
Configs must start with a category before defining values.
Skipping all lines until the first valid category is declared.
Config file: D:\Programmazione\Mod\Only Hammers & Excavators\FORGE\1.21.1\run-data\config\jei\jei-client.ini
Line #226: "	HorizontalAlignment = LEFT"
[12mag2025 12:59:36.913] [modloading-worker-0/ERROR] [mezz.jei.common.config.file.ConfigSerializer/]: Expected a '[category]' here.
Configs must start with a category before defining values.
Skipping all lines until the first valid category is declared.
Config file: D:\Programmazione\Mod\Only Hammers & Excavators\FORGE\1.21.1\run-data\config\jei\jei-client.ini
Line #231: "	VerticalAlignment = TOP"
[12mag2025 12:59:36.913] [modloading-worker-0/ERROR] [mezz.jei.common.config.file.ConfigSerializer/]: Expected a '[category]' here.
Configs must start with a category before defining values.
Skipping all lines until the first valid category is declared.
Config file: D:\Programmazione\Mod\Only Hammers & Excavators\FORGE\1.21.1\run-data\config\jei\jei-client.ini
Line #236: "	ButtonNavigationVisibility = ENABLED"
[12mag2025 12:59:36.913] [modloading-worker-0/ERROR] [mezz.jei.common.config.file.ConfigSerializer/]: Expected a '[category]' here.
Configs must start with a category before defining values.
Skipping all lines until the first valid category is declared.
Config file: D:\Programmazione\Mod\Only Hammers & Excavators\FORGE\1.21.1\run-data\config\jei\jei-client.ini
Line #241: "	DrawBackground = false"
[12mag2025 12:59:36.913] [modloading-worker-0/DEBUG] [mezz.jei.common.config.file.ConfigSchema/]: Localization has not loaded yet, waiting to save the config file until JEI starts.
[12mag2025 12:59:36.917] [modloading-worker-0/INFO] [mezz.jei.library.load.PluginCaller/]: Sending ConfigManager...
[12mag2025 12:59:36.921] [modloading-worker-0/DEBUG] [mezz.jei.library.load.PluginCallerTimerRunnable/]: Sending ConfigManager: jei:minecraft...
[12mag2025 12:59:36.921] [modloading-worker-0/DEBUG] [mezz.jei.library.load.PluginCallerTimerRunnable/]: Sending ConfigManager: jei:debug...
[12mag2025 12:59:36.921] [modloading-worker-0/DEBUG] [mezz.jei.library.load.PluginCallerTimerRunnable/]: Sending ConfigManager: jei:gui...
[12mag2025 12:59:36.921] [modloading-worker-0/DEBUG] [mezz.jei.library.load.PluginCallerTimerRunnable/]: Sending ConfigManager: jei:forge_gui...
[12mag2025 12:59:36.921] [modloading-worker-0/DEBUG] [mezz.jei.library.load.PluginCallerTimerRunnable/]: Sending ConfigManager: jei:internal...
[12mag2025 12:59:36.922] [modloading-worker-0/INFO] [mezz.jei.library.load.PluginCaller/]: Sending ConfigManager took 3.168 ms
[12mag2025 12:59:36.929] [modloading-worker-0/DEBUG] [net.minecraftforge.fml.javafmlmod.AutomaticEventSubscriber/LOADING]: Attempting to inject @EventBusSubscriber classes into the eventbus for jei
[12mag2025 12:59:36.934] [main/DEBUG] [net.minecraftforge.registries.ObjectHolderRegistry/REGISTRIES]: Processing ObjectHolder annotations
[12mag2025 12:59:36.937] [main/DEBUG] [net.minecraftforge.common.capabilities.CapabilityManager/CAPABILITIES]: Attempting to automatically register: Lnet/minecraftforge/energy/IEnergyStorage;
[12mag2025 12:59:36.939] [main/DEBUG] [net.minecraftforge.common.capabilities.CapabilityManager/CAPABILITIES]: Attempting to automatically register: Lnet/minecraftforge/fluids/capability/IFluidHandler;
[12mag2025 12:59:36.939] [main/DEBUG] [net.minecraftforge.common.capabilities.CapabilityManager/CAPABILITIES]: Attempting to automatically register: Lnet/minecraftforge/fluids/capability/IFluidHandlerItem;
[12mag2025 12:59:36.939] [main/DEBUG] [net.minecraftforge.common.capabilities.CapabilityManager/CAPABILITIES]: Attempting to automatically register: Lnet/minecraftforge/items/IItemHandler;
[12mag2025 12:59:36.939] [main/DEBUG] [net.minecraftforge.registries.GameData/REGISTRIES]: Unfreezing vanilla registries
[12mag2025 12:59:36.978] [main/DEBUG] [net.minecraftforge.registries.GameData/REGISTRIES]: Applying holder lookups: minecraft:sound_event
[12mag2025 12:59:36.980] [main/DEBUG] [net.minecraftforge.registries.GameData/REGISTRIES]: Holder lookups applied: minecraft:sound_event
[12mag2025 12:59:36.980] [main/DEBUG] [net.minecraftforge.registries.GameData/REGISTRIES]: Applying holder lookups: minecraft:fluid
[12mag2025 12:59:36.980] [main/DEBUG] [net.minecraftforge.registries.GameData/REGISTRIES]: Holder lookups applied: minecraft:fluid
[12mag2025 12:59:36.980] [main/DEBUG] [net.minecraftforge.registries.GameData/REGISTRIES]: Applying holder lookups: minecraft:block
[12mag2025 12:59:36.980] [main/DEBUG] [net.minecraftforge.registries.GameData/REGISTRIES]: Holder lookups applied: minecraft:block
[12mag2025 12:59:36.981] [main/DEBUG] [net.minecraftforge.registries.GameData/REGISTRIES]: Applying holder lookups: minecraft:attribute
[12mag2025 12:59:36.981] [main/DEBUG] [net.minecraftforge.registries.GameData/REGISTRIES]: Holder lookups applied: minecraft:attribute
[12mag2025 12:59:36.981] [main/DEBUG] [net.minecraftforge.registries.GameData/REGISTRIES]: Applying holder lookups: minecraft:mob_effect
[12mag2025 12:59:36.983] [main/DEBUG] [net.minecraftforge.registries.GameData/REGISTRIES]: Holder lookups applied: minecraft:mob_effect
[12mag2025 12:59:36.983] [main/DEBUG] [net.minecraftforge.registries.GameData/REGISTRIES]: Applying holder lookups: minecraft:particle_type
[12mag2025 12:59:36.983] [main/DEBUG] [net.minecraftforge.registries.GameData/REGISTRIES]: Holder lookups applied: minecraft:particle_type
[12mag2025 12:59:36.983] [main/DEBUG] [net.minecraftforge.registries.GameData/REGISTRIES]: Applying holder lookups: minecraft:data_component_type
[12mag2025 12:59:36.983] [main/DEBUG] [net.minecraftforge.registries.GameData/REGISTRIES]: Holder lookups applied: minecraft:data_component_type
[12mag2025 12:59:36.983] [main/DEBUG] [net.minecraftforge.registries.GameData/REGISTRIES]: Applying holder lookups: minecraft:enchantment_effect_component_type
[12mag2025 12:59:36.983] [main/DEBUG] [net.minecraftforge.registries.GameData/REGISTRIES]: Holder lookups applied: minecraft:enchantment_effect_component_type
[12mag2025 12:59:37.001] [main/DEBUG] [net.minecraftforge.registries.GameData/REGISTRIES]: Applying holder lookups: minecraft:item
[12mag2025 12:59:37.001] [main/DEBUG] [net.minecraftforge.registries.GameData/REGISTRIES]: Holder lookups applied: minecraft:item
[12mag2025 12:59:37.003] [main/DEBUG] [net.minecraftforge.registries.GameData/REGISTRIES]: Applying holder lookups: minecraft:entity_type
[12mag2025 12:59:37.003] [main/DEBUG] [net.minecraftforge.registries.GameData/REGISTRIES]: Holder lookups applied: minecraft:entity_type
[12mag2025 12:59:37.003] [main/DEBUG] [net.minecraftforge.registries.GameData/REGISTRIES]: Applying holder lookups: minecraft:armor_material
[12mag2025 12:59:37.003] [main/DEBUG] [net.minecraftforge.registries.GameData/REGISTRIES]: Holder lookups applied: minecraft:armor_material
[12mag2025 12:59:37.009] [main/DEBUG] [net.minecraftforge.registries.GameData/REGISTRIES]: Applying holder lookups: minecraft:game_event
[12mag2025 12:59:37.009] [main/DEBUG] [net.minecraftforge.registries.GameData/REGISTRIES]: Holder lookups applied: minecraft:game_event
[12mag2025 12:59:37.009] [main/DEBUG] [net.minecraftforge.registries.GameData/REGISTRIES]: Applying holder lookups: minecraft:potion
[12mag2025 12:59:37.009] [main/DEBUG] [net.minecraftforge.registries.GameData/REGISTRIES]: Holder lookups applied: minecraft:potion
[12mag2025 12:59:37.009] [main/DEBUG] [net.minecraftforge.registries.GameData/REGISTRIES]: Applying holder lookups: minecraft:block_entity_type
[12mag2025 12:59:37.009] [main/DEBUG] [net.minecraftforge.registries.GameData/REGISTRIES]: Holder lookups applied: minecraft:block_entity_type
[12mag2025 12:59:37.009] [main/DEBUG] [net.minecraftforge.registries.GameData/REGISTRIES]: Applying holder lookups: minecraft:stat_type
[12mag2025 12:59:37.009] [main/DEBUG] [net.minecraftforge.registries.GameData/REGISTRIES]: Holder lookups applied: minecraft:stat_type
[12mag2025 12:59:37.009] [main/DEBUG] [net.minecraftforge.registries.GameData/REGISTRIES]: Applying holder lookups: minecraft:custom_stat
[12mag2025 12:59:37.009] [main/DEBUG] [net.minecraftforge.registries.GameData/REGISTRIES]: Holder lookups applied: minecraft:custom_stat
[12mag2025 12:59:37.009] [main/DEBUG] [net.minecraftforge.registries.GameData/REGISTRIES]: Applying holder lookups: minecraft:chunk_status
[12mag2025 12:59:37.009] [main/DEBUG] [net.minecraftforge.registries.GameData/REGISTRIES]: Holder lookups applied: minecraft:chunk_status
[12mag2025 12:59:37.010] [main/DEBUG] [net.minecraftforge.registries.GameData/REGISTRIES]: Applying holder lookups: minecraft:rule_test
[12mag2025 12:59:37.010] [main/DEBUG] [net.minecraftforge.registries.GameData/REGISTRIES]: Holder lookups applied: minecraft:rule_test
[12mag2025 12:59:37.010] [main/DEBUG] [net.minecraftforge.registries.GameData/REGISTRIES]: Applying holder lookups: minecraft:rule_block_entity_modifier
[12mag2025 12:59:37.010] [main/DEBUG] [net.minecraftforge.registries.GameData/REGISTRIES]: Holder lookups applied: minecraft:rule_block_entity_modifier
[12mag2025 12:59:37.010] [main/DEBUG] [net.minecraftforge.registries.GameData/REGISTRIES]: Applying holder lookups: minecraft:pos_rule_test
[12mag2025 12:59:37.010] [main/DEBUG] [net.minecraftforge.registries.GameData/REGISTRIES]: Holder lookups applied: minecraft:pos_rule_test
[12mag2025 12:59:37.010] [main/DEBUG] [net.minecraftforge.registries.GameData/REGISTRIES]: Applying holder lookups: minecraft:menu
[12mag2025 12:59:37.010] [main/DEBUG] [net.minecraftforge.registries.GameData/REGISTRIES]: Holder lookups applied: minecraft:menu
[12mag2025 12:59:37.010] [main/DEBUG] [net.minecraftforge.registries.GameData/REGISTRIES]: Applying holder lookups: minecraft:recipe_type
[12mag2025 12:59:37.010] [main/DEBUG] [net.minecraftforge.registries.GameData/REGISTRIES]: Holder lookups applied: minecraft:recipe_type
[12mag2025 12:59:37.022] [main/DEBUG] [net.minecraftforge.registries.GameData/REGISTRIES]: Applying holder lookups: minecraft:recipe_serializer
[12mag2025 12:59:37.023] [main/DEBUG] [net.minecraftforge.registries.GameData/REGISTRIES]: Holder lookups applied: minecraft:recipe_serializer
[12mag2025 12:59:37.023] [main/DEBUG] [net.minecraftforge.registries.GameData/REGISTRIES]: Applying holder lookups: minecraft:position_source_type
[12mag2025 12:59:37.023] [main/DEBUG] [net.minecraftforge.registries.GameData/REGISTRIES]: Holder lookups applied: minecraft:position_source_type
[12mag2025 12:59:37.024] [main/DEBUG] [net.minecraftforge.registries.GameData/REGISTRIES]: Applying holder lookups: minecraft:command_argument_type
[12mag2025 12:59:37.024] [main/DEBUG] [net.minecraftforge.registries.GameData/REGISTRIES]: Holder lookups applied: minecraft:command_argument_type
[12mag2025 12:59:37.024] [main/DEBUG] [net.minecraftforge.registries.GameData/REGISTRIES]: Applying holder lookups: minecraft:villager_type
[12mag2025 12:59:37.024] [main/DEBUG] [net.minecraftforge.registries.GameData/REGISTRIES]: Holder lookups applied: minecraft:villager_type
[12mag2025 12:59:37.024] [main/DEBUG] [net.minecraftforge.registries.GameData/REGISTRIES]: Applying holder lookups: minecraft:villager_profession
[12mag2025 12:59:37.024] [main/DEBUG] [net.minecraftforge.registries.GameData/REGISTRIES]: Holder lookups applied: minecraft:villager_profession
[12mag2025 12:59:37.025] [main/DEBUG] [net.minecraftforge.registries.GameData/REGISTRIES]: Applying holder lookups: minecraft:point_of_interest_type
[12mag2025 12:59:37.025] [main/DEBUG] [net.minecraftforge.registries.GameData/REGISTRIES]: Holder lookups applied: minecraft:point_of_interest_type
[12mag2025 12:59:37.025] [main/DEBUG] [net.minecraftforge.registries.GameData/REGISTRIES]: Applying holder lookups: minecraft:memory_module_type
[12mag2025 12:59:37.025] [main/DEBUG] [net.minecraftforge.registries.GameData/REGISTRIES]: Holder lookups applied: minecraft:memory_module_type
[12mag2025 12:59:37.025] [main/DEBUG] [net.minecraftforge.registries.GameData/REGISTRIES]: Applying holder lookups: minecraft:sensor_type
[12mag2025 12:59:37.025] [main/DEBUG] [net.minecraftforge.registries.GameData/REGISTRIES]: Holder lookups applied: minecraft:sensor_type
[12mag2025 12:59:37.025] [main/DEBUG] [net.minecraftforge.registries.GameData/REGISTRIES]: Applying holder lookups: minecraft:schedule
[12mag2025 12:59:37.025] [main/DEBUG] [net.minecraftforge.registries.GameData/REGISTRIES]: Holder lookups applied: minecraft:schedule
[12mag2025 12:59:37.025] [main/DEBUG] [net.minecraftforge.registries.GameData/REGISTRIES]: Applying holder lookups: minecraft:activity
[12mag2025 12:59:37.025] [main/DEBUG] [net.minecraftforge.registries.GameData/REGISTRIES]: Holder lookups applied: minecraft:activity
[12mag2025 12:59:37.025] [main/DEBUG] [net.minecraftforge.registries.GameData/REGISTRIES]: Applying holder lookups: minecraft:loot_number_provider_type
[12mag2025 12:59:37.025] [main/DEBUG] [net.minecraftforge.registries.GameData/REGISTRIES]: Holder lookups applied: minecraft:loot_number_provider_type
[12mag2025 12:59:37.025] [main/DEBUG] [net.minecraftforge.registries.GameData/REGISTRIES]: Applying holder lookups: minecraft:loot_score_provider_type
[12mag2025 12:59:37.025] [main/DEBUG] [net.minecraftforge.registries.GameData/REGISTRIES]: Holder lookups applied: minecraft:loot_score_provider_type
[12mag2025 12:59:37.026] [main/DEBUG] [net.minecraftforge.registries.GameData/REGISTRIES]: Applying holder lookups: minecraft:loot_function_type
[12mag2025 12:59:37.026] [main/DEBUG] [net.minecraftforge.registries.GameData/REGISTRIES]: Holder lookups applied: minecraft:loot_function_type
[12mag2025 12:59:37.026] [main/DEBUG] [net.minecraftforge.registries.GameData/REGISTRIES]: Applying holder lookups: minecraft:map_decoration_type
[12mag2025 12:59:37.026] [main/DEBUG] [net.minecraftforge.registries.GameData/REGISTRIES]: Holder lookups applied: minecraft:map_decoration_type
[12mag2025 12:59:37.026] [main/DEBUG] [net.minecraftforge.registries.GameData/REGISTRIES]: Applying holder lookups: minecraft:loot_nbt_provider_type
[12mag2025 12:59:37.026] [main/DEBUG] [net.minecraftforge.registries.GameData/REGISTRIES]: Holder lookups applied: minecraft:loot_nbt_provider_type
[12mag2025 12:59:37.026] [main/DEBUG] [net.minecraftforge.registries.GameData/REGISTRIES]: Applying holder lookups: minecraft:loot_pool_entry_type
[12mag2025 12:59:37.026] [main/DEBUG] [net.minecraftforge.registries.GameData/REGISTRIES]: Holder lookups applied: minecraft:loot_pool_entry_type
[12mag2025 12:59:37.030] [main/DEBUG] [net.minecraftforge.registries.GameData/REGISTRIES]: Applying holder lookups: minecraft:loot_condition_type
[12mag2025 12:59:37.030] [main/DEBUG] [net.minecraftforge.registries.GameData/REGISTRIES]: Holder lookups applied: minecraft:loot_condition_type
[12mag2025 12:59:37.030] [main/DEBUG] [net.minecraftforge.registries.GameData/REGISTRIES]: Applying holder lookups: minecraft:float_provider_type
[12mag2025 12:59:37.031] [main/DEBUG] [net.minecraftforge.registries.GameData/REGISTRIES]: Holder lookups applied: minecraft:float_provider_type
[12mag2025 12:59:37.031] [main/DEBUG] [net.minecraftforge.registries.GameData/REGISTRIES]: Applying holder lookups: minecraft:int_provider_type
[12mag2025 12:59:37.031] [main/DEBUG] [net.minecraftforge.registries.GameData/REGISTRIES]: Holder lookups applied: minecraft:int_provider_type
[12mag2025 12:59:37.031] [main/DEBUG] [net.minecraftforge.registries.GameData/REGISTRIES]: Applying holder lookups: minecraft:height_provider_type
[12mag2025 12:59:37.031] [main/DEBUG] [net.minecraftforge.registries.GameData/REGISTRIES]: Holder lookups applied: minecraft:height_provider_type
[12mag2025 12:59:37.031] [main/DEBUG] [net.minecraftforge.registries.GameData/REGISTRIES]: Applying holder lookups: minecraft:block_predicate_type
[12mag2025 12:59:37.031] [main/DEBUG] [net.minecraftforge.registries.GameData/REGISTRIES]: Holder lookups applied: minecraft:block_predicate_type
[12mag2025 12:59:37.031] [main/DEBUG] [net.minecraftforge.registries.GameData/REGISTRIES]: Applying holder lookups: minecraft:worldgen/carver
[12mag2025 12:59:37.031] [main/DEBUG] [net.minecraftforge.registries.GameData/REGISTRIES]: Holder lookups applied: minecraft:worldgen/carver
[12mag2025 12:59:37.031] [main/DEBUG] [net.minecraftforge.registries.GameData/REGISTRIES]: Applying holder lookups: minecraft:worldgen/feature
[12mag2025 12:59:37.031] [main/DEBUG] [net.minecraftforge.registries.GameData/REGISTRIES]: Holder lookups applied: minecraft:worldgen/feature
[12mag2025 12:59:37.032] [main/DEBUG] [net.minecraftforge.registries.GameData/REGISTRIES]: Applying holder lookups: minecraft:worldgen/structure_processor
[12mag2025 12:59:37.032] [main/DEBUG] [net.minecraftforge.registries.GameData/REGISTRIES]: Holder lookups applied: minecraft:worldgen/structure_processor
[12mag2025 12:59:37.032] [main/DEBUG] [net.minecraftforge.registries.GameData/REGISTRIES]: Applying holder lookups: minecraft:worldgen/structure_placement
[12mag2025 12:59:37.032] [main/DEBUG] [net.minecraftforge.registries.GameData/REGISTRIES]: Holder lookups applied: minecraft:worldgen/structure_placement
[12mag2025 12:59:37.032] [main/DEBUG] [net.minecraftforge.registries.GameData/REGISTRIES]: Applying holder lookups: minecraft:worldgen/structure_piece
[12mag2025 12:59:37.032] [main/DEBUG] [net.minecraftforge.registries.GameData/REGISTRIES]: Holder lookups applied: minecraft:worldgen/structure_piece
[12mag2025 12:59:37.032] [main/DEBUG] [net.minecraftforge.registries.GameData/REGISTRIES]: Applying holder lookups: minecraft:worldgen/structure_type
[12mag2025 12:59:37.032] [main/DEBUG] [net.minecraftforge.registries.GameData/REGISTRIES]: Holder lookups applied: minecraft:worldgen/structure_type
[12mag2025 12:59:37.032] [main/DEBUG] [net.minecraftforge.registries.GameData/REGISTRIES]: Applying holder lookups: minecraft:worldgen/placement_modifier_type
[12mag2025 12:59:37.032] [main/DEBUG] [net.minecraftforge.registries.GameData/REGISTRIES]: Holder lookups applied: minecraft:worldgen/placement_modifier_type
[12mag2025 12:59:37.032] [main/DEBUG] [net.minecraftforge.registries.GameData/REGISTRIES]: Applying holder lookups: minecraft:worldgen/block_state_provider_type
[12mag2025 12:59:37.033] [main/DEBUG] [net.minecraftforge.registries.GameData/REGISTRIES]: Holder lookups applied: minecraft:worldgen/block_state_provider_type
[12mag2025 12:59:37.033] [main/DEBUG] [net.minecraftforge.registries.GameData/REGISTRIES]: Applying holder lookups: minecraft:worldgen/foliage_placer_type
[12mag2025 12:59:37.033] [main/DEBUG] [net.minecraftforge.registries.GameData/REGISTRIES]: Holder lookups applied: minecraft:worldgen/foliage_placer_type
[12mag2025 12:59:37.033] [main/DEBUG] [net.minecraftforge.registries.GameData/REGISTRIES]: Applying holder lookups: minecraft:worldgen/trunk_placer_type
[12mag2025 12:59:37.033] [main/DEBUG] [net.minecraftforge.registries.GameData/REGISTRIES]: Holder lookups applied: minecraft:worldgen/trunk_placer_type
[12mag2025 12:59:37.033] [main/DEBUG] [net.minecraftforge.registries.GameData/REGISTRIES]: Applying holder lookups: minecraft:worldgen/root_placer_type
[12mag2025 12:59:37.034] [main/DEBUG] [net.minecraftforge.registries.GameData/REGISTRIES]: Holder lookups applied: minecraft:worldgen/root_placer_type
[12mag2025 12:59:37.034] [main/DEBUG] [net.minecraftforge.registries.GameData/REGISTRIES]: Applying holder lookups: minecraft:worldgen/tree_decorator_type
[12mag2025 12:59:37.034] [main/DEBUG] [net.minecraftforge.registries.GameData/REGISTRIES]: Holder lookups applied: minecraft:worldgen/tree_decorator_type
[12mag2025 12:59:37.034] [main/DEBUG] [net.minecraftforge.registries.GameData/REGISTRIES]: Applying holder lookups: minecraft:worldgen/feature_size_type
[12mag2025 12:59:37.034] [main/DEBUG] [net.minecraftforge.registries.GameData/REGISTRIES]: Holder lookups applied: minecraft:worldgen/feature_size_type
[12mag2025 12:59:37.034] [main/DEBUG] [net.minecraftforge.registries.GameData/REGISTRIES]: Applying holder lookups: minecraft:worldgen/biome_source
[12mag2025 12:59:37.034] [main/DEBUG] [net.minecraftforge.registries.GameData/REGISTRIES]: Holder lookups applied: minecraft:worldgen/biome_source
[12mag2025 12:59:37.034] [main/DEBUG] [net.minecraftforge.registries.GameData/REGISTRIES]: Applying holder lookups: minecraft:worldgen/chunk_generator
[12mag2025 12:59:37.034] [main/DEBUG] [net.minecraftforge.registries.GameData/REGISTRIES]: Holder lookups applied: minecraft:worldgen/chunk_generator
[12mag2025 12:59:37.047] [main/DEBUG] [net.minecraftforge.registries.GameData/REGISTRIES]: Applying holder lookups: minecraft:worldgen/material_condition
[12mag2025 12:59:37.047] [main/DEBUG] [net.minecraftforge.registries.GameData/REGISTRIES]: Holder lookups applied: minecraft:worldgen/material_condition
[12mag2025 12:59:37.047] [main/DEBUG] [net.minecraftforge.registries.GameData/REGISTRIES]: Applying holder lookups: minecraft:worldgen/material_rule
[12mag2025 12:59:37.047] [main/DEBUG] [net.minecraftforge.registries.GameData/REGISTRIES]: Holder lookups applied: minecraft:worldgen/material_rule
[12mag2025 12:59:37.048] [main/DEBUG] [net.minecraftforge.registries.GameData/REGISTRIES]: Applying holder lookups: minecraft:worldgen/density_function_type
[12mag2025 12:59:37.048] [main/DEBUG] [net.minecraftforge.registries.GameData/REGISTRIES]: Holder lookups applied: minecraft:worldgen/density_function_type
[12mag2025 12:59:37.050] [main/DEBUG] [net.minecraftforge.registries.GameData/REGISTRIES]: Applying holder lookups: minecraft:block_type
[12mag2025 12:59:37.051] [main/DEBUG] [net.minecraftforge.registries.GameData/REGISTRIES]: Holder lookups applied: minecraft:block_type
[12mag2025 12:59:37.051] [main/DEBUG] [net.minecraftforge.registries.GameData/REGISTRIES]: Applying holder lookups: minecraft:worldgen/structure_pool_element
[12mag2025 12:59:37.052] [main/DEBUG] [net.minecraftforge.registries.GameData/REGISTRIES]: Holder lookups applied: minecraft:worldgen/structure_pool_element
[12mag2025 12:59:37.052] [main/DEBUG] [net.minecraftforge.registries.GameData/REGISTRIES]: Applying holder lookups: minecraft:worldgen/pool_alias_binding
[12mag2025 12:59:37.052] [main/DEBUG] [net.minecraftforge.registries.GameData/REGISTRIES]: Holder lookups applied: minecraft:worldgen/pool_alias_binding
[12mag2025 12:59:37.052] [main/DEBUG] [net.minecraftforge.registries.GameData/REGISTRIES]: Applying holder lookups: minecraft:cat_variant
[12mag2025 12:59:37.052] [main/DEBUG] [net.minecraftforge.registries.GameData/REGISTRIES]: Holder lookups applied: minecraft:cat_variant
[12mag2025 12:59:37.052] [main/DEBUG] [net.minecraftforge.registries.GameData/REGISTRIES]: Applying holder lookups: minecraft:frog_variant
[12mag2025 12:59:37.052] [main/DEBUG] [net.minecraftforge.registries.GameData/REGISTRIES]: Holder lookups applied: minecraft:frog_variant
[12mag2025 12:59:37.052] [main/DEBUG] [net.minecraftforge.registries.GameData/REGISTRIES]: Applying holder lookups: minecraft:instrument
[12mag2025 12:59:37.052] [main/DEBUG] [net.minecraftforge.registries.GameData/REGISTRIES]: Holder lookups applied: minecraft:instrument
[12mag2025 12:59:37.052] [main/DEBUG] [net.minecraftforge.registries.GameData/REGISTRIES]: Applying holder lookups: minecraft:decorated_pot_pattern
[12mag2025 12:59:37.052] [main/DEBUG] [net.minecraftforge.registries.GameData/REGISTRIES]: Holder lookups applied: minecraft:decorated_pot_pattern
[12mag2025 12:59:37.053] [main/DEBUG] [net.minecraftforge.registries.GameData/REGISTRIES]: Applying holder lookups: minecraft:creative_mode_tab
[12mag2025 12:59:37.053] [main/DEBUG] [net.minecraftforge.registries.GameData/REGISTRIES]: Holder lookups applied: minecraft:creative_mode_tab
[12mag2025 12:59:37.053] [main/DEBUG] [net.minecraftforge.registries.GameData/REGISTRIES]: Applying holder lookups: minecraft:trigger_type
[12mag2025 12:59:37.053] [main/DEBUG] [net.minecraftforge.registries.GameData/REGISTRIES]: Holder lookups applied: minecraft:trigger_type
[12mag2025 12:59:37.053] [main/DEBUG] [net.minecraftforge.registries.GameData/REGISTRIES]: Applying holder lookups: minecraft:number_format_type
[12mag2025 12:59:37.053] [main/DEBUG] [net.minecraftforge.registries.GameData/REGISTRIES]: Holder lookups applied: minecraft:number_format_type
[12mag2025 12:59:37.054] [main/DEBUG] [net.minecraftforge.registries.GameData/REGISTRIES]: Applying holder lookups: minecraft:entity_sub_predicate_type
[12mag2025 12:59:37.054] [main/DEBUG] [net.minecraftforge.registries.GameData/REGISTRIES]: Holder lookups applied: minecraft:entity_sub_predicate_type
[12mag2025 12:59:37.054] [main/DEBUG] [net.minecraftforge.registries.GameData/REGISTRIES]: Applying holder lookups: minecraft:item_sub_predicate_type
[12mag2025 12:59:37.054] [main/DEBUG] [net.minecraftforge.registries.GameData/REGISTRIES]: Holder lookups applied: minecraft:item_sub_predicate_type
[12mag2025 12:59:37.054] [main/DEBUG] [net.minecraftforge.registries.GameData/REGISTRIES]: Applying holder lookups: minecraft:enchantment_level_based_value_type
[12mag2025 12:59:37.054] [main/DEBUG] [net.minecraftforge.registries.GameData/REGISTRIES]: Holder lookups applied: minecraft:enchantment_level_based_value_type
[12mag2025 12:59:37.054] [main/DEBUG] [net.minecraftforge.registries.GameData/REGISTRIES]: Applying holder lookups: minecraft:enchantment_entity_effect_type
[12mag2025 12:59:37.054] [main/DEBUG] [net.minecraftforge.registries.GameData/REGISTRIES]: Holder lookups applied: minecraft:enchantment_entity_effect_type
[12mag2025 12:59:37.054] [main/DEBUG] [net.minecraftforge.registries.GameData/REGISTRIES]: Applying holder lookups: minecraft:enchantment_location_based_effect_type
[12mag2025 12:59:37.054] [main/DEBUG] [net.minecraftforge.registries.GameData/REGISTRIES]: Holder lookups applied: minecraft:enchantment_location_based_effect_type
[12mag2025 12:59:37.055] [main/DEBUG] [net.minecraftforge.registries.GameData/REGISTRIES]: Applying holder lookups: minecraft:enchantment_value_effect_type
[12mag2025 12:59:37.055] [main/DEBUG] [net.minecraftforge.registries.GameData/REGISTRIES]: Holder lookups applied: minecraft:enchantment_value_effect_type
[12mag2025 12:59:37.055] [main/DEBUG] [net.minecraftforge.registries.GameData/REGISTRIES]: Applying holder lookups: minecraft:enchantment_provider_type
[12mag2025 12:59:37.055] [main/DEBUG] [net.minecraftforge.registries.GameData/REGISTRIES]: Holder lookups applied: minecraft:enchantment_provider_type
[12mag2025 12:59:37.063] [main/DEBUG] [net.minecraftforge.registries.GameData/REGISTRIES]: Applying holder lookups: forge:biome_modifier_serializers
[12mag2025 12:59:37.063] [main/DEBUG] [net.minecraftforge.registries.GameData/REGISTRIES]: Holder lookups applied: forge:biome_modifier_serializers
[12mag2025 12:59:37.073] [main/DEBUG] [net.minecraftforge.registries.GameData/REGISTRIES]: Applying holder lookups: forge:condition_codecs
[12mag2025 12:59:37.074] [main/DEBUG] [net.minecraftforge.registries.GameData/REGISTRIES]: Holder lookups applied: forge:condition_codecs
[12mag2025 12:59:37.075] [main/DEBUG] [net.minecraftforge.registries.GameData/REGISTRIES]: Applying holder lookups: forge:display_contexts
[12mag2025 12:59:37.075] [main/DEBUG] [net.minecraftforge.registries.GameData/REGISTRIES]: Holder lookups applied: forge:display_contexts
[12mag2025 12:59:37.075] [main/DEBUG] [net.minecraftforge.registries.GameData/REGISTRIES]: Applying holder lookups: forge:entity_data_serializers
[12mag2025 12:59:37.075] [main/DEBUG] [net.minecraftforge.registries.GameData/REGISTRIES]: Holder lookups applied: forge:entity_data_serializers
[12mag2025 12:59:37.079] [main/DEBUG] [net.minecraftforge.registries.GameData/REGISTRIES]: Applying holder lookups: forge:fluid_type
[12mag2025 12:59:37.079] [main/DEBUG] [net.minecraftforge.registries.GameData/REGISTRIES]: Holder lookups applied: forge:fluid_type
[12mag2025 12:59:37.079] [main/DEBUG] [net.minecraftforge.registries.GameData/REGISTRIES]: Applying holder lookups: forge:global_loot_modifier_serializers
[12mag2025 12:59:37.079] [main/DEBUG] [net.minecraftforge.registries.GameData/REGISTRIES]: Holder lookups applied: forge:global_loot_modifier_serializers
[12mag2025 12:59:37.082] [main/DEBUG] [net.minecraftforge.registries.GameData/REGISTRIES]: Applying holder lookups: forge:holder_set_type
[12mag2025 12:59:37.082] [main/DEBUG] [net.minecraftforge.registries.GameData/REGISTRIES]: Holder lookups applied: forge:holder_set_type
[12mag2025 12:59:37.089] [main/DEBUG] [net.minecraftforge.registries.GameData/REGISTRIES]: Applying holder lookups: forge:ingredient_serializers
[12mag2025 12:59:37.090] [main/DEBUG] [net.minecraftforge.registries.GameData/REGISTRIES]: Holder lookups applied: forge:ingredient_serializers
[12mag2025 12:59:37.090] [main/DEBUG] [net.minecraftforge.registries.GameData/REGISTRIES]: Applying holder lookups: forge:structure_modifier_serializers
[12mag2025 12:59:37.090] [main/DEBUG] [net.minecraftforge.registries.GameData/REGISTRIES]: Holder lookups applied: forge:structure_modifier_serializers
[12mag2025 12:59:37.090] [main/DEBUG] [net.minecraftforge.registries.GameData/REGISTRIES]: Applying holder lookups: minecraft:painting_variant
[12mag2025 12:59:37.090] [main/DEBUG] [net.minecraftforge.registries.GameData/REGISTRIES]: Holder lookups applied: minecraft:painting_variant
[12mag2025 12:59:37.090] [main/DEBUG] [net.minecraftforge.registries.GameData/REGISTRIES]: Applying holder lookups: minecraft:worldgen/biome
[12mag2025 12:59:37.090] [main/DEBUG] [net.minecraftforge.registries.GameData/REGISTRIES]: Holder lookups applied: minecraft:worldgen/biome
[12mag2025 12:59:37.132] [main/INFO] [net.minecraftforge.data.loading.DatagenModLoader/]: Initializing Data Gatherer for mods [onlyhammersandexcavators]
[12mag2025 12:59:37.201] [main/WARN] [net.minecraft.server.packs.VanillaPackResourcesBuilder/]: Assets URL 'union:/C:/Users/rosar/.gradle/caches/forge_gradle/minecraft_user_repo/net/minecraftforge/forge/1.21.1-52.1.0_mapped_official_1.21.1/forge-1.21.1-52.1.0_mapped_official_1.21.1.jar%230!/assets/.mcassetsroot' uses unexpected schema
[12mag2025 12:59:37.201] [main/WARN] [net.minecraft.server.packs.VanillaPackResourcesBuilder/]: Assets URL 'union:/C:/Users/rosar/.gradle/caches/forge_gradle/minecraft_user_repo/net/minecraftforge/forge/1.21.1-52.1.0_mapped_official_1.21.1/forge-1.21.1-52.1.0_mapped_official_1.21.1.jar%230!/data/.mcassetsroot' uses unexpected schema
[12mag2025 12:59:37.387] [main/INFO] [net.minecraft.data.DataGenerator/]: Starting provider: Item Models: onlyhammersandexcavators
[12mag2025 12:59:37.421] [main/INFO] [net.minecraft.data.DataGenerator/]: Item Models: onlyhammersandexcavators finished after 33 ms
[12mag2025 12:59:37.422] [main/INFO] [net.minecraft.data.DataGenerator/]: Starting provider: Tags for minecraft:block mod id onlyhammersandexcavators
[12mag2025 12:59:37.548] [main/INFO] [net.minecraft.data.DataGenerator/]: Tags for minecraft:block mod id onlyhammersandexcavators finished after 125 ms
[12mag2025 12:59:37.548] [main/INFO] [net.minecraft.data.DataGenerator/]: Starting provider: Tags for minecraft:item mod id onlyhammersandexcavators
[12mag2025 12:59:37.561] [main/INFO] [net.minecraft.data.DataGenerator/]: Tags for minecraft:item mod id onlyhammersandexcavators finished after 13 ms
[12mag2025 12:59:37.561] [main/INFO] [net.minecraft.data.DataGenerator/]: Starting provider: Recipes
[12mag2025 12:59:37.614] [main/INFO] [net.minecraft.data.DataGenerator/]: Recipes finished after 51 ms
[12mag2025 12:59:37.614] [main/INFO] [net.minecraft.data.DataGenerator/]: All providers took: 227 ms
[12mag2025 12:59:37.622] [main/INFO] [net.minecraft.data.HashCache/]: Caching: total files: 84, old count: 84, new count: 85, removed stale: 0, written: 2
