[13:37:10] [modloading-worker-0/INFO] ========================================
[13:37:10] [modloading-worker-0/INFO] Minecraft: 1.21.5
[13:37:10] [modloading-worker-0/INFO] Side: client
[13:37:10] [modloading-worker-0/INFO] Development: true
[13:37:10] [modloading-worker-0/INFO] Version: 19.0.806
[13:37:10] [modloading-worker-0/INFO] Loader:
[13:37:10] [modloading-worker-0/INFO] - Forge: null
[13:37:10] [modloading-worker-0/INFO] Dependencies:
[13:37:10] [modloading-worker-0/INFO] - Cloth Config: 18.0.145
[13:37:10] [modloading-worker-0/INFO] - Architectury: 16.1.4
[13:37:10] [modloading-worker-0/INFO] Mixin: 0.8.7
[13:37:10] [modloading-worker-0/INFO] OS: Windows 11 10.0 (amd64)
[13:37:10] [modloading-worker-0/INFO] Java: 21.0.6 (Amazon.com Inc.)
[13:37:10] [modloading-worker-0/INFO] ========================================
[13:37:10] [modloading-worker-0/INFO] Mods:
[13:37:10] [modloading-worker-0/INFO] - architectury: 16.1.4
[13:37:10] [modloading-worker-0/INFO] - cloth_config: 18.0.145
[13:37:10] [modloading-worker-0/INFO] - minecraft: 1.21.5
[13:37:10] [modloading-worker-0/INFO] - neoforge: 21.5.62-beta
[13:37:10] [modloading-worker-0/INFO] - onlyhammersandexcavators: 1.21.5-0.3
[13:37:10] [modloading-worker-0/INFO] - roughlyenoughitems: 19.0.806
[13:37:10] [modloading-worker-0/INFO] ========================================
[13:37:10] [modloading-worker-0/DEBUG] [REI] Added filtering rule [roughlyenoughitems:search]: INSTANCE
[13:37:10] [modloading-worker-0/DEBUG] [REI] Added filtering rule [roughlyenoughitems:manual]: INSTANCE
[13:37:10] [modloading-worker-0/DEBUG] [REI] Added filtering rule [roughlyenoughitems:basic]: INSTANCE
[13:37:10] [modloading-worker-0/INFO] [REI] Config loaded
[13:37:10] [modloading-worker-0/DEBUG] [REI] Config saved
[13:37:10] [modloading-worker-0/DEBUG] [REI] Config saved
[13:37:10] [modloading-worker-0/DEBUG] [REI] Config saved
[13:37:10] [modloading-worker-0/INFO] [REI] Registered plugin provider DefaultPluginImpl [roughlyenoughitems] for REICommonPlugin
[13:37:10] [modloading-worker-0/INFO] [REI] Registered plugin provider DefaultRuntimePlugin [roughlyenoughitems] for REICommonPlugin
[13:37:10] [modloading-worker-0/INFO] [REI] Registered plugin provider DefaultClientPluginImpl [roughlyenoughitems] for REIClientPlugin
[13:37:10] [modloading-worker-0/INFO] [REI] Registered plugin provider DefaultClientRuntimePlugin [roughlyenoughitems] for REIClientPlugin
[13:37:10] [modloading-worker-0/DEBUG] [REI] Added filtering rule [roughlyenoughitems:hidden_from_recipe_viewers]: INSTANCE
[13:37:10] [modloading-worker-0/INFO] [REI] Registered plugin provider HideIngredientsFromTagsPlugin [roughlyenoughitems] for REIClientPlugin
[13:39:21] [Render thread/DEBUG] [REI] Processed 5 tags in 436.2 μs for minecraft:game_event
[13:39:21] [Render thread/DEBUG] [REI] Processed 3 tags in 15.90 μs for minecraft:point_of_interest_type
[13:39:21] [Render thread/DEBUG] [REI] Processed 443 tags in 617.4 μs for minecraft:item
[13:39:21] [Render thread/DEBUG] [REI] Processed 307 tags in 1.515 ms for minecraft:block
[13:39:21] [Render thread/DEBUG] [REI] Processed 41 tags in 47.20 μs for minecraft:entity_type
[13:39:21] [Render thread/DEBUG] [REI] Processed 5 tags in 10.50 μs for minecraft:fluid
[13:39:22] [Render thread/DEBUG] [REI] Player quit, clearing reload tasks!
[13:39:22] [Render thread/DEBUG] [REI] Did not fulfill the request of termination of REI reload tasks because there are no uninterrupted running tasks. This is not an error.
[13:39:25] [Render thread/DEBUG] [REI] Starting Reload Plugins of stage START
java.lang.Throwable
	at TRANSFORMER/roughlyenoughitems@19.0.806/me.shedaniel.rei.impl.common.plugins.ReloadManagerImpl.reloadPlugins(ReloadManagerImpl.java:110)
	at TRANSFORMER/roughlyenoughitems@19.0.806/me.shedaniel.rei.RoughlyEnoughItemsCoreClient.reloadPlugins(RoughlyEnoughItemsCoreClient.java:500)
	at TRANSFORMER/roughlyenoughitems@19.0.806/me.shedaniel.rei.RoughlyEnoughItemsCoreClient.lambda$registerEvents$8(RoughlyEnoughItemsCoreClient.java:314)
	at TRANSFORMER/minecraft@1.21.5/net.minecraft.client.multiplayer.ClientPacketListener.handler$zze000$roughlyenoughitems$handleUpdateRecipes(ClientPacketListener.java:2811)
	at TRANSFORMER/minecraft@1.21.5/net.minecraft.client.multiplayer.ClientPacketListener.handleUpdateRecipes(ClientPacketListener.java)
	at TRANSFORMER/minecraft@1.21.5/net.minecraft.network.protocol.game.ClientboundUpdateRecipesPacket.handle(ClientboundUpdateRecipesPacket.java:32)
	at TRANSFORMER/minecraft@1.21.5/net.minecraft.network.protocol.game.ClientboundUpdateRecipesPacket.handle(ClientboundUpdateRecipesPacket.java:15)
	at TRANSFORMER/minecraft@1.21.5/net.minecraft.network.protocol.PacketUtils.lambda$ensureRunningOnSameThread$0(PacketUtils.java:26)
	at TRANSFORMER/minecraft@1.21.5/net.minecraft.util.thread.BlockableEventLoop.doRunTask(BlockableEventLoop.java:152)
	at TRANSFORMER/minecraft@1.21.5/net.minecraft.util.thread.ReentrantBlockableEventLoop.doRunTask(ReentrantBlockableEventLoop.java:24)
	at TRANSFORMER/minecraft@1.21.5/net.minecraft.util.thread.BlockableEventLoop.pollTask(BlockableEventLoop.java:126)
	at TRANSFORMER/minecraft@1.21.5/net.minecraft.util.thread.BlockableEventLoop.runAllTasks(BlockableEventLoop.java:115)
	at TRANSFORMER/minecraft@1.21.5/net.minecraft.client.Minecraft.runTick(Minecraft.java:1234)
	at TRANSFORMER/minecraft@1.21.5/net.minecraft.client.Minecraft.run(Minecraft.java:870)
	at TRANSFORMER/minecraft@1.21.5/net.minecraft.client.main.Main.main(Main.java:243)
	at java.base/jdk.internal.reflect.DirectMethodHandleAccessor.invoke(DirectMethodHandleAccessor.java:103)
	at java.base/java.lang.reflect.Method.invoke(Method.java:580)
	at MC-BOOTSTRAP/fml_loader@7.0.10/net.neoforged.fml.loading.targets.CommonLaunchHandler.runTarget(CommonLaunchHandler.java:128)
	at MC-BOOTSTRAP/fml_loader@7.0.10/net.neoforged.fml.loading.targets.CommonLaunchHandler.clientService(CommonLaunchHandler.java:120)
	at MC-BOOTSTRAP/fml_loader@7.0.10/net.neoforged.fml.loading.targets.NeoForgeClientDevLaunchHandler.runService(NeoForgeClientDevLaunchHandler.java:49)
	at MC-BOOTSTRAP/fml_loader@7.0.10/net.neoforged.fml.loading.targets.CommonLaunchHandler.lambda$launchService$4(CommonLaunchHandler.java:114)
	at MC-BOOTSTRAP/cpw.mods.modlauncher@11.0.4/cpw.mods.modlauncher.LaunchServiceHandlerDecorator.launch(LaunchServiceHandlerDecorator.java:30)
	at MC-BOOTSTRAP/cpw.mods.modlauncher@11.0.4/cpw.mods.modlauncher.LaunchServiceHandler.launch(LaunchServiceHandler.java:53)
	at MC-BOOTSTRAP/cpw.mods.modlauncher@11.0.4/cpw.mods.modlauncher.LaunchServiceHandler.launch(LaunchServiceHandler.java:71)
	at MC-BOOTSTRAP/cpw.mods.modlauncher@11.0.4/cpw.mods.modlauncher.Launcher.run(Launcher.java:103)
	at MC-BOOTSTRAP/cpw.mods.modlauncher@11.0.4/cpw.mods.modlauncher.Launcher.main(Launcher.java:74)
	at MC-BOOTSTRAP/cpw.mods.modlauncher@11.0.4/cpw.mods.modlauncher.BootstrapLaunchConsumer.accept(BootstrapLaunchConsumer.java:26)
	at MC-BOOTSTRAP/cpw.mods.modlauncher@11.0.4/cpw.mods.modlauncher.BootstrapLaunchConsumer.accept(BootstrapLaunchConsumer.java:23)
	at cpw.mods.bootstraplauncher@2.0.2/cpw.mods.bootstraplauncher.BootstrapLauncher.run(BootstrapLauncher.java:210)
	at cpw.mods.bootstraplauncher@2.0.2/cpw.mods.bootstraplauncher.BootstrapLauncher.main(BootstrapLauncher.java:69)
[13:39:25] [Render thread/DEBUG] [REI] Starting Reload Plugins of stage END
java.lang.Throwable
	at TRANSFORMER/roughlyenoughitems@19.0.806/me.shedaniel.rei.impl.common.plugins.ReloadManagerImpl.reloadPlugins(ReloadManagerImpl.java:110)
	at TRANSFORMER/roughlyenoughitems@19.0.806/me.shedaniel.rei.RoughlyEnoughItemsCoreClient.reloadPlugins(RoughlyEnoughItemsCoreClient.java:500)
	at TRANSFORMER/roughlyenoughitems@19.0.806/me.shedaniel.rei.RoughlyEnoughItemsCoreClient.reloadPlugins(RoughlyEnoughItemsCoreClient.java:487)
	at TRANSFORMER/roughlyenoughitems@19.0.806/me.shedaniel.rei.RoughlyEnoughItemsCoreClient.lambda$registerEvents$9(RoughlyEnoughItemsCoreClient.java:317)
	at TRANSFORMER/minecraft@1.21.5/net.minecraft.client.multiplayer.ClientPacketListener.handler$zzn001$architectury$handleUpdateRecipes(ClientPacketListener.java:3323)
	at TRANSFORMER/minecraft@1.21.5/net.minecraft.client.multiplayer.ClientPacketListener.handleUpdateRecipes(ClientPacketListener.java:1602)
	at TRANSFORMER/minecraft@1.21.5/net.minecraft.network.protocol.game.ClientboundUpdateRecipesPacket.handle(ClientboundUpdateRecipesPacket.java:32)
	at TRANSFORMER/minecraft@1.21.5/net.minecraft.network.protocol.game.ClientboundUpdateRecipesPacket.handle(ClientboundUpdateRecipesPacket.java:15)
	at TRANSFORMER/minecraft@1.21.5/net.minecraft.network.protocol.PacketUtils.lambda$ensureRunningOnSameThread$0(PacketUtils.java:26)
	at TRANSFORMER/minecraft@1.21.5/net.minecraft.util.thread.BlockableEventLoop.doRunTask(BlockableEventLoop.java:152)
	at TRANSFORMER/minecraft@1.21.5/net.minecraft.util.thread.ReentrantBlockableEventLoop.doRunTask(ReentrantBlockableEventLoop.java:24)
	at TRANSFORMER/minecraft@1.21.5/net.minecraft.util.thread.BlockableEventLoop.pollTask(BlockableEventLoop.java:126)
	at TRANSFORMER/minecraft@1.21.5/net.minecraft.util.thread.BlockableEventLoop.runAllTasks(BlockableEventLoop.java:115)
	at TRANSFORMER/minecraft@1.21.5/net.minecraft.client.Minecraft.runTick(Minecraft.java:1234)
	at TRANSFORMER/minecraft@1.21.5/net.minecraft.client.Minecraft.run(Minecraft.java:870)
	at TRANSFORMER/minecraft@1.21.5/net.minecraft.client.main.Main.main(Main.java:243)
	at java.base/jdk.internal.reflect.DirectMethodHandleAccessor.invoke(DirectMethodHandleAccessor.java:103)
	at java.base/java.lang.reflect.Method.invoke(Method.java:580)
	at MC-BOOTSTRAP/fml_loader@7.0.10/net.neoforged.fml.loading.targets.CommonLaunchHandler.runTarget(CommonLaunchHandler.java:128)
	at MC-BOOTSTRAP/fml_loader@7.0.10/net.neoforged.fml.loading.targets.CommonLaunchHandler.clientService(CommonLaunchHandler.java:120)
	at MC-BOOTSTRAP/fml_loader@7.0.10/net.neoforged.fml.loading.targets.NeoForgeClientDevLaunchHandler.runService(NeoForgeClientDevLaunchHandler.java:49)
	at MC-BOOTSTRAP/fml_loader@7.0.10/net.neoforged.fml.loading.targets.CommonLaunchHandler.lambda$launchService$4(CommonLaunchHandler.java:114)
	at MC-BOOTSTRAP/cpw.mods.modlauncher@11.0.4/cpw.mods.modlauncher.LaunchServiceHandlerDecorator.launch(LaunchServiceHandlerDecorator.java:30)
	at MC-BOOTSTRAP/cpw.mods.modlauncher@11.0.4/cpw.mods.modlauncher.LaunchServiceHandler.launch(LaunchServiceHandler.java:53)
	at MC-BOOTSTRAP/cpw.mods.modlauncher@11.0.4/cpw.mods.modlauncher.LaunchServiceHandler.launch(LaunchServiceHandler.java:71)
	at MC-BOOTSTRAP/cpw.mods.modlauncher@11.0.4/cpw.mods.modlauncher.Launcher.run(Launcher.java:103)
	at MC-BOOTSTRAP/cpw.mods.modlauncher@11.0.4/cpw.mods.modlauncher.Launcher.main(Launcher.java:74)
	at MC-BOOTSTRAP/cpw.mods.modlauncher@11.0.4/cpw.mods.modlauncher.BootstrapLaunchConsumer.accept(BootstrapLaunchConsumer.java:26)
	at MC-BOOTSTRAP/cpw.mods.modlauncher@11.0.4/cpw.mods.modlauncher.BootstrapLaunchConsumer.accept(BootstrapLaunchConsumer.java:23)
	at cpw.mods.bootstraplauncher@2.0.2/cpw.mods.bootstraplauncher.BootstrapLauncher.run(BootstrapLauncher.java:210)
	at cpw.mods.bootstraplauncher@2.0.2/cpw.mods.bootstraplauncher.BootstrapLauncher.main(BootstrapLauncher.java:69)
[13:39:25] [Render thread/WARN] [REI] Found 1 existing reload task(s) after trying to terminate them!
[13:39:25] [REI-ReloadPlugins/DEBUG] [REI] ========================================
[13:39:25] [REI-ReloadPlugins/DEBUG] [REI] REICommonPlugin starting pre-reload for START.
[13:39:25] [REI-ReloadPlugins/DEBUG] [REI] Reloadables (9):
[13:39:25] [REI-ReloadPlugins/DEBUG] [REI]  - SlotAccessorRegistryImpl
[13:39:25] [REI-ReloadPlugins/DEBUG] [REI]  - EntryTypeRegistryImpl
[13:39:25] [REI-ReloadPlugins/DEBUG] [REI]  - EntrySettingsAdapterRegistryImpl
[13:39:25] [REI-ReloadPlugins/DEBUG] [REI]  - ItemComparatorRegistryImpl
[13:39:25] [REI-ReloadPlugins/DEBUG] [REI]  - FluidComparatorRegistryImpl
[13:39:25] [REI-ReloadPlugins/DEBUG] [REI]  - DisplaySerializerRegistryImpl
[13:39:25] [REI-ReloadPlugins/DEBUG] [REI]  - ServerDisplayRegistryImpl
[13:39:25] [REI-ReloadPlugins/DEBUG] [REI]  - FluidSupportProviderImpl
[13:39:25] [REI-ReloadPlugins/DEBUG] [REI]  - me.shedaniel.rei.plugin.client.runtime.PluginStageExecutionWatcher$1
[13:39:25] [REI-ReloadPlugins/DEBUG] [REI] Plugins (2):
[13:39:25] [REI-ReloadPlugins/DEBUG] [REI]  - (-100,00) DefaultPluginImpl of DefaultPluginImpl [roughlyenoughitems]
[13:39:25] [REI-ReloadPlugins/DEBUG] [REI]  - (0,00) DefaultRuntimePlugin of DefaultRuntimePlugin [roughlyenoughitems]
[13:39:25] [REI-ReloadPlugins/DEBUG] [REI] ========================================
[13:39:25] [REI-ReloadPlugins/TRACE] [REI] [REICommonPlugin START] Reloading Section: "pre-register/"
[13:39:25] [REI-ReloadPlugins/TRACE] [REI] [REICommonPlugin START] Reloading Section: "pre-register/DefaultPluginImpl of DefaultPluginImpl [roughlyenoughitems]/"
[13:39:25] [REI-ReloadPlugins/TRACE] [REI] [REICommonPlugin START] Reloading Section: "pre-register/DefaultPluginImpl of DefaultPluginImpl [roughlyenoughitems]/" done in 2.139 ms
[13:39:25] [REI-ReloadPlugins/TRACE] [REI] [REICommonPlugin START] Reloading Section: "pre-register/DefaultRuntimePlugin of DefaultRuntimePlugin [roughlyenoughitems]/"
[13:39:25] [REI-ReloadPlugins/TRACE] [REI] [REICommonPlugin START] Reloading Section: "pre-register/DefaultRuntimePlugin of DefaultRuntimePlugin [roughlyenoughitems]/" done in 41.00 μs
[13:39:25] [REI-ReloadPlugins/TRACE] [REI] [REICommonPlugin START] Reloading Section: "pre-register/" done in 35.99 ms
[13:39:25] [REI-ReloadPlugins/TRACE] [REI] [REICommonPlugin START] Reloading Section: "pre-stage/"
[13:39:25] [REI-ReloadPlugins/TRACE] [REI] [REICommonPlugin START] Reloading Section: "pre-stage/SlotAccessorRegistryImpl/"
[13:39:25] [REI-ReloadPlugins/TRACE] [REI] [REICommonPlugin START] Reloading Section: "pre-stage/SlotAccessorRegistryImpl/" done in 704.2 μs
[13:39:25] [REI-ReloadPlugins/TRACE] [REI] [REICommonPlugin START] Reloading Section: "pre-stage/EntryTypeRegistryImpl/"
[13:39:25] [REI-ReloadPlugins/TRACE] [REI] [REICommonPlugin START] Reloading Section: "pre-stage/EntryTypeRegistryImpl/" done in 23.60 μs
[13:39:25] [REI-ReloadPlugins/TRACE] [REI] [REICommonPlugin START] Reloading Section: "pre-stage/EntrySettingsAdapterRegistryImpl/"
[13:39:25] [REI-ReloadPlugins/TRACE] [REI] [REICommonPlugin START] Reloading Section: "pre-stage/EntrySettingsAdapterRegistryImpl/" done in 15.90 μs
[13:39:25] [REI-ReloadPlugins/TRACE] [REI] [REICommonPlugin START] Reloading Section: "pre-stage/ItemComparatorRegistryImpl/"
[13:39:25] [REI-ReloadPlugins/TRACE] [REI] [REICommonPlugin START] Reloading Section: "pre-stage/ItemComparatorRegistryImpl/" done in 15.80 μs
[13:39:25] [REI-ReloadPlugins/TRACE] [REI] [REICommonPlugin START] Reloading Section: "pre-stage/FluidComparatorRegistryImpl/"
[13:39:25] [REI-ReloadPlugins/TRACE] [REI] [REICommonPlugin START] Reloading Section: "pre-stage/FluidComparatorRegistryImpl/" done in 15.20 μs
[13:39:25] [REI-ReloadPlugins/TRACE] [REI] [REICommonPlugin START] Reloading Section: "pre-stage/DisplaySerializerRegistryImpl/"
[13:39:25] [REI-ReloadPlugins/TRACE] [REI] [REICommonPlugin START] Reloading Section: "pre-stage/DisplaySerializerRegistryImpl/" done in 16.20 μs
[13:39:25] [REI-ReloadPlugins/TRACE] [REI] [REICommonPlugin START] Reloading Section: "pre-stage/ServerDisplayRegistryImpl/"
[13:39:25] [REI-ReloadPlugins/TRACE] [REI] [REICommonPlugin START] Reloading Section: "pre-stage/ServerDisplayRegistryImpl/" done in 46.20 μs
[13:39:25] [REI-ReloadPlugins/TRACE] [REI] [REICommonPlugin START] Reloading Section: "pre-stage/FluidSupportProviderImpl/"
[13:39:25] [REI-ReloadPlugins/TRACE] [REI] [REICommonPlugin START] Reloading Section: "pre-stage/FluidSupportProviderImpl/" done in 19.60 μs
[13:39:25] [REI-ReloadPlugins/TRACE] [REI] [REICommonPlugin START] Reloading Section: "pre-stage/me.shedaniel.rei.plugin.client.runtime.PluginStageExecutionWatcher$1/"
[13:39:25] [REI-ReloadPlugins/TRACE] [REI] [REICommonPlugin START] Reloading Section: "pre-stage/me.shedaniel.rei.plugin.client.runtime.PluginStageExecutionWatcher$1/" done in 1.341 ms
[13:39:25] [REI-ReloadPlugins/TRACE] [REI] [REICommonPlugin START] Reloading Section: "pre-stage/" done in 2.782 ms
[13:39:25] [REI-ReloadPlugins/DEBUG] [REI] ========================================
[13:39:25] [REI-ReloadPlugins/DEBUG] [REI] REICommonPlugin finished pre-reload for START in 39.89 ms.
[13:39:25] [REI-ReloadPlugins/DEBUG] [REI] ========================================
[13:39:25] [REI-ReloadPlugins/DEBUG] [REI] ========================================
[13:39:25] [REI-ReloadPlugins/DEBUG] [REI] REIClientPlugin starting pre-reload for START.
[13:39:25] [REI-ReloadPlugins/DEBUG] [REI] Reloadables (18):
[13:39:25] [REI-ReloadPlugins/DEBUG] [REI]  - EntryRendererRegistryImpl
[13:39:25] [REI-ReloadPlugins/DEBUG] [REI]  - ViewsImpl
[13:39:25] [REI-ReloadPlugins/DEBUG] [REI]  - InputMethodRegistryImpl
[13:39:25] [REI-ReloadPlugins/DEBUG] [REI]  - SearchProviderImpl
[13:39:25] [REI-ReloadPlugins/DEBUG] [REI]  - ConfigManagerImpl
[13:39:25] [REI-ReloadPlugins/DEBUG] [REI]  - EntryRegistryImpl
[13:39:25] [REI-ReloadPlugins/DEBUG] [REI]  - CollapsibleEntryRegistryImpl
[13:39:25] [REI-ReloadPlugins/DEBUG] [REI]  - BasicFilteringRuleImpl
[13:39:25] [REI-ReloadPlugins/DEBUG] [REI]  - CategoryRegistryImpl
[13:39:25] [REI-ReloadPlugins/DEBUG] [REI]  - DisplayRegistryImpl
[13:39:25] [REI-ReloadPlugins/DEBUG] [REI]  - ScreenRegistryImpl
[13:39:25] [REI-ReloadPlugins/DEBUG] [REI]  - FavoriteEntryTypeRegistryImpl
[13:39:25] [REI-ReloadPlugins/DEBUG] [REI]  - SubsetsRegistryImpl
[13:39:25] [REI-ReloadPlugins/DEBUG] [REI]  - TransferHandlerRegistryImpl
[13:39:25] [REI-ReloadPlugins/DEBUG] [REI]  - SearchRuntime
[13:39:25] [REI-ReloadPlugins/DEBUG] [REI]  - REIRuntimeImpl
[13:39:25] [REI-ReloadPlugins/DEBUG] [REI]  - ConfigAddonRegistryImpl
[13:39:25] [REI-ReloadPlugins/DEBUG] [REI]  - me.shedaniel.rei.plugin.client.runtime.PluginStageExecutionWatcher$1
[13:39:25] [REI-ReloadPlugins/DEBUG] [REI] Plugins (3):
[13:39:25] [REI-ReloadPlugins/DEBUG] [REI]  - (-100,00) DefaultClientPluginImpl of DefaultClientPluginImpl [roughlyenoughitems]
[13:39:25] [REI-ReloadPlugins/DEBUG] [REI]  - (0,00) HideIngredientsFromTagsPlugin of HideIngredientsFromTagsPlugin [roughlyenoughitems]
[13:39:25] [REI-ReloadPlugins/DEBUG] [REI]  - (0,00) DefaultClientRuntimePlugin of DefaultClientRuntimePlugin [roughlyenoughitems]
[13:39:25] [REI-ReloadPlugins/DEBUG] [REI] ========================================
[13:39:25] [REI-ReloadPlugins/TRACE] [REI] [REIClientPlugin START] Reloading Section: "pre-register/"
[13:39:25] [REI-ReloadPlugins/TRACE] [REI] [REIClientPlugin START] Reloading Section: "pre-register/DefaultClientPluginImpl of DefaultClientPluginImpl [roughlyenoughitems]/"
[13:39:25] [REI-ReloadPlugins/TRACE] [REI] [REIClientPlugin START] Reloading Section: "pre-register/DefaultClientPluginImpl of DefaultClientPluginImpl [roughlyenoughitems]/" done in 24.60 μs
[13:39:25] [REI-ReloadPlugins/TRACE] [REI] [REIClientPlugin START] Reloading Section: "pre-register/HideIngredientsFromTagsPlugin of HideIngredientsFromTagsPlugin [roughlyenoughitems]/"
[13:39:25] [REI-ReloadPlugins/TRACE] [REI] [REIClientPlugin START] Reloading Section: "pre-register/HideIngredientsFromTagsPlugin of HideIngredientsFromTagsPlugin [roughlyenoughitems]/" done in 24.10 μs
[13:39:25] [REI-ReloadPlugins/TRACE] [REI] [REIClientPlugin START] Reloading Section: "pre-register/DefaultClientRuntimePlugin of DefaultClientRuntimePlugin [roughlyenoughitems]/"
[13:39:25] [REI-ReloadPlugins/TRACE] [REI] [REIClientPlugin START] Reloading Section: "pre-register/DefaultClientRuntimePlugin of DefaultClientRuntimePlugin [roughlyenoughitems]/" done in 221.3 μs
[13:39:25] [REI-ReloadPlugins/TRACE] [REI] [REIClientPlugin START] Reloading Section: "pre-register/" done in 519.9 μs
[13:39:25] [REI-ReloadPlugins/TRACE] [REI] [REIClientPlugin START] Reloading Section: "pre-stage/"
[13:39:25] [REI-ReloadPlugins/TRACE] [REI] [REIClientPlugin START] Reloading Section: "pre-stage/EntryRendererRegistryImpl/"
[13:39:25] [REI-ReloadPlugins/TRACE] [REI] [REIClientPlugin START] Reloading Section: "pre-stage/EntryRendererRegistryImpl/" done in 36.30 μs
[13:39:25] [REI-ReloadPlugins/TRACE] [REI] [REIClientPlugin START] Reloading Section: "pre-stage/ViewsImpl/"
[13:39:25] [REI-ReloadPlugins/TRACE] [REI] [REIClientPlugin START] Reloading Section: "pre-stage/ViewsImpl/" done in 34.10 μs
[13:39:25] [REI-ReloadPlugins/TRACE] [REI] [REIClientPlugin START] Reloading Section: "pre-stage/InputMethodRegistryImpl/"
[13:39:25] [REI-ReloadPlugins/TRACE] [REI] [REIClientPlugin START] Reloading Section: "pre-stage/InputMethodRegistryImpl/" done in 23.50 μs
[13:39:25] [REI-ReloadPlugins/TRACE] [REI] [REIClientPlugin START] Reloading Section: "pre-stage/SearchProviderImpl/"
[13:39:25] [REI-ReloadPlugins/TRACE] [REI] [REIClientPlugin START] Reloading Section: "pre-stage/SearchProviderImpl/" done in 25.20 μs
[13:39:25] [REI-ReloadPlugins/TRACE] [REI] [REIClientPlugin START] Reloading Section: "pre-stage/ConfigManagerImpl/"
[13:39:25] [REI-ReloadPlugins/TRACE] [REI] [REIClientPlugin START] Reloading Section: "pre-stage/ConfigManagerImpl/" done in 22.80 μs
[13:39:25] [REI-ReloadPlugins/TRACE] [REI] [REIClientPlugin START] Reloading Section: "pre-stage/EntryRegistryImpl/"
[13:39:25] [REI-ReloadPlugins/TRACE] [REI] [REIClientPlugin START] Reloading Section: "pre-stage/EntryRegistryImpl/" done in 24.10 μs
[13:39:25] [REI-ReloadPlugins/TRACE] [REI] [REIClientPlugin START] Reloading Section: "pre-stage/CollapsibleEntryRegistryImpl/"
[13:39:25] [REI-ReloadPlugins/TRACE] [REI] [REIClientPlugin START] Reloading Section: "pre-stage/CollapsibleEntryRegistryImpl/" done in 290.5 μs
[13:39:25] [REI-ReloadPlugins/TRACE] [REI] [REIClientPlugin START] Reloading Section: "pre-stage/BasicFilteringRuleImpl/"
[13:39:25] [REI-ReloadPlugins/TRACE] [REI] [REIClientPlugin START] Reloading Section: "pre-stage/BasicFilteringRuleImpl/" done in 21.70 μs
[13:39:25] [REI-ReloadPlugins/TRACE] [REI] [REIClientPlugin START] Reloading Section: "pre-stage/CategoryRegistryImpl/"
[13:39:25] [REI-ReloadPlugins/TRACE] [REI] [REIClientPlugin START] Reloading Section: "pre-stage/CategoryRegistryImpl/" done in 30.90 μs
[13:39:25] [REI-ReloadPlugins/TRACE] [REI] [REIClientPlugin START] Reloading Section: "pre-stage/DisplayRegistryImpl/"
[13:39:25] [REI-ReloadPlugins/TRACE] [REI] [REIClientPlugin START] Reloading Section: "pre-stage/DisplayRegistryImpl/" done in 15.50 μs
[13:39:25] [REI-ReloadPlugins/TRACE] [REI] [REIClientPlugin START] Reloading Section: "pre-stage/ScreenRegistryImpl/"
[13:39:25] [REI-ReloadPlugins/TRACE] [REI] [REIClientPlugin START] Reloading Section: "pre-stage/ScreenRegistryImpl/" done in 16.00 μs
[13:39:25] [REI-ReloadPlugins/TRACE] [REI] [REIClientPlugin START] Reloading Section: "pre-stage/FavoriteEntryTypeRegistryImpl/"
[13:39:25] [REI-ReloadPlugins/TRACE] [REI] [REIClientPlugin START] Reloading Section: "pre-stage/FavoriteEntryTypeRegistryImpl/" done in 27.00 μs
[13:39:25] [REI-ReloadPlugins/TRACE] [REI] [REIClientPlugin START] Reloading Section: "pre-stage/SubsetsRegistryImpl/"
[13:39:25] [REI-ReloadPlugins/TRACE] [REI] [REIClientPlugin START] Reloading Section: "pre-stage/SubsetsRegistryImpl/" done in 29.50 μs
[13:39:25] [REI-ReloadPlugins/TRACE] [REI] [REIClientPlugin START] Reloading Section: "pre-stage/TransferHandlerRegistryImpl/"
[13:39:25] [REI-ReloadPlugins/TRACE] [REI] [REIClientPlugin START] Reloading Section: "pre-stage/TransferHandlerRegistryImpl/" done in 16.80 μs
[13:39:25] [REI-ReloadPlugins/TRACE] [REI] [REIClientPlugin START] Reloading Section: "pre-stage/SearchRuntime/"
[13:39:25] [REI-ReloadPlugins/TRACE] [REI] [REIClientPlugin START] Reloading Section: "pre-stage/SearchRuntime/" done in 16.80 μs
[13:39:25] [REI-ReloadPlugins/TRACE] [REI] [REIClientPlugin START] Reloading Section: "pre-stage/REIRuntimeImpl/"
[13:39:25] [REI-ReloadPlugins/TRACE] [REI] [REIClientPlugin START] Reloading Section: "pre-stage/REIRuntimeImpl/" done in 44.50 μs
[13:39:25] [REI-ReloadPlugins/TRACE] [REI] [REIClientPlugin START] Reloading Section: "pre-stage/ConfigAddonRegistryImpl/"
[13:39:25] [REI-ReloadPlugins/TRACE] [REI] [REIClientPlugin START] Reloading Section: "pre-stage/ConfigAddonRegistryImpl/" done in 22.10 μs
[13:39:25] [REI-ReloadPlugins/TRACE] [REI] [REIClientPlugin START] Reloading Section: "pre-stage/me.shedaniel.rei.plugin.client.runtime.PluginStageExecutionWatcher$1/"
[13:39:25] [REI-ReloadPlugins/TRACE] [REI] [REIClientPlugin START] Reloading Section: "pre-stage/me.shedaniel.rei.plugin.client.runtime.PluginStageExecutionWatcher$1/" done in 30.70 μs
[13:39:25] [REI-ReloadPlugins/TRACE] [REI] [REIClientPlugin START] Reloading Section: "pre-stage/" done in 1.587 ms
[13:39:25] [REI-ReloadPlugins/DEBUG] [REI] ========================================
[13:39:25] [REI-ReloadPlugins/DEBUG] [REI] REIClientPlugin finished pre-reload for START in 2.192 ms.
[13:39:25] [REI-ReloadPlugins/DEBUG] [REI] ========================================
[13:39:25] [REI-ReloadPlugins/INFO] [REI] ########################################
[13:39:25] [REI-ReloadPlugins/INFO] [REI] REICommonPlugin starting main-reload for START.
[13:39:25] [REI-ReloadPlugins/DEBUG] [REI] Reloadables (9):
[13:39:25] [REI-ReloadPlugins/DEBUG] [REI]  - SlotAccessorRegistryImpl
[13:39:25] [REI-ReloadPlugins/DEBUG] [REI]  - EntryTypeRegistryImpl
[13:39:25] [REI-ReloadPlugins/DEBUG] [REI]  - EntrySettingsAdapterRegistryImpl
[13:39:25] [REI-ReloadPlugins/DEBUG] [REI]  - ItemComparatorRegistryImpl
[13:39:25] [REI-ReloadPlugins/DEBUG] [REI]  - FluidComparatorRegistryImpl
[13:39:25] [REI-ReloadPlugins/DEBUG] [REI]  - DisplaySerializerRegistryImpl
[13:39:25] [REI-ReloadPlugins/DEBUG] [REI]  - ServerDisplayRegistryImpl
[13:39:25] [REI-ReloadPlugins/DEBUG] [REI]  - FluidSupportProviderImpl
[13:39:25] [REI-ReloadPlugins/DEBUG] [REI]  - me.shedaniel.rei.plugin.client.runtime.PluginStageExecutionWatcher$1
[13:39:25] [REI-ReloadPlugins/INFO] [REI] Plugins (2):
[13:39:25] [REI-ReloadPlugins/INFO] [REI]  - (-100,00) DefaultPluginImpl of DefaultPluginImpl [roughlyenoughitems]
[13:39:25] [REI-ReloadPlugins/INFO] [REI]  - (0,00) DefaultRuntimePlugin of DefaultRuntimePlugin [roughlyenoughitems]
[13:39:25] [REI-ReloadPlugins/INFO] [REI] ########################################
[13:39:25] [REI-ReloadPlugins/TRACE] [REI] [REICommonPlugin START] Reloading Section: "start-reload/"
[13:39:25] [REI-ReloadPlugins/TRACE] [REI] [REICommonPlugin START] Reloading Section: "start-reload/SlotAccessorRegistryImpl/"
[13:39:25] [REI-ReloadPlugins/TRACE] [REI] [REICommonPlugin START] Reloading Section: "start-reload/SlotAccessorRegistryImpl/" done in 45.70 μs
[13:39:25] [REI-ReloadPlugins/TRACE] [REI] [REICommonPlugin START] Reloading Section: "start-reload/EntryTypeRegistryImpl/"
[13:39:25] [REI-ReloadPlugins/TRACE] [REI] [REICommonPlugin START] Reloading Section: "start-reload/EntryTypeRegistryImpl/" done in 49.90 μs
[13:39:25] [REI-ReloadPlugins/TRACE] [REI] [REICommonPlugin START] Reloading Section: "start-reload/EntrySettingsAdapterRegistryImpl/"
[13:39:25] [REI-ReloadPlugins/TRACE] [REI] [REICommonPlugin START] Reloading Section: "start-reload/EntrySettingsAdapterRegistryImpl/" done in 21.50 μs
[13:39:25] [REI-ReloadPlugins/TRACE] [REI] [REICommonPlugin START] Reloading Section: "start-reload/ItemComparatorRegistryImpl/"
[13:39:25] [REI-ReloadPlugins/TRACE] [REI] [REICommonPlugin START] Reloading Section: "start-reload/ItemComparatorRegistryImpl/" done in 28.60 μs
[13:39:25] [REI-ReloadPlugins/TRACE] [REI] [REICommonPlugin START] Reloading Section: "start-reload/FluidComparatorRegistryImpl/"
[13:39:25] [REI-ReloadPlugins/TRACE] [REI] [REICommonPlugin START] Reloading Section: "start-reload/FluidComparatorRegistryImpl/" done in 19.10 μs
[13:39:25] [REI-ReloadPlugins/TRACE] [REI] [REICommonPlugin START] Reloading Section: "start-reload/DisplaySerializerRegistryImpl/"
[13:39:25] [REI-ReloadPlugins/TRACE] [REI] [REICommonPlugin START] Reloading Section: "start-reload/DisplaySerializerRegistryImpl/" done in 18.90 μs
[13:39:25] [REI-ReloadPlugins/TRACE] [REI] [REICommonPlugin START] Reloading Section: "start-reload/ServerDisplayRegistryImpl/"
[13:39:25] [REI-ReloadPlugins/TRACE] [REI] [REICommonPlugin START] Reloading Section: "start-reload/ServerDisplayRegistryImpl/" done in 17.00 μs
[13:39:25] [REI-ReloadPlugins/TRACE] [REI] [REICommonPlugin START] Reloading Section: "start-reload/FluidSupportProviderImpl/"
[13:39:25] [REI-ReloadPlugins/TRACE] [REI] [REICommonPlugin START] Reloading Section: "start-reload/FluidSupportProviderImpl/" done in 23.10 μs
[13:39:25] [REI-ReloadPlugins/TRACE] [REI] [REICommonPlugin START] Reloading Section: "start-reload/me.shedaniel.rei.plugin.client.runtime.PluginStageExecutionWatcher$1/"
[13:39:25] [REI-ReloadPlugins/TRACE] [REI] [REICommonPlugin START] Reloading Section: "start-reload/me.shedaniel.rei.plugin.client.runtime.PluginStageExecutionWatcher$1/" done in 22.80 μs
[13:39:25] [REI-ReloadPlugins/TRACE] [REI] [REICommonPlugin START] Reloading Section: "start-reload/" done in 737.8 μs
[13:39:25] [REI-ReloadPlugins/DEBUG] [REI] ========================================
[13:39:25] [REI-ReloadPlugins/DEBUG] [REI] REICommonPlugin started main-reload for START.
[13:39:25] [REI-ReloadPlugins/DEBUG] [REI] ========================================
[13:39:25] [REI-ReloadPlugins/TRACE] [REI] [REICommonPlugin START] Reloading Section: "reloadable-plugin/SlotAccessorRegistryImpl/"
[13:39:25] [REI-ReloadPlugins/TRACE] [REI] [REICommonPlugin START] Reloading Section: "reloadable-plugin/SlotAccessorRegistryImpl/DefaultPluginImpl of DefaultPluginImpl [roughlyenoughitems]/"
[13:39:25] [REI-ReloadPlugins/TRACE] [REI] [REICommonPlugin START] Reloading Section: "reloadable-plugin/SlotAccessorRegistryImpl/DefaultPluginImpl of DefaultPluginImpl [roughlyenoughitems]/" done in 765.1 μs
[13:39:25] [REI-ReloadPlugins/TRACE] [REI] [REICommonPlugin START] Reloading Section: "reloadable-plugin/SlotAccessorRegistryImpl/DefaultRuntimePlugin of DefaultRuntimePlugin [roughlyenoughitems]/"
[13:39:25] [REI-ReloadPlugins/TRACE] [REI] [REICommonPlugin START] Reloading Section: "reloadable-plugin/SlotAccessorRegistryImpl/DefaultRuntimePlugin of DefaultRuntimePlugin [roughlyenoughitems]/" done in 45.50 μs
[13:39:25] [REI-ReloadPlugins/TRACE] [REI] [REICommonPlugin START] Reloading Section: "reloadable-plugin/SlotAccessorRegistryImpl/" done in 1.951 ms
[13:39:25] [REI-ReloadPlugins/TRACE] [REI] [REICommonPlugin START] Reloading Section: "reloadable-plugin/EntryTypeRegistryImpl/"
[13:39:25] [REI-ReloadPlugins/TRACE] [REI] [REICommonPlugin START] Reloading Section: "reloadable-plugin/EntryTypeRegistryImpl/DefaultPluginImpl of DefaultPluginImpl [roughlyenoughitems]/"
[13:39:25] [REI-ReloadPlugins/TRACE] [REI] [REICommonPlugin START] Reloading Section: "reloadable-plugin/EntryTypeRegistryImpl/DefaultPluginImpl of DefaultPluginImpl [roughlyenoughitems]/" done in 41.50 μs
[13:39:25] [REI-ReloadPlugins/TRACE] [REI] [REICommonPlugin START] Reloading Section: "reloadable-plugin/EntryTypeRegistryImpl/DefaultRuntimePlugin of DefaultRuntimePlugin [roughlyenoughitems]/"
[13:39:25] [REI-ReloadPlugins/TRACE] [REI] [REICommonPlugin START] Reloading Section: "reloadable-plugin/EntryTypeRegistryImpl/DefaultRuntimePlugin of DefaultRuntimePlugin [roughlyenoughitems]/" done in 21.35 ms
[13:39:25] [REI-ReloadPlugins/TRACE] [REI] [REICommonPlugin START] Reloading Section: "reloadable-plugin/EntryTypeRegistryImpl/" done in 21.75 ms
[13:39:25] [REI-ReloadPlugins/TRACE] [REI] [REICommonPlugin START] Reloading Section: "reloadable-plugin/EntrySettingsAdapterRegistryImpl/"
[13:39:25] [REI-ReloadPlugins/TRACE] [REI] [REICommonPlugin START] Reloading Section: "reloadable-plugin/EntrySettingsAdapterRegistryImpl/DefaultPluginImpl of DefaultPluginImpl [roughlyenoughitems]/"
[13:39:25] [REI-ReloadPlugins/TRACE] [REI] [REICommonPlugin START] Reloading Section: "reloadable-plugin/EntrySettingsAdapterRegistryImpl/DefaultPluginImpl of DefaultPluginImpl [roughlyenoughitems]/" done in 55.20 μs
[13:39:25] [REI-ReloadPlugins/TRACE] [REI] [REICommonPlugin START] Reloading Section: "reloadable-plugin/EntrySettingsAdapterRegistryImpl/DefaultRuntimePlugin of DefaultRuntimePlugin [roughlyenoughitems]/"
[13:39:25] [REI-ReloadPlugins/TRACE] [REI] [REICommonPlugin START] Reloading Section: "reloadable-plugin/EntrySettingsAdapterRegistryImpl/DefaultRuntimePlugin of DefaultRuntimePlugin [roughlyenoughitems]/" done in 27.10 μs
[13:39:25] [REI-ReloadPlugins/TRACE] [REI] [REICommonPlugin START] Reloading Section: "reloadable-plugin/EntrySettingsAdapterRegistryImpl/" done in 313.6 μs
[13:39:25] [REI-ReloadPlugins/TRACE] [REI] [REICommonPlugin START] Reloading Section: "reloadable-plugin/ItemComparatorRegistryImpl/"
[13:39:25] [REI-ReloadPlugins/TRACE] [REI] [REICommonPlugin START] Reloading Section: "reloadable-plugin/ItemComparatorRegistryImpl/DefaultPluginImpl of DefaultPluginImpl [roughlyenoughitems]/"
[13:39:25] [REI-ReloadPlugins/TRACE] [REI] [REICommonPlugin START] Reloading Section: "reloadable-plugin/ItemComparatorRegistryImpl/DefaultPluginImpl of DefaultPluginImpl [roughlyenoughitems]/" done in 994.2 μs
[13:39:25] [REI-ReloadPlugins/TRACE] [REI] [REICommonPlugin START] Reloading Section: "reloadable-plugin/ItemComparatorRegistryImpl/DefaultRuntimePlugin of DefaultRuntimePlugin [roughlyenoughitems]/"
[13:39:25] [REI-ReloadPlugins/TRACE] [REI] [REICommonPlugin START] Reloading Section: "reloadable-plugin/ItemComparatorRegistryImpl/DefaultRuntimePlugin of DefaultRuntimePlugin [roughlyenoughitems]/" done in 60.50 μs
[13:39:25] [REI-ReloadPlugins/TRACE] [REI] [REICommonPlugin START] Reloading Section: "reloadable-plugin/ItemComparatorRegistryImpl/" done in 1.284 ms
[13:39:25] [REI-ReloadPlugins/TRACE] [REI] [REICommonPlugin START] Reloading Section: "reloadable-plugin/FluidComparatorRegistryImpl/"
[13:39:25] [REI-ReloadPlugins/TRACE] [REI] [REICommonPlugin START] Reloading Section: "reloadable-plugin/FluidComparatorRegistryImpl/DefaultPluginImpl of DefaultPluginImpl [roughlyenoughitems]/"
[13:39:25] [REI-ReloadPlugins/TRACE] [REI] [REICommonPlugin START] Reloading Section: "reloadable-plugin/FluidComparatorRegistryImpl/DefaultPluginImpl of DefaultPluginImpl [roughlyenoughitems]/" done in 28.30 μs
[13:39:25] [REI-ReloadPlugins/TRACE] [REI] [REICommonPlugin START] Reloading Section: "reloadable-plugin/FluidComparatorRegistryImpl/DefaultRuntimePlugin of DefaultRuntimePlugin [roughlyenoughitems]/"
[13:39:25] [REI-ReloadPlugins/TRACE] [REI] [REICommonPlugin START] Reloading Section: "reloadable-plugin/FluidComparatorRegistryImpl/DefaultRuntimePlugin of DefaultRuntimePlugin [roughlyenoughitems]/" done in 17.30 μs
[13:39:25] [REI-ReloadPlugins/TRACE] [REI] [REICommonPlugin START] Reloading Section: "reloadable-plugin/FluidComparatorRegistryImpl/" done in 154.1 μs
[13:39:25] [REI-ReloadPlugins/TRACE] [REI] [REICommonPlugin START] Reloading Section: "reloadable-plugin/DisplaySerializerRegistryImpl/"
[13:39:25] [REI-ReloadPlugins/TRACE] [REI] [REICommonPlugin START] Reloading Section: "reloadable-plugin/DisplaySerializerRegistryImpl/DefaultPluginImpl of DefaultPluginImpl [roughlyenoughitems]/"
[13:39:25] [REI-ReloadPlugins/DEBUG] [REI] Added display serializer [minecraft:client/crafting/shaped] me.shedaniel.rei.api.common.display.DisplaySerializer$1@63049dcc
[13:39:25] [REI-ReloadPlugins/DEBUG] [REI] Added display serializer [minecraft:client/crafting/shapeless] me.shedaniel.rei.api.common.display.DisplaySerializer$1@3753b859
[13:39:25] [REI-ReloadPlugins/DEBUG] [REI] Added display serializer [minecraft:client/smelting] me.shedaniel.rei.api.common.display.DisplaySerializer$1@219b215d
[13:39:25] [REI-ReloadPlugins/DEBUG] [REI] Added display serializer [minecraft:client/smoking] me.shedaniel.rei.api.common.display.DisplaySerializer$1@6eeb07ab
[13:39:25] [REI-ReloadPlugins/DEBUG] [REI] Added display serializer [minecraft:client/blasting] me.shedaniel.rei.api.common.display.DisplaySerializer$1@5012aee8
[13:39:25] [REI-ReloadPlugins/DEBUG] [REI] Added display serializer [minecraft:default/crafting/shaped] me.shedaniel.rei.api.common.display.DisplaySerializer$1@59706611
[13:39:25] [REI-ReloadPlugins/DEBUG] [REI] Added display serializer [minecraft:default/crafting/shapeless] me.shedaniel.rei.api.common.display.DisplaySerializer$1@2b72fd5a
[13:39:25] [REI-ReloadPlugins/DEBUG] [REI] Added display serializer [minecraft:default/crafting/custom] me.shedaniel.rei.api.common.display.DisplaySerializer$1@4ae448fc
[13:39:25] [REI-ReloadPlugins/DEBUG] [REI] Added display serializer [minecraft:default/crafting/custom_shaped] me.shedaniel.rei.api.common.display.DisplaySerializer$1@56ba5a3f
[13:39:25] [REI-ReloadPlugins/DEBUG] [REI] Added display serializer [minecraft:default/crafting/custom_shapeless] me.shedaniel.rei.api.common.display.DisplaySerializer$1@59857b7d
[13:39:25] [REI-ReloadPlugins/DEBUG] [REI] Added display serializer [minecraft:extension/crafting/map_extending] me.shedaniel.rei.api.common.display.DisplaySerializer$1@6c592e7b
[13:39:25] [REI-ReloadPlugins/DEBUG] [REI] Added display serializer [minecraft:default/smelting] me.shedaniel.rei.api.common.display.DisplaySerializer$1@6649109e
[13:39:25] [REI-ReloadPlugins/DEBUG] [REI] Added display serializer [minecraft:default/smoking] me.shedaniel.rei.api.common.display.DisplaySerializer$1@47ba597a
[13:39:25] [REI-ReloadPlugins/DEBUG] [REI] Added display serializer [minecraft:default/blasting] me.shedaniel.rei.api.common.display.DisplaySerializer$1@5b5f5e29
[13:39:25] [REI-ReloadPlugins/DEBUG] [REI] Added display serializer [minecraft:default/campfire] me.shedaniel.rei.api.common.display.DisplaySerializer$1@188bc676
[13:39:25] [REI-ReloadPlugins/DEBUG] [REI] Added display serializer [minecraft:default/stone_cutting] me.shedaniel.rei.api.common.display.DisplaySerializer$1@23e655de
[13:39:25] [REI-ReloadPlugins/DEBUG] [REI] Added display serializer [minecraft:default/stripping] me.shedaniel.rei.api.common.display.DisplaySerializer$1@6c731dd9
[13:39:25] [REI-ReloadPlugins/DEBUG] [REI] Added display serializer [minecraft:default/brewing] me.shedaniel.rei.api.common.display.DisplaySerializer$1@5406fabd
[13:39:25] [REI-ReloadPlugins/DEBUG] [REI] Added display serializer [minecraft:default/composting] me.shedaniel.rei.api.common.display.DisplaySerializer$1@30d6e2b0
[13:39:25] [REI-ReloadPlugins/DEBUG] [REI] Added display serializer [minecraft:default/fuel] me.shedaniel.rei.api.common.display.DisplaySerializer$1@5ec7e5f6
[13:39:25] [REI-ReloadPlugins/DEBUG] [REI] Added display serializer [minecraft:default/smithing] me.shedaniel.rei.api.common.display.DisplaySerializer$1@7c41648c
[13:39:25] [REI-ReloadPlugins/DEBUG] [REI] Added display serializer [minecraft:default/smithing/trimming] me.shedaniel.rei.api.common.display.DisplaySerializer$1@34aa7789
[13:39:25] [REI-ReloadPlugins/DEBUG] [REI] Added display serializer [minecraft:default/anvil] me.shedaniel.rei.api.common.display.DisplaySerializer$1@490e7122
[13:39:25] [REI-ReloadPlugins/DEBUG] [REI] Added display serializer [minecraft:default/beacon_base] me.shedaniel.rei.api.common.display.DisplaySerializer$1@515b722a
[13:39:25] [REI-ReloadPlugins/DEBUG] [REI] Added display serializer [minecraft:default/beacon_payment] me.shedaniel.rei.api.common.display.DisplaySerializer$1@3ac77219
[13:39:25] [REI-ReloadPlugins/DEBUG] [REI] Added display serializer [minecraft:default/tilling] me.shedaniel.rei.api.common.display.DisplaySerializer$1@4d418e53
[13:39:25] [REI-ReloadPlugins/DEBUG] [REI] Added display serializer [minecraft:default/pathing] me.shedaniel.rei.api.common.display.DisplaySerializer$1@34364bd9
[13:39:25] [REI-ReloadPlugins/DEBUG] [REI] Added display serializer [minecraft:default/waxing] me.shedaniel.rei.api.common.display.DisplaySerializer$1@5f538e9
[13:39:25] [REI-ReloadPlugins/DEBUG] [REI] Added display serializer [minecraft:default/waxing_scraping] me.shedaniel.rei.api.common.display.DisplaySerializer$1@565fcd8f
[13:39:25] [REI-ReloadPlugins/DEBUG] [REI] Added display serializer [minecraft:default/oxidizing] me.shedaniel.rei.api.common.display.DisplaySerializer$1@38d01c84
[13:39:25] [REI-ReloadPlugins/DEBUG] [REI] Added display serializer [minecraft:default/oxidizing_scraping] me.shedaniel.rei.api.common.display.DisplaySerializer$1@5804c775
[13:39:25] [REI-ReloadPlugins/DEBUG] [REI] Added display serializer [roughlyenoughitems:default/information] me.shedaniel.rei.api.common.display.DisplaySerializer$1@38ff5840
[13:39:25] [REI-ReloadPlugins/TRACE] [REI] [REICommonPlugin START] Reloading Section: "reloadable-plugin/DisplaySerializerRegistryImpl/DefaultPluginImpl of DefaultPluginImpl [roughlyenoughitems]/" done in 184.4 ms
[13:39:25] [REI-ReloadPlugins/TRACE] [REI] [REICommonPlugin START] Reloading Section: "reloadable-plugin/DisplaySerializerRegistryImpl/DefaultRuntimePlugin of DefaultRuntimePlugin [roughlyenoughitems]/"
[13:39:25] [REI-ReloadPlugins/TRACE] [REI] [REICommonPlugin START] Reloading Section: "reloadable-plugin/DisplaySerializerRegistryImpl/DefaultRuntimePlugin of DefaultRuntimePlugin [roughlyenoughitems]/" done in 59.30 μs
[13:39:25] [REI-ReloadPlugins/TRACE] [REI] [REICommonPlugin START] Reloading Section: "reloadable-plugin/DisplaySerializerRegistryImpl/" done in 184.8 ms
[13:39:25] [REI-ReloadPlugins/TRACE] [REI] [REICommonPlugin START] Reloading Section: "reloadable-plugin/ServerDisplayRegistryImpl/"
[13:39:25] [REI-ReloadPlugins/TRACE] [REI] [REICommonPlugin START] Reloading Section: "reloadable-plugin/ServerDisplayRegistryImpl/DefaultPluginImpl of DefaultPluginImpl [roughlyenoughitems]/"
[13:39:25] [REI-ReloadPlugins/TRACE] [REI] [REICommonPlugin START] Reloading Section: "reloadable-plugin/ServerDisplayRegistryImpl/DefaultPluginImpl of DefaultPluginImpl [roughlyenoughitems]/" done in 18.60 μs
[13:39:25] [REI-ReloadPlugins/TRACE] [REI] [REICommonPlugin START] Reloading Section: "reloadable-plugin/ServerDisplayRegistryImpl/DefaultRuntimePlugin of DefaultRuntimePlugin [roughlyenoughitems]/"
[13:39:25] [REI-ReloadPlugins/TRACE] [REI] [REICommonPlugin START] Reloading Section: "reloadable-plugin/ServerDisplayRegistryImpl/DefaultRuntimePlugin of DefaultRuntimePlugin [roughlyenoughitems]/" done in 14.90 μs
[13:39:25] [REI-ReloadPlugins/TRACE] [REI] [REICommonPlugin START] Reloading Section: "reloadable-plugin/ServerDisplayRegistryImpl/" done in 136.1 μs
[13:39:25] [REI-ReloadPlugins/TRACE] [REI] [REICommonPlugin START] Reloading Section: "reloadable-plugin/FluidSupportProviderImpl/"
[13:39:25] [REI-ReloadPlugins/TRACE] [REI] [REICommonPlugin START] Reloading Section: "reloadable-plugin/FluidSupportProviderImpl/DefaultPluginImpl of DefaultPluginImpl [roughlyenoughitems]/"
[13:39:25] [REI-ReloadPlugins/TRACE] [REI] [REICommonPlugin START] Reloading Section: "reloadable-plugin/FluidSupportProviderImpl/DefaultPluginImpl of DefaultPluginImpl [roughlyenoughitems]/" done in 1.906 ms
[13:39:25] [REI-ReloadPlugins/TRACE] [REI] [REICommonPlugin START] Reloading Section: "reloadable-plugin/FluidSupportProviderImpl/DefaultRuntimePlugin of DefaultRuntimePlugin [roughlyenoughitems]/"
[13:39:25] [REI-ReloadPlugins/TRACE] [REI] [REICommonPlugin START] Reloading Section: "reloadable-plugin/FluidSupportProviderImpl/DefaultRuntimePlugin of DefaultRuntimePlugin [roughlyenoughitems]/" done in 50.20 μs
[13:39:25] [REI-ReloadPlugins/TRACE] [REI] [REICommonPlugin START] Reloading Section: "reloadable-plugin/FluidSupportProviderImpl/" done in 2.197 ms
[13:39:25] [REI-ReloadPlugins/TRACE] [REI] [REICommonPlugin START] Reloading Section: "reloadable-plugin/me.shedaniel.rei.plugin.client.runtime.PluginStageExecutionWatcher$1/"
[13:39:25] [REI-ReloadPlugins/TRACE] [REI] [REICommonPlugin START] Reloading Section: "reloadable-plugin/me.shedaniel.rei.plugin.client.runtime.PluginStageExecutionWatcher$1/DefaultPluginImpl of DefaultPluginImpl [roughlyenoughitems]/"
[13:39:25] [REI-ReloadPlugins/TRACE] [REI] [REICommonPlugin START] Reloading Section: "reloadable-plugin/me.shedaniel.rei.plugin.client.runtime.PluginStageExecutionWatcher$1/DefaultPluginImpl of DefaultPluginImpl [roughlyenoughitems]/" done in 31.60 μs
[13:39:25] [REI-ReloadPlugins/TRACE] [REI] [REICommonPlugin START] Reloading Section: "reloadable-plugin/me.shedaniel.rei.plugin.client.runtime.PluginStageExecutionWatcher$1/DefaultRuntimePlugin of DefaultRuntimePlugin [roughlyenoughitems]/"
[13:39:25] [REI-ReloadPlugins/TRACE] [REI] [REICommonPlugin START] Reloading Section: "reloadable-plugin/me.shedaniel.rei.plugin.client.runtime.PluginStageExecutionWatcher$1/DefaultRuntimePlugin of DefaultRuntimePlugin [roughlyenoughitems]/" done in 25.90 μs
[13:39:25] [REI-ReloadPlugins/TRACE] [REI] [REICommonPlugin START] Reloading Section: "reloadable-plugin/me.shedaniel.rei.plugin.client.runtime.PluginStageExecutionWatcher$1/" done in 216.6 μs
[13:39:25] [REI-ReloadPlugins/DEBUG] [REI] ========================================
[13:39:25] [REI-ReloadPlugins/DEBUG] [REI] REICommonPlugin ending main-reload for START.
[13:39:25] [REI-ReloadPlugins/DEBUG] [REI] ========================================
[13:39:25] [REI-ReloadPlugins/TRACE] [REI] [REICommonPlugin START] Reloading Section: "end-reload/"
[13:39:25] [REI-ReloadPlugins/TRACE] [REI] [REICommonPlugin START] Reloading Section: "end-reload/SlotAccessorRegistryImpl/"
[13:39:25] [REI-ReloadPlugins/TRACE] [REI] [REICommonPlugin START] Reloading Section: "end-reload/SlotAccessorRegistryImpl/" done in 32.20 μs
[13:39:25] [REI-ReloadPlugins/TRACE] [REI] [REICommonPlugin START] Reloading Section: "end-reload/EntryTypeRegistryImpl/"
[13:39:25] [REI-ReloadPlugins/TRACE] [REI] [REICommonPlugin START] Reloading Section: "end-reload/EntryTypeRegistryImpl/" done in 24.20 μs
[13:39:25] [REI-ReloadPlugins/TRACE] [REI] [REICommonPlugin START] Reloading Section: "end-reload/EntrySettingsAdapterRegistryImpl/"
[13:39:25] [REI-ReloadPlugins/TRACE] [REI] [REICommonPlugin START] Reloading Section: "end-reload/EntrySettingsAdapterRegistryImpl/" done in 19.10 μs
[13:39:25] [REI-ReloadPlugins/TRACE] [REI] [REICommonPlugin START] Reloading Section: "end-reload/ItemComparatorRegistryImpl/"
[13:39:25] [REI-ReloadPlugins/TRACE] [REI] [REICommonPlugin START] Reloading Section: "end-reload/ItemComparatorRegistryImpl/" done in 21.60 μs
[13:39:25] [REI-ReloadPlugins/TRACE] [REI] [REICommonPlugin START] Reloading Section: "end-reload/FluidComparatorRegistryImpl/"
[13:39:25] [REI-ReloadPlugins/TRACE] [REI] [REICommonPlugin START] Reloading Section: "end-reload/FluidComparatorRegistryImpl/" done in 21.10 μs
[13:39:25] [REI-ReloadPlugins/TRACE] [REI] [REICommonPlugin START] Reloading Section: "end-reload/DisplaySerializerRegistryImpl/"
[13:39:25] [REI-ReloadPlugins/TRACE] [REI] [REICommonPlugin START] Reloading Section: "end-reload/DisplaySerializerRegistryImpl/" done in 21.70 μs
[13:39:25] [REI-ReloadPlugins/TRACE] [REI] [REICommonPlugin START] Reloading Section: "end-reload/ServerDisplayRegistryImpl/"
[13:39:25] [REI-ReloadPlugins/TRACE] [REI] [REICommonPlugin START] Reloading Section: "end-reload/ServerDisplayRegistryImpl/" done in 22.20 μs
[13:39:25] [REI-ReloadPlugins/TRACE] [REI] [REICommonPlugin START] Reloading Section: "end-reload/FluidSupportProviderImpl/"
[13:39:25] [REI-ReloadPlugins/TRACE] [REI] [REICommonPlugin START] Reloading Section: "end-reload/FluidSupportProviderImpl/" done in 21.20 μs
[13:39:25] [REI-ReloadPlugins/TRACE] [REI] [REICommonPlugin START] Reloading Section: "end-reload/me.shedaniel.rei.plugin.client.runtime.PluginStageExecutionWatcher$1/"
[13:39:25] [REI-ReloadPlugins/TRACE] [REI] [REICommonPlugin START] Reloading Section: "end-reload/me.shedaniel.rei.plugin.client.runtime.PluginStageExecutionWatcher$1/" done in 21.60 μs
[13:39:25] [REI-ReloadPlugins/TRACE] [REI] [REICommonPlugin START] Reloading Section: "end-reload/" done in 670.1 μs
[13:39:25] [REI-ReloadPlugins/DEBUG] [REI] ========================================
[13:39:25] [REI-ReloadPlugins/DEBUG] [REI] REICommonPlugin ended main-reload for START in 217.5 ms.
[13:39:25] [REI-ReloadPlugins/DEBUG] [REI] ========================================
[13:39:25] [REI-ReloadPlugins/INFO] [REI] ========================================
[13:39:25] [REI-ReloadPlugins/INFO] [REI] REIClientPlugin starting main-reload for START.
[13:39:25] [REI-ReloadPlugins/DEBUG] [REI] Reloadables (18):
[13:39:25] [REI-ReloadPlugins/DEBUG] [REI]  - EntryRendererRegistryImpl
[13:39:25] [REI-ReloadPlugins/DEBUG] [REI]  - ViewsImpl
[13:39:25] [REI-ReloadPlugins/DEBUG] [REI]  - InputMethodRegistryImpl
[13:39:25] [REI-ReloadPlugins/DEBUG] [REI]  - SearchProviderImpl
[13:39:25] [REI-ReloadPlugins/DEBUG] [REI]  - ConfigManagerImpl
[13:39:25] [REI-ReloadPlugins/DEBUG] [REI]  - EntryRegistryImpl
[13:39:25] [REI-ReloadPlugins/DEBUG] [REI]  - CollapsibleEntryRegistryImpl
[13:39:25] [REI-ReloadPlugins/DEBUG] [REI]  - BasicFilteringRuleImpl
[13:39:25] [REI-ReloadPlugins/DEBUG] [REI]  - CategoryRegistryImpl
[13:39:25] [REI-ReloadPlugins/DEBUG] [REI]  - DisplayRegistryImpl
[13:39:25] [REI-ReloadPlugins/DEBUG] [REI]  - ScreenRegistryImpl
[13:39:25] [REI-ReloadPlugins/DEBUG] [REI]  - FavoriteEntryTypeRegistryImpl
[13:39:25] [REI-ReloadPlugins/DEBUG] [REI]  - SubsetsRegistryImpl
[13:39:25] [REI-ReloadPlugins/DEBUG] [REI]  - TransferHandlerRegistryImpl
[13:39:25] [REI-ReloadPlugins/DEBUG] [REI]  - SearchRuntime
[13:39:25] [REI-ReloadPlugins/DEBUG] [REI]  - REIRuntimeImpl
[13:39:25] [REI-ReloadPlugins/DEBUG] [REI]  - ConfigAddonRegistryImpl
[13:39:25] [REI-ReloadPlugins/DEBUG] [REI]  - me.shedaniel.rei.plugin.client.runtime.PluginStageExecutionWatcher$1
[13:39:25] [REI-ReloadPlugins/INFO] [REI] Plugins (3):
[13:39:25] [REI-ReloadPlugins/INFO] [REI]  - (-100,00) DefaultClientPluginImpl of DefaultClientPluginImpl [roughlyenoughitems]
[13:39:25] [REI-ReloadPlugins/INFO] [REI]  - (0,00) HideIngredientsFromTagsPlugin of HideIngredientsFromTagsPlugin [roughlyenoughitems]
[13:39:25] [REI-ReloadPlugins/INFO] [REI]  - (0,00) DefaultClientRuntimePlugin of DefaultClientRuntimePlugin [roughlyenoughitems]
[13:39:25] [REI-ReloadPlugins/INFO] [REI] ========================================
[13:39:25] [REI-ReloadPlugins/TRACE] [REI] [REIClientPlugin START] Reloading Section: "start-reload/"
[13:39:25] [REI-ReloadPlugins/TRACE] [REI] [REIClientPlugin START] Reloading Section: "start-reload/EntryRendererRegistryImpl/"
[13:39:25] [REI-ReloadPlugins/TRACE] [REI] [REIClientPlugin START] Reloading Section: "start-reload/EntryRendererRegistryImpl/" done in 30.50 μs
[13:39:25] [REI-ReloadPlugins/TRACE] [REI] [REIClientPlugin START] Reloading Section: "start-reload/ViewsImpl/"
[13:39:25] [REI-ReloadPlugins/TRACE] [REI] [REIClientPlugin START] Reloading Section: "start-reload/ViewsImpl/" done in 27.90 μs
[13:39:25] [REI-ReloadPlugins/TRACE] [REI] [REIClientPlugin START] Reloading Section: "start-reload/InputMethodRegistryImpl/"
[13:39:25] [REI-ReloadPlugins/TRACE] [REI] [REIClientPlugin START] Reloading Section: "start-reload/InputMethodRegistryImpl/" done in 22.30 μs
[13:39:25] [REI-ReloadPlugins/TRACE] [REI] [REIClientPlugin START] Reloading Section: "start-reload/SearchProviderImpl/"
[13:39:25] [REI-ReloadPlugins/TRACE] [REI] [REIClientPlugin START] Reloading Section: "start-reload/SearchProviderImpl/" done in 22.10 μs
[13:39:25] [REI-ReloadPlugins/TRACE] [REI] [REIClientPlugin START] Reloading Section: "start-reload/ConfigManagerImpl/"
[13:39:25] [REI-ReloadPlugins/TRACE] [REI] [REIClientPlugin START] Reloading Section: "start-reload/ConfigManagerImpl/" done in 23.60 μs
[13:39:25] [REI-ReloadPlugins/TRACE] [REI] [REIClientPlugin START] Reloading Section: "start-reload/EntryRegistryImpl/"
[13:39:25] [REI-ReloadPlugins/TRACE] [REI] [REIClientPlugin START] Reloading Section: "start-reload/EntryRegistryImpl/" done in 58.50 μs
[13:39:25] [REI-ReloadPlugins/TRACE] [REI] [REIClientPlugin START] Reloading Section: "start-reload/CollapsibleEntryRegistryImpl/"
[13:39:25] [REI-ReloadPlugins/TRACE] [REI] [REIClientPlugin START] Reloading Section: "start-reload/CollapsibleEntryRegistryImpl/" done in 24.80 μs
[13:39:25] [REI-ReloadPlugins/TRACE] [REI] [REIClientPlugin START] Reloading Section: "start-reload/BasicFilteringRuleImpl/"
[13:39:25] [REI-ReloadPlugins/TRACE] [REI] [REIClientPlugin START] Reloading Section: "start-reload/BasicFilteringRuleImpl/" done in 30.40 μs
[13:39:25] [REI-ReloadPlugins/TRACE] [REI] [REIClientPlugin START] Reloading Section: "start-reload/CategoryRegistryImpl/"
[13:39:25] [REI-ReloadPlugins/TRACE] [REI] [REIClientPlugin START] Reloading Section: "start-reload/CategoryRegistryImpl/" done in 22.10 μs
[13:39:25] [REI-ReloadPlugins/TRACE] [REI] [REIClientPlugin START] Reloading Section: "start-reload/DisplayRegistryImpl/"
[13:39:25] [REI-ReloadPlugins/TRACE] [REI] [REIClientPlugin START] Reloading Section: "start-reload/DisplayRegistryImpl/" done in 19.30 μs
[13:39:25] [REI-ReloadPlugins/TRACE] [REI] [REIClientPlugin START] Reloading Section: "start-reload/ScreenRegistryImpl/"
[13:39:25] [REI-ReloadPlugins/DEBUG] [REI] Added overlay decider: me.shedaniel.rei.impl.client.registry.screen.ExclusionZonesImpl@3e391fb3 [-5,00 priority]
[13:39:25] [REI-ReloadPlugins/DEBUG] [REI] Added overlay decider: me.shedaniel.rei.impl.client.registry.screen.ScreenRegistryImpl$1@9bd6952 [-10,00 priority]
[13:39:25] [REI-ReloadPlugins/DEBUG] [REI] Added overlay decider: me.shedaniel.rei.impl.client.registry.screen.ScreenRegistryImpl$2@4dc53cc2 [-10,00 priority]
[13:39:25] [REI-ReloadPlugins/DEBUG] [REI] Added overlay decider: me.shedaniel.rei.impl.client.registry.screen.ScreenRegistryImpl$3@2c2dacac [-20,00 priority]
[13:39:25] [REI-ReloadPlugins/DEBUG] [REI] Added focused stack provider: me.shedaniel.rei.impl.client.registry.screen.ScreenRegistryImpl$4@647e321a [-10,00 priority]
[13:39:25] [REI-ReloadPlugins/DEBUG] [REI] Added draggable component provider: me.shedaniel.rei.api.client.gui.drag.component.DraggableComponentProviderWidget$1@19b2feb2 [0,00 priority]
[13:39:25] [REI-ReloadPlugins/DEBUG] [REI] Added draggable component visitor: me.shedaniel.rei.api.client.gui.drag.component.DraggableComponentVisitorWidget$2@6c515dcc [0,00 priority]
[13:39:25] [REI-ReloadPlugins/TRACE] [REI] [REIClientPlugin START] Reloading Section: "start-reload/ScreenRegistryImpl/" done in 14.98 ms
[13:39:25] [REI-ReloadPlugins/TRACE] [REI] [REIClientPlugin START] Reloading Section: "start-reload/FavoriteEntryTypeRegistryImpl/"
[13:39:25] [REI-ReloadPlugins/TRACE] [REI] [REIClientPlugin START] Reloading Section: "start-reload/FavoriteEntryTypeRegistryImpl/" done in 71.60 μs
[13:39:25] [REI-ReloadPlugins/TRACE] [REI] [REIClientPlugin START] Reloading Section: "start-reload/SubsetsRegistryImpl/"
[13:39:25] [REI-ReloadPlugins/TRACE] [REI] [REIClientPlugin START] Reloading Section: "start-reload/SubsetsRegistryImpl/" done in 27.10 μs
[13:39:25] [REI-ReloadPlugins/TRACE] [REI] [REIClientPlugin START] Reloading Section: "start-reload/TransferHandlerRegistryImpl/"
[13:39:25] [REI-ReloadPlugins/TRACE] [REI] [REIClientPlugin START] Reloading Section: "start-reload/TransferHandlerRegistryImpl/" done in 22.30 μs
[13:39:25] [REI-ReloadPlugins/TRACE] [REI] [REIClientPlugin START] Reloading Section: "start-reload/SearchRuntime/"
[13:39:25] [REI-ReloadPlugins/DEBUG] [REI] Preparing collapsed entry groups cache with 0 entries and 0 stacks
[13:39:25] [REI-ReloadPlugins/DEBUG] [REI] Prepared collapsed entry groups cache with 0 entries and 0 stacks
[13:39:25] [REI-ReloadPlugins/TRACE] [REI] [REIClientPlugin START] Reloading Section: "start-reload/SearchRuntime/" done in 5.601 ms
[13:39:25] [REI-ReloadPlugins/TRACE] [REI] [REIClientPlugin START] Reloading Section: "start-reload/REIRuntimeImpl/"
[13:39:25] [REI-ReloadPlugins/TRACE] [REI] [REIClientPlugin START] Reloading Section: "start-reload/REIRuntimeImpl/" done in 1.142 ms
[13:39:25] [REI-ReloadPlugins/TRACE] [REI] [REIClientPlugin START] Reloading Section: "start-reload/ConfigAddonRegistryImpl/"
[13:39:25] [REI-ReloadPlugins/TRACE] [REI] [REIClientPlugin START] Reloading Section: "start-reload/ConfigAddonRegistryImpl/" done in 40.60 μs
[13:39:25] [REI-ReloadPlugins/TRACE] [REI] [REIClientPlugin START] Reloading Section: "start-reload/me.shedaniel.rei.plugin.client.runtime.PluginStageExecutionWatcher$1/"
[13:39:25] [REI-ReloadPlugins/TRACE] [REI] [REIClientPlugin START] Reloading Section: "start-reload/me.shedaniel.rei.plugin.client.runtime.PluginStageExecutionWatcher$1/" done in 24.30 μs
[13:39:25] [REI-ReloadPlugins/TRACE] [REI] [REIClientPlugin START] Reloading Section: "start-reload/" done in 23.59 ms
[13:39:25] [REI-ReloadPlugins/DEBUG] [REI] ========================================
[13:39:25] [REI-ReloadPlugins/DEBUG] [REI] REIClientPlugin started main-reload for START.
[13:39:25] [REI-ReloadPlugins/DEBUG] [REI] ========================================
[13:39:25] [REI-ReloadPlugins/TRACE] [REI] [REIClientPlugin START] Reloading Section: "reloadable-plugin/EntryRendererRegistryImpl/"
[13:39:25] [REI-ReloadPlugins/TRACE] [REI] [REIClientPlugin START] Reloading Section: "reloadable-plugin/EntryRendererRegistryImpl/DefaultClientPluginImpl of DefaultClientPluginImpl [roughlyenoughitems]/"
[13:39:25] [REI-ReloadPlugins/TRACE] [REI] [REIClientPlugin START] Reloading Section: "reloadable-plugin/EntryRendererRegistryImpl/DefaultClientPluginImpl of DefaultClientPluginImpl [roughlyenoughitems]/" done in 51.80 μs
[13:39:25] [REI-ReloadPlugins/TRACE] [REI] [REIClientPlugin START] Reloading Section: "reloadable-plugin/EntryRendererRegistryImpl/HideIngredientsFromTagsPlugin of HideIngredientsFromTagsPlugin [roughlyenoughitems]/"
[13:39:25] [REI-ReloadPlugins/TRACE] [REI] [REIClientPlugin START] Reloading Section: "reloadable-plugin/EntryRendererRegistryImpl/HideIngredientsFromTagsPlugin of HideIngredientsFromTagsPlugin [roughlyenoughitems]/" done in 41.90 μs
[13:39:25] [REI-ReloadPlugins/TRACE] [REI] [REIClientPlugin START] Reloading Section: "reloadable-plugin/EntryRendererRegistryImpl/DefaultClientRuntimePlugin of DefaultClientRuntimePlugin [roughlyenoughitems]/"
[13:39:25] [REI-ReloadPlugins/TRACE] [REI] [REIClientPlugin START] Reloading Section: "reloadable-plugin/EntryRendererRegistryImpl/DefaultClientRuntimePlugin of DefaultClientRuntimePlugin [roughlyenoughitems]/" done in 39.90 μs
[13:39:25] [REI-ReloadPlugins/TRACE] [REI] [REIClientPlugin START] Reloading Section: "reloadable-plugin/EntryRendererRegistryImpl/" done in 392.7 μs
[13:39:25] [REI-ReloadPlugins/TRACE] [REI] [REIClientPlugin START] Reloading Section: "reloadable-plugin/ViewsImpl/"
[13:39:25] [REI-ReloadPlugins/TRACE] [REI] [REIClientPlugin START] Reloading Section: "reloadable-plugin/ViewsImpl/DefaultClientPluginImpl of DefaultClientPluginImpl [roughlyenoughitems]/"
[13:39:25] [REI-ReloadPlugins/TRACE] [REI] [REIClientPlugin START] Reloading Section: "reloadable-plugin/ViewsImpl/DefaultClientPluginImpl of DefaultClientPluginImpl [roughlyenoughitems]/" done in 31.40 μs
[13:39:25] [REI-ReloadPlugins/TRACE] [REI] [REIClientPlugin START] Reloading Section: "reloadable-plugin/ViewsImpl/HideIngredientsFromTagsPlugin of HideIngredientsFromTagsPlugin [roughlyenoughitems]/"
[13:39:25] [REI-ReloadPlugins/TRACE] [REI] [REIClientPlugin START] Reloading Section: "reloadable-plugin/ViewsImpl/HideIngredientsFromTagsPlugin of HideIngredientsFromTagsPlugin [roughlyenoughitems]/" done in 28.30 μs
[13:39:25] [REI-ReloadPlugins/TRACE] [REI] [REIClientPlugin START] Reloading Section: "reloadable-plugin/ViewsImpl/DefaultClientRuntimePlugin of DefaultClientRuntimePlugin [roughlyenoughitems]/"
[13:39:25] [REI-ReloadPlugins/TRACE] [REI] [REIClientPlugin START] Reloading Section: "reloadable-plugin/ViewsImpl/DefaultClientRuntimePlugin of DefaultClientRuntimePlugin [roughlyenoughitems]/" done in 27.10 μs
[13:39:25] [REI-ReloadPlugins/TRACE] [REI] [REIClientPlugin START] Reloading Section: "reloadable-plugin/ViewsImpl/" done in 277.4 μs
[13:39:25] [REI-ReloadPlugins/TRACE] [REI] [REIClientPlugin START] Reloading Section: "reloadable-plugin/InputMethodRegistryImpl/"
[13:39:25] [REI-ReloadPlugins/TRACE] [REI] [REIClientPlugin START] Reloading Section: "reloadable-plugin/InputMethodRegistryImpl/DefaultClientPluginImpl of DefaultClientPluginImpl [roughlyenoughitems]/"
[13:39:25] [REI-ReloadPlugins/TRACE] [REI] [REIClientPlugin START] Reloading Section: "reloadable-plugin/InputMethodRegistryImpl/DefaultClientPluginImpl of DefaultClientPluginImpl [roughlyenoughitems]/" done in 37.40 μs
[13:39:25] [REI-ReloadPlugins/TRACE] [REI] [REIClientPlugin START] Reloading Section: "reloadable-plugin/InputMethodRegistryImpl/HideIngredientsFromTagsPlugin of HideIngredientsFromTagsPlugin [roughlyenoughitems]/"
[13:39:25] [REI-ReloadPlugins/TRACE] [REI] [REIClientPlugin START] Reloading Section: "reloadable-plugin/InputMethodRegistryImpl/HideIngredientsFromTagsPlugin of HideIngredientsFromTagsPlugin [roughlyenoughitems]/" done in 26.90 μs
[13:39:25] [REI-ReloadPlugins/TRACE] [REI] [REIClientPlugin START] Reloading Section: "reloadable-plugin/InputMethodRegistryImpl/DefaultClientRuntimePlugin of DefaultClientRuntimePlugin [roughlyenoughitems]/"
[13:39:25] [REI-ReloadPlugins/TRACE] [REI] [REIClientPlugin START] Reloading Section: "reloadable-plugin/InputMethodRegistryImpl/DefaultClientRuntimePlugin of DefaultClientRuntimePlugin [roughlyenoughitems]/" done in 32.30 μs
[13:39:25] [REI-ReloadPlugins/TRACE] [REI] [REIClientPlugin START] Reloading Section: "reloadable-plugin/InputMethodRegistryImpl/" done in 288.5 μs
[13:39:25] [REI-ReloadPlugins/TRACE] [REI] [REIClientPlugin START] Reloading Section: "reloadable-plugin/SearchProviderImpl/"
[13:39:25] [REI-ReloadPlugins/TRACE] [REI] [REIClientPlugin START] Reloading Section: "reloadable-plugin/SearchProviderImpl/DefaultClientPluginImpl of DefaultClientPluginImpl [roughlyenoughitems]/"
[13:39:25] [REI-ReloadPlugins/TRACE] [REI] [REIClientPlugin START] Reloading Section: "reloadable-plugin/SearchProviderImpl/DefaultClientPluginImpl of DefaultClientPluginImpl [roughlyenoughitems]/" done in 27.60 μs
[13:39:25] [REI-ReloadPlugins/TRACE] [REI] [REIClientPlugin START] Reloading Section: "reloadable-plugin/SearchProviderImpl/HideIngredientsFromTagsPlugin of HideIngredientsFromTagsPlugin [roughlyenoughitems]/"
[13:39:25] [REI-ReloadPlugins/TRACE] [REI] [REIClientPlugin START] Reloading Section: "reloadable-plugin/SearchProviderImpl/HideIngredientsFromTagsPlugin of HideIngredientsFromTagsPlugin [roughlyenoughitems]/" done in 30.80 μs
[13:39:25] [REI-ReloadPlugins/TRACE] [REI] [REIClientPlugin START] Reloading Section: "reloadable-plugin/SearchProviderImpl/DefaultClientRuntimePlugin of DefaultClientRuntimePlugin [roughlyenoughitems]/"
[13:39:25] [REI-ReloadPlugins/TRACE] [REI] [REIClientPlugin START] Reloading Section: "reloadable-plugin/SearchProviderImpl/DefaultClientRuntimePlugin of DefaultClientRuntimePlugin [roughlyenoughitems]/" done in 39.00 μs
[13:39:25] [REI-ReloadPlugins/TRACE] [REI] [REIClientPlugin START] Reloading Section: "reloadable-plugin/SearchProviderImpl/" done in 291.7 μs
[13:39:25] [REI-ReloadPlugins/TRACE] [REI] [REIClientPlugin START] Reloading Section: "reloadable-plugin/ConfigManagerImpl/"
[13:39:25] [REI-ReloadPlugins/TRACE] [REI] [REIClientPlugin START] Reloading Section: "reloadable-plugin/ConfigManagerImpl/DefaultClientPluginImpl of DefaultClientPluginImpl [roughlyenoughitems]/"
[13:39:25] [REI-ReloadPlugins/TRACE] [REI] [REIClientPlugin START] Reloading Section: "reloadable-plugin/ConfigManagerImpl/DefaultClientPluginImpl of DefaultClientPluginImpl [roughlyenoughitems]/" done in 30.90 μs
[13:39:25] [REI-ReloadPlugins/TRACE] [REI] [REIClientPlugin START] Reloading Section: "reloadable-plugin/ConfigManagerImpl/HideIngredientsFromTagsPlugin of HideIngredientsFromTagsPlugin [roughlyenoughitems]/"
[13:39:25] [REI-ReloadPlugins/TRACE] [REI] [REIClientPlugin START] Reloading Section: "reloadable-plugin/ConfigManagerImpl/HideIngredientsFromTagsPlugin of HideIngredientsFromTagsPlugin [roughlyenoughitems]/" done in 26.80 μs
[13:39:25] [REI-ReloadPlugins/TRACE] [REI] [REIClientPlugin START] Reloading Section: "reloadable-plugin/ConfigManagerImpl/DefaultClientRuntimePlugin of DefaultClientRuntimePlugin [roughlyenoughitems]/"
[13:39:25] [REI-ReloadPlugins/TRACE] [REI] [REIClientPlugin START] Reloading Section: "reloadable-plugin/ConfigManagerImpl/DefaultClientRuntimePlugin of DefaultClientRuntimePlugin [roughlyenoughitems]/" done in 30.30 μs
[13:39:25] [REI-ReloadPlugins/TRACE] [REI] [REIClientPlugin START] Reloading Section: "reloadable-plugin/ConfigManagerImpl/" done in 270.4 μs
[13:39:25] [REI-ReloadPlugins/TRACE] [REI] [REIClientPlugin START] Reloading Section: "reloadable-plugin/EntryRegistryImpl/"
[13:39:25] [REI-ReloadPlugins/TRACE] [REI] [REIClientPlugin START] Reloading Section: "reloadable-plugin/EntryRegistryImpl/DefaultClientPluginImpl of DefaultClientPluginImpl [roughlyenoughitems]/"
[13:39:25] [REI-ReloadPlugins/TRACE] [REI] Registered 1728 entries from plugin DefaultClientPluginImpl
[13:39:25] [REI-ReloadPlugins/TRACE] [REI] [REIClientPlugin START] Reloading Section: "reloadable-plugin/EntryRegistryImpl/DefaultClientPluginImpl of DefaultClientPluginImpl [roughlyenoughitems]/" done in 142.4 ms
[13:39:25] [REI-ReloadPlugins/TRACE] [REI] [REIClientPlugin START] Reloading Section: "reloadable-plugin/EntryRegistryImpl/HideIngredientsFromTagsPlugin of HideIngredientsFromTagsPlugin [roughlyenoughitems]/"
[13:39:25] [REI-ReloadPlugins/TRACE] [REI] Registered 0 entries from plugin HideIngredientsFromTagsPlugin
[13:39:25] [REI-ReloadPlugins/TRACE] [REI] [REIClientPlugin START] Reloading Section: "reloadable-plugin/EntryRegistryImpl/HideIngredientsFromTagsPlugin of HideIngredientsFromTagsPlugin [roughlyenoughitems]/" done in 121.0 μs
[13:39:25] [REI-ReloadPlugins/TRACE] [REI] [REIClientPlugin START] Reloading Section: "reloadable-plugin/EntryRegistryImpl/DefaultClientRuntimePlugin of DefaultClientRuntimePlugin [roughlyenoughitems]/"
[13:39:25] [REI-ReloadPlugins/TRACE] [REI] Registered 0 entries from plugin DefaultClientRuntimePlugin
[13:39:25] [REI-ReloadPlugins/TRACE] [REI] [REIClientPlugin START] Reloading Section: "reloadable-plugin/EntryRegistryImpl/DefaultClientRuntimePlugin of DefaultClientRuntimePlugin [roughlyenoughitems]/" done in 609.3 μs
[13:39:25] [REI-ReloadPlugins/TRACE] [REI] [REIClientPlugin START] Reloading Section: "reloadable-plugin/EntryRegistryImpl/" done in 143.6 ms
[13:39:25] [REI-ReloadPlugins/TRACE] [REI] [REIClientPlugin START] Reloading Section: "reloadable-plugin/CollapsibleEntryRegistryImpl/"
[13:39:25] [REI-ReloadPlugins/TRACE] [REI] [REIClientPlugin START] Reloading Section: "reloadable-plugin/CollapsibleEntryRegistryImpl/DefaultClientPluginImpl of DefaultClientPluginImpl [roughlyenoughitems]/"
[13:39:25] [REI-ReloadPlugins/TRACE] [REI] [REIClientPlugin START] Reloading Section: "reloadable-plugin/CollapsibleEntryRegistryImpl/DefaultClientPluginImpl of DefaultClientPluginImpl [roughlyenoughitems]/" done in 30.40 μs
[13:39:25] [REI-ReloadPlugins/TRACE] [REI] [REIClientPlugin START] Reloading Section: "reloadable-plugin/CollapsibleEntryRegistryImpl/HideIngredientsFromTagsPlugin of HideIngredientsFromTagsPlugin [roughlyenoughitems]/"
[13:39:25] [REI-ReloadPlugins/TRACE] [REI] [REIClientPlugin START] Reloading Section: "reloadable-plugin/CollapsibleEntryRegistryImpl/HideIngredientsFromTagsPlugin of HideIngredientsFromTagsPlugin [roughlyenoughitems]/" done in 32.90 μs
[13:39:25] [REI-ReloadPlugins/TRACE] [REI] [REIClientPlugin START] Reloading Section: "reloadable-plugin/CollapsibleEntryRegistryImpl/DefaultClientRuntimePlugin of DefaultClientRuntimePlugin [roughlyenoughitems]/"
[13:39:25] [REI-ReloadPlugins/TRACE] [REI] [REIClientPlugin START] Reloading Section: "reloadable-plugin/CollapsibleEntryRegistryImpl/DefaultClientRuntimePlugin of DefaultClientRuntimePlugin [roughlyenoughitems]/" done in 34.80 μs
[13:39:25] [REI-ReloadPlugins/TRACE] [REI] [REIClientPlugin START] Reloading Section: "reloadable-plugin/CollapsibleEntryRegistryImpl/" done in 460.8 μs
[13:39:25] [REI-ReloadPlugins/TRACE] [REI] [REIClientPlugin START] Reloading Section: "reloadable-plugin/BasicFilteringRuleImpl/"
[13:39:25] [REI-ReloadPlugins/TRACE] [REI] [REIClientPlugin START] Reloading Section: "reloadable-plugin/BasicFilteringRuleImpl/DefaultClientPluginImpl of DefaultClientPluginImpl [roughlyenoughitems]/"
[13:39:25] [REI-ReloadPlugins/TRACE] [REI] [REIClientPlugin START] Reloading Section: "reloadable-plugin/BasicFilteringRuleImpl/DefaultClientPluginImpl of DefaultClientPluginImpl [roughlyenoughitems]/" done in 56.30 μs
[13:39:25] [REI-ReloadPlugins/TRACE] [REI] [REIClientPlugin START] Reloading Section: "reloadable-plugin/BasicFilteringRuleImpl/HideIngredientsFromTagsPlugin of HideIngredientsFromTagsPlugin [roughlyenoughitems]/"
[13:39:25] [REI-ReloadPlugins/TRACE] [REI] [REIClientPlugin START] Reloading Section: "reloadable-plugin/BasicFilteringRuleImpl/HideIngredientsFromTagsPlugin of HideIngredientsFromTagsPlugin [roughlyenoughitems]/" done in 30.40 μs
[13:39:25] [REI-ReloadPlugins/TRACE] [REI] [REIClientPlugin START] Reloading Section: "reloadable-plugin/BasicFilteringRuleImpl/DefaultClientRuntimePlugin of DefaultClientRuntimePlugin [roughlyenoughitems]/"
[13:39:25] [REI-ReloadPlugins/TRACE] [REI] [REIClientPlugin START] Reloading Section: "reloadable-plugin/BasicFilteringRuleImpl/DefaultClientRuntimePlugin of DefaultClientRuntimePlugin [roughlyenoughitems]/" done in 30.60 μs
[13:39:25] [REI-ReloadPlugins/TRACE] [REI] [REIClientPlugin START] Reloading Section: "reloadable-plugin/BasicFilteringRuleImpl/" done in 421.7 μs
[13:39:25] [REI-ReloadPlugins/TRACE] [REI] [REIClientPlugin START] Reloading Section: "reloadable-plugin/CategoryRegistryImpl/"
[13:39:25] [REI-ReloadPlugins/TRACE] [REI] [REIClientPlugin START] Reloading Section: "reloadable-plugin/CategoryRegistryImpl/DefaultClientPluginImpl of DefaultClientPluginImpl [roughlyenoughitems]/"
[13:39:25] [REI-ReloadPlugins/TRACE] [REI] [REIClientPlugin START] Reloading Section: "reloadable-plugin/CategoryRegistryImpl/DefaultClientPluginImpl of DefaultClientPluginImpl [roughlyenoughitems]/" done in 62.10 μs
[13:39:25] [REI-ReloadPlugins/TRACE] [REI] [REIClientPlugin START] Reloading Section: "reloadable-plugin/CategoryRegistryImpl/HideIngredientsFromTagsPlugin of HideIngredientsFromTagsPlugin [roughlyenoughitems]/"
[13:39:25] [REI-ReloadPlugins/TRACE] [REI] [REIClientPlugin START] Reloading Section: "reloadable-plugin/CategoryRegistryImpl/HideIngredientsFromTagsPlugin of HideIngredientsFromTagsPlugin [roughlyenoughitems]/" done in 35.30 μs
[13:39:25] [REI-ReloadPlugins/TRACE] [REI] [REIClientPlugin START] Reloading Section: "reloadable-plugin/CategoryRegistryImpl/DefaultClientRuntimePlugin of DefaultClientRuntimePlugin [roughlyenoughitems]/"
[13:39:25] [REI-ReloadPlugins/TRACE] [REI] [REIClientPlugin START] Reloading Section: "reloadable-plugin/CategoryRegistryImpl/DefaultClientRuntimePlugin of DefaultClientRuntimePlugin [roughlyenoughitems]/" done in 30.40 μs
[13:39:25] [REI-ReloadPlugins/TRACE] [REI] [REIClientPlugin START] Reloading Section: "reloadable-plugin/CategoryRegistryImpl/" done in 401.2 μs
[13:39:25] [REI-ReloadPlugins/TRACE] [REI] [REIClientPlugin START] Reloading Section: "reloadable-plugin/DisplayRegistryImpl/"
[13:39:25] [REI-ReloadPlugins/TRACE] [REI] [REIClientPlugin START] Reloading Section: "reloadable-plugin/DisplayRegistryImpl/DefaultClientPluginImpl of DefaultClientPluginImpl [roughlyenoughitems]/"
[13:39:25] [REI-ReloadPlugins/TRACE] [REI] [REIClientPlugin START] Reloading Section: "reloadable-plugin/DisplayRegistryImpl/DefaultClientPluginImpl of DefaultClientPluginImpl [roughlyenoughitems]/" done in 25.40 μs
[13:39:25] [REI-ReloadPlugins/TRACE] [REI] [REIClientPlugin START] Reloading Section: "reloadable-plugin/DisplayRegistryImpl/HideIngredientsFromTagsPlugin of HideIngredientsFromTagsPlugin [roughlyenoughitems]/"
[13:39:25] [REI-ReloadPlugins/TRACE] [REI] [REIClientPlugin START] Reloading Section: "reloadable-plugin/DisplayRegistryImpl/HideIngredientsFromTagsPlugin of HideIngredientsFromTagsPlugin [roughlyenoughitems]/" done in 24.20 μs
[13:39:25] [REI-ReloadPlugins/TRACE] [REI] [REIClientPlugin START] Reloading Section: "reloadable-plugin/DisplayRegistryImpl/DefaultClientRuntimePlugin of DefaultClientRuntimePlugin [roughlyenoughitems]/"
[13:39:25] [REI-ReloadPlugins/TRACE] [REI] [REIClientPlugin START] Reloading Section: "reloadable-plugin/DisplayRegistryImpl/DefaultClientRuntimePlugin of DefaultClientRuntimePlugin [roughlyenoughitems]/" done in 66.50 μs
[13:39:25] [REI-ReloadPlugins/TRACE] [REI] [REIClientPlugin START] Reloading Section: "reloadable-plugin/DisplayRegistryImpl/" done in 593.1 μs
[13:39:25] [REI-ReloadPlugins/TRACE] [REI] [REIClientPlugin START] Reloading Section: "reloadable-plugin/ScreenRegistryImpl/"
[13:39:25] [REI-ReloadPlugins/TRACE] [REI] [REIClientPlugin START] Reloading Section: "reloadable-plugin/ScreenRegistryImpl/DefaultClientPluginImpl of DefaultClientPluginImpl [roughlyenoughitems]/"
[13:39:25] [REI-ReloadPlugins/DEBUG] [REI] Added click area provider for net.minecraft.client.gui.screens.inventory.CraftingScreen: me.shedaniel.rei.api.client.registry.screen.SimpleClickArea$$Lambda/0x00000209827cf018@192b527a
[13:39:25] [REI-ReloadPlugins/DEBUG] [REI] Added click area provider for net.minecraft.client.gui.screens.inventory.InventoryScreen: me.shedaniel.rei.api.client.registry.screen.SimpleClickArea$$Lambda/0x00000209827cf018@44faaeda
[13:39:25] [REI-ReloadPlugins/DEBUG] [REI] Added click area provider for net.minecraft.client.gui.screens.inventory.BrewingStandScreen: me.shedaniel.rei.api.client.registry.screen.SimpleClickArea$$Lambda/0x00000209827cf018@6c436d7a
[13:39:25] [REI-ReloadPlugins/DEBUG] [REI] Added click area provider for net.minecraft.client.gui.screens.inventory.FurnaceScreen: me.shedaniel.rei.api.client.registry.screen.SimpleClickArea$$Lambda/0x00000209827cf018@2fb84a0a
[13:39:25] [REI-ReloadPlugins/DEBUG] [REI] Added click area provider for net.minecraft.client.gui.screens.inventory.SmokerScreen: me.shedaniel.rei.api.client.registry.screen.SimpleClickArea$$Lambda/0x00000209827cf018@38d82ea9
[13:39:25] [REI-ReloadPlugins/DEBUG] [REI] Added click area provider for net.minecraft.client.gui.screens.inventory.BlastFurnaceScreen: me.shedaniel.rei.api.client.registry.screen.SimpleClickArea$$Lambda/0x00000209827cf018@29c5cb16
[13:39:25] [REI-ReloadPlugins/DEBUG] [REI] Added exclusion zones provider: me.shedaniel.rei.plugin.client.exclusionzones.DefaultPotionEffectExclusionZones@1efe52ab for net.minecraft.client.gui.screens.inventory.InventoryScreen
[13:39:25] [REI-ReloadPlugins/DEBUG] [REI] Added exclusion zones provider: me.shedaniel.rei.plugin.client.exclusionzones.DefaultPotionEffectExclusionZones@7d0042af for net.minecraft.client.gui.screens.inventory.CreativeModeInventoryScreen
[13:39:25] [REI-ReloadPlugins/DEBUG] [REI] Added exclusion zones provider: me.shedaniel.rei.plugin.client.exclusionzones.DefaultRecipeBookExclusionZones@7b0ec6a3 for net.minecraft.client.gui.screens.recipebook.RecipeUpdateListener
[13:39:25] [REI-ReloadPlugins/TRACE] [REI] [REIClientPlugin START] Reloading Section: "reloadable-plugin/ScreenRegistryImpl/DefaultClientPluginImpl of DefaultClientPluginImpl [roughlyenoughitems]/" done in 9.367 ms
[13:39:25] [REI-ReloadPlugins/TRACE] [REI] [REIClientPlugin START] Reloading Section: "reloadable-plugin/ScreenRegistryImpl/HideIngredientsFromTagsPlugin of HideIngredientsFromTagsPlugin [roughlyenoughitems]/"
[13:39:25] [REI-ReloadPlugins/TRACE] [REI] [REIClientPlugin START] Reloading Section: "reloadable-plugin/ScreenRegistryImpl/HideIngredientsFromTagsPlugin of HideIngredientsFromTagsPlugin [roughlyenoughitems]/" done in 50.80 μs
[13:39:25] [REI-ReloadPlugins/TRACE] [REI] [REIClientPlugin START] Reloading Section: "reloadable-plugin/ScreenRegistryImpl/DefaultClientRuntimePlugin of DefaultClientRuntimePlugin [roughlyenoughitems]/"
[13:39:25] [REI-ReloadPlugins/DEBUG] [REI] Added exclusion zones provider: me.shedaniel.rei.plugin.client.runtime.DefaultClientRuntimePlugin$$Lambda/0x00000209827d0000@1e03e8da for me.shedaniel.rei.impl.client.gui.screen.DefaultDisplayViewingScreen
[13:39:25] [REI-ReloadPlugins/DEBUG] [REI] Added exclusion zones provider: me.shedaniel.rei.plugin.client.runtime.DefaultClientRuntimePlugin$$Lambda/0x00000209827d0210@36915129 for net.minecraft.client.gui.screens.Screen
[13:39:25] [REI-ReloadPlugins/DEBUG] [REI] Added draggable component provider: me.shedaniel.rei.api.client.gui.drag.component.DraggableComponentProviderWidget$1@637436b4 [0,00 priority]
[13:39:25] [REI-ReloadPlugins/DEBUG] [REI] Added draggable component visitor: me.shedaniel.rei.api.client.gui.drag.component.DraggableComponentVisitorWidget$2@5ad2b4f3 [0,00 priority]
[13:39:25] [REI-ReloadPlugins/TRACE] [REI] [REIClientPlugin START] Reloading Section: "reloadable-plugin/ScreenRegistryImpl/DefaultClientRuntimePlugin of DefaultClientRuntimePlugin [roughlyenoughitems]/" done in 1.536 ms
[13:39:25] [REI-ReloadPlugins/TRACE] [REI] [REIClientPlugin START] Reloading Section: "reloadable-plugin/ScreenRegistryImpl/" done in 11.31 ms
[13:39:25] [REI-ReloadPlugins/TRACE] [REI] [REIClientPlugin START] Reloading Section: "reloadable-plugin/FavoriteEntryTypeRegistryImpl/"
[13:39:25] [REI-ReloadPlugins/TRACE] [REI] [REIClientPlugin START] Reloading Section: "reloadable-plugin/FavoriteEntryTypeRegistryImpl/DefaultClientPluginImpl of DefaultClientPluginImpl [roughlyenoughitems]/"
[13:39:25] [REI-ReloadPlugins/DEBUG] [REI] Added favorite entry type [roughlyenoughitems:gamemode]: INSTANCE
[13:39:25] [REI-ReloadPlugins/DEBUG] [REI] Added favorite entry type [roughlyenoughitems:weather]: INSTANCE
[13:39:25] [REI-ReloadPlugins/DEBUG] [REI] Added favorite entry type [roughlyenoughitems:time]: INSTANCE
[13:39:25] [REI-ReloadPlugins/TRACE] [REI] [REIClientPlugin START] Reloading Section: "reloadable-plugin/FavoriteEntryTypeRegistryImpl/DefaultClientPluginImpl of DefaultClientPluginImpl [roughlyenoughitems]/" done in 12.63 ms
[13:39:25] [REI-ReloadPlugins/TRACE] [REI] [REIClientPlugin START] Reloading Section: "reloadable-plugin/FavoriteEntryTypeRegistryImpl/HideIngredientsFromTagsPlugin of HideIngredientsFromTagsPlugin [roughlyenoughitems]/"
[13:39:25] [REI-ReloadPlugins/TRACE] [REI] [REIClientPlugin START] Reloading Section: "reloadable-plugin/FavoriteEntryTypeRegistryImpl/HideIngredientsFromTagsPlugin of HideIngredientsFromTagsPlugin [roughlyenoughitems]/" done in 55.20 μs
[13:39:25] [REI-ReloadPlugins/TRACE] [REI] [REIClientPlugin START] Reloading Section: "reloadable-plugin/FavoriteEntryTypeRegistryImpl/DefaultClientRuntimePlugin of DefaultClientRuntimePlugin [roughlyenoughitems]/"
[13:39:25] [REI-ReloadPlugins/DEBUG] [REI] Added favorite entry type [roughlyenoughitems:entry_stack]: INSTANCE
[13:39:25] [REI-ReloadPlugins/DEBUG] [REI] Added favorite entry type [roughlyenoughitems:display]: INSTANCE
[13:39:25] [REI-ReloadPlugins/TRACE] [REI] [REIClientPlugin START] Reloading Section: "reloadable-plugin/FavoriteEntryTypeRegistryImpl/DefaultClientRuntimePlugin of DefaultClientRuntimePlugin [roughlyenoughitems]/" done in 1.497 ms
[13:39:25] [REI-ReloadPlugins/TRACE] [REI] [REIClientPlugin START] Reloading Section: "reloadable-plugin/FavoriteEntryTypeRegistryImpl/" done in 14.63 ms
[13:39:25] [REI-ReloadPlugins/TRACE] [REI] [REIClientPlugin START] Reloading Section: "reloadable-plugin/SubsetsRegistryImpl/"
[13:39:25] [REI-ReloadPlugins/TRACE] [REI] [REIClientPlugin START] Reloading Section: "reloadable-plugin/SubsetsRegistryImpl/DefaultClientPluginImpl of DefaultClientPluginImpl [roughlyenoughitems]/"
[13:39:25] [REI-ReloadPlugins/TRACE] [REI] [REIClientPlugin START] Reloading Section: "reloadable-plugin/SubsetsRegistryImpl/DefaultClientPluginImpl of DefaultClientPluginImpl [roughlyenoughitems]/" done in 39.20 μs
[13:39:25] [REI-ReloadPlugins/TRACE] [REI] [REIClientPlugin START] Reloading Section: "reloadable-plugin/SubsetsRegistryImpl/HideIngredientsFromTagsPlugin of HideIngredientsFromTagsPlugin [roughlyenoughitems]/"
[13:39:25] [REI-ReloadPlugins/TRACE] [REI] [REIClientPlugin START] Reloading Section: "reloadable-plugin/SubsetsRegistryImpl/HideIngredientsFromTagsPlugin of HideIngredientsFromTagsPlugin [roughlyenoughitems]/" done in 28.90 μs
[13:39:25] [REI-ReloadPlugins/TRACE] [REI] [REIClientPlugin START] Reloading Section: "reloadable-plugin/SubsetsRegistryImpl/DefaultClientRuntimePlugin of DefaultClientRuntimePlugin [roughlyenoughitems]/"
[13:39:25] [REI-ReloadPlugins/TRACE] [REI] [REIClientPlugin START] Reloading Section: "reloadable-plugin/SubsetsRegistryImpl/DefaultClientRuntimePlugin of DefaultClientRuntimePlugin [roughlyenoughitems]/" done in 28.30 μs
[13:39:25] [REI-ReloadPlugins/TRACE] [REI] [REIClientPlugin START] Reloading Section: "reloadable-plugin/SubsetsRegistryImpl/" done in 488.5 μs
[13:39:25] [REI-ReloadPlugins/TRACE] [REI] [REIClientPlugin START] Reloading Section: "reloadable-plugin/TransferHandlerRegistryImpl/"
[13:39:25] [REI-ReloadPlugins/TRACE] [REI] [REIClientPlugin START] Reloading Section: "reloadable-plugin/TransferHandlerRegistryImpl/DefaultClientPluginImpl of DefaultClientPluginImpl [roughlyenoughitems]/"
[13:39:25] [REI-ReloadPlugins/TRACE] [REI] [REIClientPlugin START] Reloading Section: "reloadable-plugin/TransferHandlerRegistryImpl/DefaultClientPluginImpl of DefaultClientPluginImpl [roughlyenoughitems]/" done in 29.40 μs
[13:39:25] [REI-ReloadPlugins/TRACE] [REI] [REIClientPlugin START] Reloading Section: "reloadable-plugin/TransferHandlerRegistryImpl/HideIngredientsFromTagsPlugin of HideIngredientsFromTagsPlugin [roughlyenoughitems]/"
[13:39:25] [REI-ReloadPlugins/TRACE] [REI] [REIClientPlugin START] Reloading Section: "reloadable-plugin/TransferHandlerRegistryImpl/HideIngredientsFromTagsPlugin of HideIngredientsFromTagsPlugin [roughlyenoughitems]/" done in 45.50 μs
[13:39:25] [REI-ReloadPlugins/TRACE] [REI] [REIClientPlugin START] Reloading Section: "reloadable-plugin/TransferHandlerRegistryImpl/DefaultClientRuntimePlugin of DefaultClientRuntimePlugin [roughlyenoughitems]/"
[13:39:25] [REI-ReloadPlugins/TRACE] [REI] [REIClientPlugin START] Reloading Section: "reloadable-plugin/TransferHandlerRegistryImpl/DefaultClientRuntimePlugin of DefaultClientRuntimePlugin [roughlyenoughitems]/" done in 29.30 μs
[13:39:25] [REI-ReloadPlugins/TRACE] [REI] [REIClientPlugin START] Reloading Section: "reloadable-plugin/TransferHandlerRegistryImpl/" done in 342.0 μs
[13:39:25] [REI-ReloadPlugins/TRACE] [REI] [REIClientPlugin START] Reloading Section: "reloadable-plugin/SearchRuntime/"
[13:39:25] [REI-ReloadPlugins/TRACE] [REI] [REIClientPlugin START] Reloading Section: "reloadable-plugin/SearchRuntime/DefaultClientPluginImpl of DefaultClientPluginImpl [roughlyenoughitems]/"
[13:39:25] [REI-ReloadPlugins/TRACE] [REI] [REIClientPlugin START] Reloading Section: "reloadable-plugin/SearchRuntime/DefaultClientPluginImpl of DefaultClientPluginImpl [roughlyenoughitems]/" done in 19.60 μs
[13:39:25] [REI-ReloadPlugins/TRACE] [REI] [REIClientPlugin START] Reloading Section: "reloadable-plugin/SearchRuntime/HideIngredientsFromTagsPlugin of HideIngredientsFromTagsPlugin [roughlyenoughitems]/"
[13:39:25] [REI-ReloadPlugins/TRACE] [REI] [REIClientPlugin START] Reloading Section: "reloadable-plugin/SearchRuntime/HideIngredientsFromTagsPlugin of HideIngredientsFromTagsPlugin [roughlyenoughitems]/" done in 17.80 μs
[13:39:25] [REI-ReloadPlugins/TRACE] [REI] [REIClientPlugin START] Reloading Section: "reloadable-plugin/SearchRuntime/DefaultClientRuntimePlugin of DefaultClientRuntimePlugin [roughlyenoughitems]/"
[13:39:25] [REI-ReloadPlugins/TRACE] [REI] [REIClientPlugin START] Reloading Section: "reloadable-plugin/SearchRuntime/DefaultClientRuntimePlugin of DefaultClientRuntimePlugin [roughlyenoughitems]/" done in 21.30 μs
[13:39:25] [REI-ReloadPlugins/TRACE] [REI] [REIClientPlugin START] Reloading Section: "reloadable-plugin/SearchRuntime/" done in 551.6 μs
[13:39:25] [REI-ReloadPlugins/TRACE] [REI] [REIClientPlugin START] Reloading Section: "reloadable-plugin/REIRuntimeImpl/"
[13:39:25] [REI-ReloadPlugins/TRACE] [REI] [REIClientPlugin START] Reloading Section: "reloadable-plugin/REIRuntimeImpl/DefaultClientPluginImpl of DefaultClientPluginImpl [roughlyenoughitems]/"
[13:39:25] [REI-ReloadPlugins/TRACE] [REI] [REIClientPlugin START] Reloading Section: "reloadable-plugin/REIRuntimeImpl/DefaultClientPluginImpl of DefaultClientPluginImpl [roughlyenoughitems]/" done in 35.50 μs
[13:39:25] [REI-ReloadPlugins/TRACE] [REI] [REIClientPlugin START] Reloading Section: "reloadable-plugin/REIRuntimeImpl/HideIngredientsFromTagsPlugin of HideIngredientsFromTagsPlugin [roughlyenoughitems]/"
[13:39:25] [REI-ReloadPlugins/TRACE] [REI] [REIClientPlugin START] Reloading Section: "reloadable-plugin/REIRuntimeImpl/HideIngredientsFromTagsPlugin of HideIngredientsFromTagsPlugin [roughlyenoughitems]/" done in 20.10 μs
[13:39:25] [REI-ReloadPlugins/TRACE] [REI] [REIClientPlugin START] Reloading Section: "reloadable-plugin/REIRuntimeImpl/DefaultClientRuntimePlugin of DefaultClientRuntimePlugin [roughlyenoughitems]/"
[13:39:25] [REI-ReloadPlugins/TRACE] [REI] [REIClientPlugin START] Reloading Section: "reloadable-plugin/REIRuntimeImpl/DefaultClientRuntimePlugin of DefaultClientRuntimePlugin [roughlyenoughitems]/" done in 23.80 μs
[13:39:25] [REI-ReloadPlugins/TRACE] [REI] [REIClientPlugin START] Reloading Section: "reloadable-plugin/REIRuntimeImpl/" done in 269.3 μs
[13:39:25] [REI-ReloadPlugins/TRACE] [REI] [REIClientPlugin START] Reloading Section: "reloadable-plugin/ConfigAddonRegistryImpl/"
[13:39:25] [REI-ReloadPlugins/TRACE] [REI] [REIClientPlugin START] Reloading Section: "reloadable-plugin/ConfigAddonRegistryImpl/DefaultClientPluginImpl of DefaultClientPluginImpl [roughlyenoughitems]/"
[13:39:25] [REI-ReloadPlugins/TRACE] [REI] [REIClientPlugin START] Reloading Section: "reloadable-plugin/ConfigAddonRegistryImpl/DefaultClientPluginImpl of DefaultClientPluginImpl [roughlyenoughitems]/" done in 96.40 μs
[13:39:25] [REI-ReloadPlugins/TRACE] [REI] [REIClientPlugin START] Reloading Section: "reloadable-plugin/ConfigAddonRegistryImpl/HideIngredientsFromTagsPlugin of HideIngredientsFromTagsPlugin [roughlyenoughitems]/"
[13:39:25] [REI-ReloadPlugins/TRACE] [REI] [REIClientPlugin START] Reloading Section: "reloadable-plugin/ConfigAddonRegistryImpl/HideIngredientsFromTagsPlugin of HideIngredientsFromTagsPlugin [roughlyenoughitems]/" done in 27.80 μs
[13:39:25] [REI-ReloadPlugins/TRACE] [REI] [REIClientPlugin START] Reloading Section: "reloadable-plugin/ConfigAddonRegistryImpl/DefaultClientRuntimePlugin of DefaultClientRuntimePlugin [roughlyenoughitems]/"
[13:39:25] [REI-ReloadPlugins/TRACE] [REI] [REIClientPlugin START] Reloading Section: "reloadable-plugin/ConfigAddonRegistryImpl/DefaultClientRuntimePlugin of DefaultClientRuntimePlugin [roughlyenoughitems]/" done in 37.30 μs
[13:39:25] [REI-ReloadPlugins/TRACE] [REI] [REIClientPlugin START] Reloading Section: "reloadable-plugin/ConfigAddonRegistryImpl/" done in 463.2 μs
[13:39:25] [REI-ReloadPlugins/TRACE] [REI] [REIClientPlugin START] Reloading Section: "reloadable-plugin/me.shedaniel.rei.plugin.client.runtime.PluginStageExecutionWatcher$1/"
[13:39:25] [REI-ReloadPlugins/TRACE] [REI] [REIClientPlugin START] Reloading Section: "reloadable-plugin/me.shedaniel.rei.plugin.client.runtime.PluginStageExecutionWatcher$1/DefaultClientPluginImpl of DefaultClientPluginImpl [roughlyenoughitems]/"
[13:39:25] [REI-ReloadPlugins/TRACE] [REI] [REIClientPlugin START] Reloading Section: "reloadable-plugin/me.shedaniel.rei.plugin.client.runtime.PluginStageExecutionWatcher$1/DefaultClientPluginImpl of DefaultClientPluginImpl [roughlyenoughitems]/" done in 62.90 μs
[13:39:25] [REI-ReloadPlugins/TRACE] [REI] [REIClientPlugin START] Reloading Section: "reloadable-plugin/me.shedaniel.rei.plugin.client.runtime.PluginStageExecutionWatcher$1/HideIngredientsFromTagsPlugin of HideIngredientsFromTagsPlugin [roughlyenoughitems]/"
[13:39:25] [REI-ReloadPlugins/TRACE] [REI] [REIClientPlugin START] Reloading Section: "reloadable-plugin/me.shedaniel.rei.plugin.client.runtime.PluginStageExecutionWatcher$1/HideIngredientsFromTagsPlugin of HideIngredientsFromTagsPlugin [roughlyenoughitems]/" done in 37.00 μs
[13:39:25] [REI-ReloadPlugins/TRACE] [REI] [REIClientPlugin START] Reloading Section: "reloadable-plugin/me.shedaniel.rei.plugin.client.runtime.PluginStageExecutionWatcher$1/DefaultClientRuntimePlugin of DefaultClientRuntimePlugin [roughlyenoughitems]/"
[13:39:25] [REI-ReloadPlugins/TRACE] [REI] [REIClientPlugin START] Reloading Section: "reloadable-plugin/me.shedaniel.rei.plugin.client.runtime.PluginStageExecutionWatcher$1/DefaultClientRuntimePlugin of DefaultClientRuntimePlugin [roughlyenoughitems]/" done in 27.30 μs
[13:39:25] [REI-ReloadPlugins/TRACE] [REI] [REIClientPlugin START] Reloading Section: "reloadable-plugin/me.shedaniel.rei.plugin.client.runtime.PluginStageExecutionWatcher$1/" done in 471.5 μs
[13:39:25] [REI-ReloadPlugins/DEBUG] [REI] ========================================
[13:39:25] [REI-ReloadPlugins/DEBUG] [REI] REIClientPlugin ending main-reload for START.
[13:39:25] [REI-ReloadPlugins/DEBUG] [REI] ========================================
[13:39:25] [REI-ReloadPlugins/TRACE] [REI] [REIClientPlugin START] Reloading Section: "end-reload/"
[13:39:25] [REI-ReloadPlugins/TRACE] [REI] [REIClientPlugin START] Reloading Section: "end-reload/EntryRendererRegistryImpl/"
[13:39:25] [REI-ReloadPlugins/TRACE] [REI] [REIClientPlugin START] Reloading Section: "end-reload/EntryRendererRegistryImpl/" done in 18.70 μs
[13:39:25] [REI-ReloadPlugins/TRACE] [REI] [REIClientPlugin START] Reloading Section: "end-reload/ViewsImpl/"
[13:39:25] [REI-ReloadPlugins/TRACE] [REI] [REIClientPlugin START] Reloading Section: "end-reload/ViewsImpl/" done in 21.70 μs
[13:39:25] [REI-ReloadPlugins/TRACE] [REI] [REIClientPlugin START] Reloading Section: "end-reload/InputMethodRegistryImpl/"
[13:39:25] [REI-ReloadPlugins/TRACE] [REI] [REIClientPlugin START] Reloading Section: "end-reload/InputMethodRegistryImpl/" done in 30.40 μs
[13:39:25] [REI-ReloadPlugins/TRACE] [REI] [REIClientPlugin START] Reloading Section: "end-reload/SearchProviderImpl/"
[13:39:25] [REI-ReloadPlugins/TRACE] [REI] [REIClientPlugin START] Reloading Section: "end-reload/SearchProviderImpl/" done in 15.10 μs
[13:39:25] [REI-ReloadPlugins/TRACE] [REI] [REIClientPlugin START] Reloading Section: "end-reload/ConfigManagerImpl/"
[13:39:25] [REI-ReloadPlugins/TRACE] [REI] [REIClientPlugin START] Reloading Section: "end-reload/ConfigManagerImpl/" done in 14.50 μs
[13:39:25] [REI-ReloadPlugins/TRACE] [REI] [REIClientPlugin START] Reloading Section: "end-reload/EntryRegistryImpl/"
[13:39:25] [REI-ReloadPlugins/DEBUG] [REI] Config saved
[13:39:25] [REI-ReloadPlugins/DEBUG] [REI] Refiltered rule [INSTANCE] in 9.571 ms.
[13:39:25] [REI-ReloadPlugins/DEBUG] [REI] Refiltered rule [INSTANCE] in 2.921 ms.
[13:39:25] [REI-ReloadPlugins/DEBUG] [REI] Refiltered rule [INSTANCE] in 4.206 ms.
[13:39:25] [REI-ReloadPlugins/DEBUG] [REI] Refiltered 1728 entries with 3 rules in 66.36 ms.
[13:39:25] [REI-ReloadPlugins/DEBUG] [REI] Computed existing filtered displays with 3 rules in 9.556 ms
[13:39:25] [REI-ReloadPlugins/DEBUG] [REI] Reloaded entry registry with 1728 entries and 1727 filtered entries
[13:39:25] [REI-ReloadPlugins/TRACE] [REI] [REIClientPlugin START] Reloading Section: "end-reload/EntryRegistryImpl/" done in 81.71 ms
[13:39:25] [REI-ReloadPlugins/TRACE] [REI] [REIClientPlugin START] Reloading Section: "end-reload/CollapsibleEntryRegistryImpl/"
[13:39:25] [REI-ReloadPlugins/TRACE] [REI] [REIClientPlugin START] Reloading Section: "end-reload/CollapsibleEntryRegistryImpl/" done in 19.20 μs
[13:39:25] [REI-ReloadPlugins/TRACE] [REI] [REIClientPlugin START] Reloading Section: "end-reload/BasicFilteringRuleImpl/"
[13:39:25] [REI-ReloadPlugins/TRACE] [REI] [REIClientPlugin START] Reloading Section: "end-reload/BasicFilteringRuleImpl/" done in 10.50 μs
[13:39:25] [REI-ReloadPlugins/TRACE] [REI] [REIClientPlugin START] Reloading Section: "end-reload/CategoryRegistryImpl/"
[13:39:25] [REI-ReloadPlugins/TRACE] [REI] [REIClientPlugin START] Reloading Section: "end-reload/CategoryRegistryImpl/" done in 9.100 μs
[13:39:25] [REI-ReloadPlugins/TRACE] [REI] [REIClientPlugin START] Reloading Section: "end-reload/DisplayRegistryImpl/"
[13:39:25] [REI-ReloadPlugins/TRACE] [REI] [REIClientPlugin START] Reloading Section: "end-reload/DisplayRegistryImpl/" done in 8.800 μs
[13:39:25] [REI-ReloadPlugins/TRACE] [REI] [REIClientPlugin START] Reloading Section: "end-reload/ScreenRegistryImpl/"
[13:39:25] [REI-ReloadPlugins/DEBUG] [REI] Registered 4 overlay deciders and 5 exclusion zones
[13:39:25] [REI-ReloadPlugins/TRACE] [REI] [REIClientPlugin START] Reloading Section: "end-reload/ScreenRegistryImpl/" done in 104.6 μs
[13:39:25] [REI-ReloadPlugins/TRACE] [REI] [REIClientPlugin START] Reloading Section: "end-reload/FavoriteEntryTypeRegistryImpl/"
[13:39:25] [REI-ReloadPlugins/DEBUG] [REI] Config saved
[13:39:25] [REI-ReloadPlugins/DEBUG] [REI] Registered 5 favorite entry types
[13:39:25] [REI-ReloadPlugins/TRACE] [REI] [REIClientPlugin START] Reloading Section: "end-reload/FavoriteEntryTypeRegistryImpl/" done in 5.912 ms
[13:39:25] [REI-ReloadPlugins/TRACE] [REI] [REIClientPlugin START] Reloading Section: "end-reload/SubsetsRegistryImpl/"
[13:39:25] [REI-ReloadPlugins/TRACE] [REI] [REIClientPlugin START] Reloading Section: "end-reload/SubsetsRegistryImpl/" done in 37.20 μs
[13:39:25] [REI-ReloadPlugins/TRACE] [REI] [REIClientPlugin START] Reloading Section: "end-reload/TransferHandlerRegistryImpl/"
[13:39:25] [REI-ReloadPlugins/TRACE] [REI] [REIClientPlugin START] Reloading Section: "end-reload/TransferHandlerRegistryImpl/" done in 28.00 μs
[13:39:25] [REI-ReloadPlugins/TRACE] [REI] [REIClientPlugin START] Reloading Section: "end-reload/SearchRuntime/"
[13:39:25] [REI-ReloadPlugins/TRACE] [REI] Preparing 12096 stacks for search arguments
[13:39:26] [REI-ReloadPlugins/TRACE] [REI] Prepared 12096 / 12096 stacks for search arguments in 132ms
[13:39:26] [REI-ReloadPlugins/DEBUG] [REI] Preparing collapsed entry groups cache with 0 entries and 1728 stacks
[13:39:26] [REI-ReloadPlugins/DEBUG] [REI] Prepared collapsed entry groups cache with 0 entries and 1728 stacks
[13:39:26] [REI-ReloadPlugins/TRACE] [REI] [REIClientPlugin START] Reloading Section: "end-reload/SearchRuntime/" done in 140.3 ms
[13:39:26] [REI-ReloadPlugins/TRACE] [REI] [REIClientPlugin START] Reloading Section: "end-reload/REIRuntimeImpl/"
[13:39:26] [REI-ReloadPlugins/TRACE] [REI] [REIClientPlugin START] Reloading Section: "end-reload/REIRuntimeImpl/" done in 294.1 μs
[13:39:26] [REI-ReloadPlugins/TRACE] [REI] [REIClientPlugin START] Reloading Section: "end-reload/ConfigAddonRegistryImpl/"
[13:39:26] [REI-ReloadPlugins/TRACE] [REI] [REIClientPlugin START] Reloading Section: "end-reload/ConfigAddonRegistryImpl/" done in 25.10 μs
[13:39:26] [REI-ReloadPlugins/TRACE] [REI] [REIClientPlugin START] Reloading Section: "end-reload/me.shedaniel.rei.plugin.client.runtime.PluginStageExecutionWatcher$1/"
[13:39:26] [REI-ReloadPlugins/TRACE] [REI] [REIClientPlugin START] Reloading Section: "end-reload/me.shedaniel.rei.plugin.client.runtime.PluginStageExecutionWatcher$1/" done in 14.90 μs
[13:39:26] [REI-ReloadPlugins/TRACE] [REI] [REIClientPlugin START] Reloading Section: "end-reload/" done in 229.6 ms
[13:39:26] [REI-ReloadPlugins/DEBUG] [REI] ========================================
[13:39:26] [REI-ReloadPlugins/DEBUG] [REI] REIClientPlugin ended main-reload for START in 432.1 ms.
[13:39:26] [REI-ReloadPlugins/DEBUG] [REI] ========================================
[13:39:26] [REI-ReloadPlugins/DEBUG] [REI] ========================================
[13:39:26] [REI-ReloadPlugins/DEBUG] [REI] REICommonPlugin starting post-reload for START.
[13:39:26] [REI-ReloadPlugins/DEBUG] [REI] Reloadables (9):
[13:39:26] [REI-ReloadPlugins/DEBUG] [REI]  - SlotAccessorRegistryImpl
[13:39:26] [REI-ReloadPlugins/DEBUG] [REI]  - EntryTypeRegistryImpl
[13:39:26] [REI-ReloadPlugins/DEBUG] [REI]  - EntrySettingsAdapterRegistryImpl
[13:39:26] [REI-ReloadPlugins/DEBUG] [REI]  - ItemComparatorRegistryImpl
[13:39:26] [REI-ReloadPlugins/DEBUG] [REI]  - FluidComparatorRegistryImpl
[13:39:26] [REI-ReloadPlugins/DEBUG] [REI]  - DisplaySerializerRegistryImpl
[13:39:26] [REI-ReloadPlugins/DEBUG] [REI]  - ServerDisplayRegistryImpl
[13:39:26] [REI-ReloadPlugins/DEBUG] [REI]  - FluidSupportProviderImpl
[13:39:26] [REI-ReloadPlugins/DEBUG] [REI]  - me.shedaniel.rei.plugin.client.runtime.PluginStageExecutionWatcher$1
[13:39:26] [REI-ReloadPlugins/DEBUG] [REI] Plugins (2):
[13:39:26] [REI-ReloadPlugins/DEBUG] [REI]  - (-100,00) DefaultPluginImpl of DefaultPluginImpl [roughlyenoughitems]
[13:39:26] [REI-ReloadPlugins/DEBUG] [REI]  - (0,00) DefaultRuntimePlugin of DefaultRuntimePlugin [roughlyenoughitems]
[13:39:26] [REI-ReloadPlugins/DEBUG] [REI] ========================================
[13:39:26] [REI-ReloadPlugins/TRACE] [REI] [REICommonPlugin START] Reloading Section: "post-register/"
[13:39:26] [REI-ReloadPlugins/TRACE] [REI] [REICommonPlugin START] Reloading Section: "post-register/DefaultPluginImpl of DefaultPluginImpl [roughlyenoughitems]/"
[13:39:26] [REI-ReloadPlugins/TRACE] [REI] [REICommonPlugin START] Reloading Section: "post-register/DefaultPluginImpl of DefaultPluginImpl [roughlyenoughitems]/" done in 393.5 μs
[13:39:26] [REI-ReloadPlugins/TRACE] [REI] [REICommonPlugin START] Reloading Section: "post-register/DefaultRuntimePlugin of DefaultRuntimePlugin [roughlyenoughitems]/"
[13:39:26] [REI-ReloadPlugins/TRACE] [REI] [REICommonPlugin START] Reloading Section: "post-register/DefaultRuntimePlugin of DefaultRuntimePlugin [roughlyenoughitems]/" done in 31.20 μs
[13:39:26] [REI-ReloadPlugins/TRACE] [REI] [REICommonPlugin START] Reloading Section: "post-register/" done in 1.012 ms
[13:39:26] [REI-ReloadPlugins/TRACE] [REI] [REICommonPlugin START] Reloading Section: "post-stage/"
[13:39:26] [REI-ReloadPlugins/TRACE] [REI] [REICommonPlugin START] Reloading Section: "post-stage/SlotAccessorRegistryImpl/"
[13:39:26] [REI-ReloadPlugins/TRACE] [REI] [REICommonPlugin START] Reloading Section: "post-stage/SlotAccessorRegistryImpl/" done in 32.00 μs
[13:39:26] [REI-ReloadPlugins/TRACE] [REI] [REICommonPlugin START] Reloading Section: "post-stage/EntryTypeRegistryImpl/"
[13:39:26] [REI-ReloadPlugins/TRACE] [REI] [REICommonPlugin START] Reloading Section: "post-stage/EntryTypeRegistryImpl/" done in 15.10 μs
[13:39:26] [REI-ReloadPlugins/TRACE] [REI] [REICommonPlugin START] Reloading Section: "post-stage/EntrySettingsAdapterRegistryImpl/"
[13:39:26] [REI-ReloadPlugins/TRACE] [REI] [REICommonPlugin START] Reloading Section: "post-stage/EntrySettingsAdapterRegistryImpl/" done in 14.30 μs
[13:39:26] [REI-ReloadPlugins/TRACE] [REI] [REICommonPlugin START] Reloading Section: "post-stage/ItemComparatorRegistryImpl/"
[13:39:26] [REI-ReloadPlugins/TRACE] [REI] [REICommonPlugin START] Reloading Section: "post-stage/ItemComparatorRegistryImpl/" done in 13.40 μs
[13:39:26] [REI-ReloadPlugins/TRACE] [REI] [REICommonPlugin START] Reloading Section: "post-stage/FluidComparatorRegistryImpl/"
[13:39:26] [REI-ReloadPlugins/TRACE] [REI] [REICommonPlugin START] Reloading Section: "post-stage/FluidComparatorRegistryImpl/" done in 13.70 μs
[13:39:26] [REI-ReloadPlugins/TRACE] [REI] [REICommonPlugin START] Reloading Section: "post-stage/DisplaySerializerRegistryImpl/"
[13:39:26] [REI-ReloadPlugins/TRACE] [REI] [REICommonPlugin START] Reloading Section: "post-stage/DisplaySerializerRegistryImpl/" done in 13.60 μs
[13:39:26] [REI-ReloadPlugins/TRACE] [REI] [REICommonPlugin START] Reloading Section: "post-stage/ServerDisplayRegistryImpl/"
[13:39:26] [REI-ReloadPlugins/TRACE] [REI] [REICommonPlugin START] Reloading Section: "post-stage/ServerDisplayRegistryImpl/" done in 13.60 μs
[13:39:26] [REI-ReloadPlugins/TRACE] [REI] [REICommonPlugin START] Reloading Section: "post-stage/FluidSupportProviderImpl/"
[13:39:26] [REI-ReloadPlugins/TRACE] [REI] [REICommonPlugin START] Reloading Section: "post-stage/FluidSupportProviderImpl/" done in 12.70 μs
[13:39:26] [REI-ReloadPlugins/TRACE] [REI] [REICommonPlugin START] Reloading Section: "post-stage/me.shedaniel.rei.plugin.client.runtime.PluginStageExecutionWatcher$1/"
[13:39:26] [REI-ReloadPlugins/TRACE] [REI] [REICommonPlugin START] Reloading Section: "post-stage/me.shedaniel.rei.plugin.client.runtime.PluginStageExecutionWatcher$1/" done in 34.40 μs
[13:39:26] [REI-ReloadPlugins/TRACE] [REI] [REICommonPlugin START] Reloading Section: "post-stage/" done in 479.2 μs
[13:39:26] [REI-ReloadPlugins/DEBUG] [REI] ========================================
[13:39:26] [REI-ReloadPlugins/INFO] [REI] REICommonPlugin finished post-reload for START in 1.541 ms, totaling 258.9 ms.
[13:39:26] [REI-ReloadPlugins/DEBUG] [REI] ========================================
[13:39:26] [REI-ReloadPlugins/DEBUG] [REI] ========================================
[13:39:26] [REI-ReloadPlugins/DEBUG] [REI] REIClientPlugin starting post-reload for START.
[13:39:26] [REI-ReloadPlugins/DEBUG] [REI] Reloadables (18):
[13:39:26] [REI-ReloadPlugins/DEBUG] [REI]  - EntryRendererRegistryImpl
[13:39:26] [REI-ReloadPlugins/DEBUG] [REI]  - ViewsImpl
[13:39:26] [REI-ReloadPlugins/DEBUG] [REI]  - InputMethodRegistryImpl
[13:39:26] [REI-ReloadPlugins/DEBUG] [REI]  - SearchProviderImpl
[13:39:26] [REI-ReloadPlugins/DEBUG] [REI]  - ConfigManagerImpl
[13:39:26] [REI-ReloadPlugins/DEBUG] [REI]  - EntryRegistryImpl
[13:39:26] [REI-ReloadPlugins/DEBUG] [REI]  - CollapsibleEntryRegistryImpl
[13:39:26] [REI-ReloadPlugins/DEBUG] [REI]  - BasicFilteringRuleImpl
[13:39:26] [REI-ReloadPlugins/DEBUG] [REI]  - CategoryRegistryImpl
[13:39:26] [REI-ReloadPlugins/DEBUG] [REI]  - DisplayRegistryImpl
[13:39:26] [REI-ReloadPlugins/DEBUG] [REI]  - ScreenRegistryImpl
[13:39:26] [REI-ReloadPlugins/DEBUG] [REI]  - FavoriteEntryTypeRegistryImpl
[13:39:26] [REI-ReloadPlugins/DEBUG] [REI]  - SubsetsRegistryImpl
[13:39:26] [REI-ReloadPlugins/DEBUG] [REI]  - TransferHandlerRegistryImpl
[13:39:26] [REI-ReloadPlugins/DEBUG] [REI]  - SearchRuntime
[13:39:26] [REI-ReloadPlugins/DEBUG] [REI]  - REIRuntimeImpl
[13:39:26] [REI-ReloadPlugins/DEBUG] [REI]  - ConfigAddonRegistryImpl
[13:39:26] [REI-ReloadPlugins/DEBUG] [REI]  - me.shedaniel.rei.plugin.client.runtime.PluginStageExecutionWatcher$1
[13:39:26] [REI-ReloadPlugins/DEBUG] [REI] Plugins (3):
[13:39:26] [REI-ReloadPlugins/DEBUG] [REI]  - (-100,00) DefaultClientPluginImpl of DefaultClientPluginImpl [roughlyenoughitems]
[13:39:26] [REI-ReloadPlugins/DEBUG] [REI]  - (0,00) HideIngredientsFromTagsPlugin of HideIngredientsFromTagsPlugin [roughlyenoughitems]
[13:39:26] [REI-ReloadPlugins/DEBUG] [REI]  - (0,00) DefaultClientRuntimePlugin of DefaultClientRuntimePlugin [roughlyenoughitems]
[13:39:26] [REI-ReloadPlugins/DEBUG] [REI] ========================================
[13:39:26] [REI-ReloadPlugins/TRACE] [REI] [REIClientPlugin START] Reloading Section: "post-register/"
[13:39:26] [REI-ReloadPlugins/TRACE] [REI] [REIClientPlugin START] Reloading Section: "post-register/DefaultClientPluginImpl of DefaultClientPluginImpl [roughlyenoughitems]/"
[13:39:26] [REI-ReloadPlugins/TRACE] [REI] [REIClientPlugin START] Reloading Section: "post-register/DefaultClientPluginImpl of DefaultClientPluginImpl [roughlyenoughitems]/" done in 29.00 μs
[13:39:26] [REI-ReloadPlugins/TRACE] [REI] [REIClientPlugin START] Reloading Section: "post-register/HideIngredientsFromTagsPlugin of HideIngredientsFromTagsPlugin [roughlyenoughitems]/"
[13:39:26] [REI-ReloadPlugins/TRACE] [REI] [REIClientPlugin START] Reloading Section: "post-register/HideIngredientsFromTagsPlugin of HideIngredientsFromTagsPlugin [roughlyenoughitems]/" done in 18.60 μs
[13:39:26] [REI-ReloadPlugins/TRACE] [REI] [REIClientPlugin START] Reloading Section: "post-register/DefaultClientRuntimePlugin of DefaultClientRuntimePlugin [roughlyenoughitems]/"
[13:39:26] [REI-ReloadPlugins/TRACE] [REI] [REIClientPlugin START] Reloading Section: "post-register/DefaultClientRuntimePlugin of DefaultClientRuntimePlugin [roughlyenoughitems]/" done in 17.20 μs
[13:39:26] [REI-ReloadPlugins/TRACE] [REI] [REIClientPlugin START] Reloading Section: "post-register/" done in 218.5 μs
[13:39:26] [REI-ReloadPlugins/TRACE] [REI] [REIClientPlugin START] Reloading Section: "post-stage/"
[13:39:26] [REI-ReloadPlugins/TRACE] [REI] [REIClientPlugin START] Reloading Section: "post-stage/EntryRendererRegistryImpl/"
[13:39:26] [REI-ReloadPlugins/TRACE] [REI] [REIClientPlugin START] Reloading Section: "post-stage/EntryRendererRegistryImpl/" done in 16.60 μs
[13:39:26] [REI-ReloadPlugins/TRACE] [REI] [REIClientPlugin START] Reloading Section: "post-stage/ViewsImpl/"
[13:39:26] [REI-ReloadPlugins/TRACE] [REI] [REIClientPlugin START] Reloading Section: "post-stage/ViewsImpl/" done in 17.70 μs
[13:39:26] [REI-ReloadPlugins/TRACE] [REI] [REIClientPlugin START] Reloading Section: "post-stage/InputMethodRegistryImpl/"
[13:39:26] [REI-ReloadPlugins/TRACE] [REI] [REIClientPlugin START] Reloading Section: "post-stage/InputMethodRegistryImpl/" done in 19.20 μs
[13:39:26] [REI-ReloadPlugins/TRACE] [REI] [REIClientPlugin START] Reloading Section: "post-stage/SearchProviderImpl/"
[13:39:26] [REI-ReloadPlugins/TRACE] [REI] [REIClientPlugin START] Reloading Section: "post-stage/SearchProviderImpl/" done in 16.10 μs
[13:39:26] [REI-ReloadPlugins/TRACE] [REI] [REIClientPlugin START] Reloading Section: "post-stage/ConfigManagerImpl/"
[13:39:26] [REI-ReloadPlugins/TRACE] [REI] [REIClientPlugin START] Reloading Section: "post-stage/ConfigManagerImpl/" done in 14.30 μs
[13:39:26] [REI-ReloadPlugins/TRACE] [REI] [REIClientPlugin START] Reloading Section: "post-stage/EntryRegistryImpl/"
[13:39:26] [REI-ReloadPlugins/TRACE] [REI] [REIClientPlugin START] Reloading Section: "post-stage/EntryRegistryImpl/" done in 13.00 μs
[13:39:26] [REI-ReloadPlugins/TRACE] [REI] [REIClientPlugin START] Reloading Section: "post-stage/CollapsibleEntryRegistryImpl/"
[13:39:26] [REI-ReloadPlugins/TRACE] [REI] [REIClientPlugin START] Reloading Section: "post-stage/CollapsibleEntryRegistryImpl/" done in 18.50 μs
[13:39:26] [REI-ReloadPlugins/TRACE] [REI] [REIClientPlugin START] Reloading Section: "post-stage/BasicFilteringRuleImpl/"
[13:39:26] [REI-ReloadPlugins/TRACE] [REI] [REIClientPlugin START] Reloading Section: "post-stage/BasicFilteringRuleImpl/" done in 14.00 μs
[13:39:26] [REI-ReloadPlugins/TRACE] [REI] [REIClientPlugin START] Reloading Section: "post-stage/CategoryRegistryImpl/"
[13:39:26] [REI-ReloadPlugins/TRACE] [REI] [REIClientPlugin START] Reloading Section: "post-stage/CategoryRegistryImpl/" done in 12.80 μs
[13:39:26] [REI-ReloadPlugins/TRACE] [REI] [REIClientPlugin START] Reloading Section: "post-stage/DisplayRegistryImpl/"
[13:39:26] [REI-ReloadPlugins/TRACE] [REI] [REIClientPlugin START] Reloading Section: "post-stage/DisplayRegistryImpl/" done in 42.70 μs
[13:39:26] [REI-ReloadPlugins/TRACE] [REI] [REIClientPlugin START] Reloading Section: "post-stage/ScreenRegistryImpl/"
[13:39:26] [REI-ReloadPlugins/TRACE] [REI] [REIClientPlugin START] Reloading Section: "post-stage/ScreenRegistryImpl/" done in 15.50 μs
[13:39:26] [REI-ReloadPlugins/TRACE] [REI] [REIClientPlugin START] Reloading Section: "post-stage/FavoriteEntryTypeRegistryImpl/"
[13:39:26] [REI-ReloadPlugins/TRACE] [REI] [REIClientPlugin START] Reloading Section: "post-stage/FavoriteEntryTypeRegistryImpl/" done in 18.50 μs
[13:39:26] [REI-ReloadPlugins/TRACE] [REI] [REIClientPlugin START] Reloading Section: "post-stage/SubsetsRegistryImpl/"
[13:39:26] [REI-ReloadPlugins/TRACE] [REI] [REIClientPlugin START] Reloading Section: "post-stage/SubsetsRegistryImpl/" done in 19.60 μs
[13:39:26] [REI-ReloadPlugins/TRACE] [REI] [REIClientPlugin START] Reloading Section: "post-stage/TransferHandlerRegistryImpl/"
[13:39:26] [REI-ReloadPlugins/TRACE] [REI] [REIClientPlugin START] Reloading Section: "post-stage/TransferHandlerRegistryImpl/" done in 13.70 μs
[13:39:26] [REI-ReloadPlugins/TRACE] [REI] [REIClientPlugin START] Reloading Section: "post-stage/SearchRuntime/"
[13:39:26] [REI-ReloadPlugins/TRACE] [REI] [REIClientPlugin START] Reloading Section: "post-stage/SearchRuntime/" done in 13.10 μs
[13:39:26] [REI-ReloadPlugins/TRACE] [REI] [REIClientPlugin START] Reloading Section: "post-stage/REIRuntimeImpl/"
[13:39:26] [REI-ReloadPlugins/TRACE] [REI] [REIClientPlugin START] Reloading Section: "post-stage/REIRuntimeImpl/" done in 13.30 μs
[13:39:26] [REI-ReloadPlugins/TRACE] [REI] [REIClientPlugin START] Reloading Section: "post-stage/ConfigAddonRegistryImpl/"
[13:39:26] [REI-ReloadPlugins/TRACE] [REI] [REIClientPlugin START] Reloading Section: "post-stage/ConfigAddonRegistryImpl/" done in 13.60 μs
[13:39:26] [REI-ReloadPlugins/TRACE] [REI] [REIClientPlugin START] Reloading Section: "post-stage/me.shedaniel.rei.plugin.client.runtime.PluginStageExecutionWatcher$1/"
[13:39:26] [REI-ReloadPlugins/TRACE] [REI] [REIClientPlugin START] Reloading Section: "post-stage/me.shedaniel.rei.plugin.client.runtime.PluginStageExecutionWatcher$1/" done in 16.30 μs
[13:39:26] [REI-ReloadPlugins/TRACE] [REI] [REIClientPlugin START] Reloading Section: "post-stage/" done in 882.9 μs
[13:39:26] [REI-ReloadPlugins/DEBUG] [REI] ========================================
[13:39:26] [REI-ReloadPlugins/INFO] [REI] REIClientPlugin finished post-reload for START in 1.140 ms, totaling 435.3 ms.
[13:39:26] [REI-ReloadPlugins/DEBUG] [REI] ========================================
[13:39:26] [REI-ReloadPlugins/DEBUG] [REI] ========================================
[13:39:26] [REI-ReloadPlugins/DEBUG] [REI] REICommonPlugin starting pre-reload for END.
[13:39:26] [REI-ReloadPlugins/DEBUG] [REI] Reloadables (9):
[13:39:26] [REI-ReloadPlugins/DEBUG] [REI]  - SlotAccessorRegistryImpl
[13:39:26] [REI-ReloadPlugins/DEBUG] [REI]  - EntryTypeRegistryImpl
[13:39:26] [REI-ReloadPlugins/DEBUG] [REI]  - EntrySettingsAdapterRegistryImpl
[13:39:26] [REI-ReloadPlugins/DEBUG] [REI]  - ItemComparatorRegistryImpl
[13:39:26] [REI-ReloadPlugins/DEBUG] [REI]  - FluidComparatorRegistryImpl
[13:39:26] [REI-ReloadPlugins/DEBUG] [REI]  - DisplaySerializerRegistryImpl
[13:39:26] [REI-ReloadPlugins/DEBUG] [REI]  - ServerDisplayRegistryImpl
[13:39:26] [REI-ReloadPlugins/DEBUG] [REI]  - FluidSupportProviderImpl
[13:39:26] [REI-ReloadPlugins/DEBUG] [REI]  - me.shedaniel.rei.plugin.client.runtime.PluginStageExecutionWatcher$1
[13:39:26] [REI-ReloadPlugins/DEBUG] [REI] Plugins (2):
[13:39:26] [REI-ReloadPlugins/DEBUG] [REI]  - (-100,00) DefaultPluginImpl of DefaultPluginImpl [roughlyenoughitems]
[13:39:26] [REI-ReloadPlugins/DEBUG] [REI]  - (0,00) DefaultRuntimePlugin of DefaultRuntimePlugin [roughlyenoughitems]
[13:39:26] [REI-ReloadPlugins/DEBUG] [REI] ========================================
[13:39:26] [REI-ReloadPlugins/TRACE] [REI] [REICommonPlugin END] Reloading Section: "pre-register/"
[13:39:26] [REI-ReloadPlugins/TRACE] [REI] [REICommonPlugin END] Reloading Section: "pre-register/DefaultPluginImpl of DefaultPluginImpl [roughlyenoughitems]/"
[13:39:26] [REI-ReloadPlugins/TRACE] [REI] [REICommonPlugin END] Reloading Section: "pre-register/DefaultPluginImpl of DefaultPluginImpl [roughlyenoughitems]/" done in 23.80 μs
[13:39:26] [REI-ReloadPlugins/TRACE] [REI] [REICommonPlugin END] Reloading Section: "pre-register/DefaultRuntimePlugin of DefaultRuntimePlugin [roughlyenoughitems]/"
[13:39:26] [REI-ReloadPlugins/TRACE] [REI] [REICommonPlugin END] Reloading Section: "pre-register/DefaultRuntimePlugin of DefaultRuntimePlugin [roughlyenoughitems]/" done in 22.90 μs
[13:39:26] [REI-ReloadPlugins/TRACE] [REI] [REICommonPlugin END] Reloading Section: "pre-register/" done in 182.5 μs
[13:39:26] [REI-ReloadPlugins/TRACE] [REI] [REICommonPlugin END] Reloading Section: "pre-stage/"
[13:39:26] [REI-ReloadPlugins/TRACE] [REI] [REICommonPlugin END] Reloading Section: "pre-stage/SlotAccessorRegistryImpl/"
[13:39:26] [REI-ReloadPlugins/TRACE] [REI] [REICommonPlugin END] Reloading Section: "pre-stage/SlotAccessorRegistryImpl/" done in 18.00 μs
[13:39:26] [REI-ReloadPlugins/TRACE] [REI] [REICommonPlugin END] Reloading Section: "pre-stage/EntryTypeRegistryImpl/"
[13:39:26] [REI-ReloadPlugins/TRACE] [REI] [REICommonPlugin END] Reloading Section: "pre-stage/EntryTypeRegistryImpl/" done in 17.30 μs
[13:39:26] [REI-ReloadPlugins/TRACE] [REI] [REICommonPlugin END] Reloading Section: "pre-stage/EntrySettingsAdapterRegistryImpl/"
[13:39:26] [REI-ReloadPlugins/TRACE] [REI] [REICommonPlugin END] Reloading Section: "pre-stage/EntrySettingsAdapterRegistryImpl/" done in 14.40 μs
[13:39:26] [REI-ReloadPlugins/TRACE] [REI] [REICommonPlugin END] Reloading Section: "pre-stage/ItemComparatorRegistryImpl/"
[13:39:26] [REI-ReloadPlugins/TRACE] [REI] [REICommonPlugin END] Reloading Section: "pre-stage/ItemComparatorRegistryImpl/" done in 14.20 μs
[13:39:26] [REI-ReloadPlugins/TRACE] [REI] [REICommonPlugin END] Reloading Section: "pre-stage/FluidComparatorRegistryImpl/"
[13:39:26] [REI-ReloadPlugins/TRACE] [REI] [REICommonPlugin END] Reloading Section: "pre-stage/FluidComparatorRegistryImpl/" done in 30.90 μs
[13:39:26] [REI-ReloadPlugins/TRACE] [REI] [REICommonPlugin END] Reloading Section: "pre-stage/DisplaySerializerRegistryImpl/"
[13:39:26] [REI-ReloadPlugins/TRACE] [REI] [REICommonPlugin END] Reloading Section: "pre-stage/DisplaySerializerRegistryImpl/" done in 17.40 μs
[13:39:26] [REI-ReloadPlugins/TRACE] [REI] [REICommonPlugin END] Reloading Section: "pre-stage/ServerDisplayRegistryImpl/"
[13:39:26] [REI-ReloadPlugins/TRACE] [REI] [REICommonPlugin END] Reloading Section: "pre-stage/ServerDisplayRegistryImpl/" done in 14.50 μs
[13:39:26] [REI-ReloadPlugins/TRACE] [REI] [REICommonPlugin END] Reloading Section: "pre-stage/FluidSupportProviderImpl/"
[13:39:26] [REI-ReloadPlugins/TRACE] [REI] [REICommonPlugin END] Reloading Section: "pre-stage/FluidSupportProviderImpl/" done in 14.10 μs
[13:39:26] [REI-ReloadPlugins/TRACE] [REI] [REICommonPlugin END] Reloading Section: "pre-stage/me.shedaniel.rei.plugin.client.runtime.PluginStageExecutionWatcher$1/"
[13:39:26] [REI-ReloadPlugins/TRACE] [REI] [REICommonPlugin END] Reloading Section: "pre-stage/me.shedaniel.rei.plugin.client.runtime.PluginStageExecutionWatcher$1/" done in 24.90 μs
[13:39:26] [REI-ReloadPlugins/TRACE] [REI] [REICommonPlugin END] Reloading Section: "pre-stage/" done in 699.7 μs
[13:39:26] [REI-ReloadPlugins/DEBUG] [REI] ========================================
[13:39:26] [REI-ReloadPlugins/DEBUG] [REI] REICommonPlugin finished pre-reload for END in 939.0 μs.
[13:39:26] [REI-ReloadPlugins/DEBUG] [REI] ========================================
[13:39:26] [REI-ReloadPlugins/DEBUG] [REI] ========================================
[13:39:26] [REI-ReloadPlugins/DEBUG] [REI] REIClientPlugin starting pre-reload for END.
[13:39:26] [REI-ReloadPlugins/DEBUG] [REI] Reloadables (18):
[13:39:26] [REI-ReloadPlugins/DEBUG] [REI]  - EntryRendererRegistryImpl
[13:39:26] [REI-ReloadPlugins/DEBUG] [REI]  - ViewsImpl
[13:39:26] [REI-ReloadPlugins/DEBUG] [REI]  - InputMethodRegistryImpl
[13:39:26] [REI-ReloadPlugins/DEBUG] [REI]  - SearchProviderImpl
[13:39:26] [REI-ReloadPlugins/DEBUG] [REI]  - ConfigManagerImpl
[13:39:26] [REI-ReloadPlugins/DEBUG] [REI]  - EntryRegistryImpl
[13:39:26] [REI-ReloadPlugins/DEBUG] [REI]  - CollapsibleEntryRegistryImpl
[13:39:26] [REI-ReloadPlugins/DEBUG] [REI]  - BasicFilteringRuleImpl
[13:39:26] [REI-ReloadPlugins/DEBUG] [REI]  - CategoryRegistryImpl
[13:39:26] [REI-ReloadPlugins/DEBUG] [REI]  - DisplayRegistryImpl
[13:39:26] [REI-ReloadPlugins/DEBUG] [REI]  - ScreenRegistryImpl
[13:39:26] [REI-ReloadPlugins/DEBUG] [REI]  - FavoriteEntryTypeRegistryImpl
[13:39:26] [REI-ReloadPlugins/DEBUG] [REI]  - SubsetsRegistryImpl
[13:39:26] [REI-ReloadPlugins/DEBUG] [REI]  - TransferHandlerRegistryImpl
[13:39:26] [REI-ReloadPlugins/DEBUG] [REI]  - SearchRuntime
[13:39:26] [REI-ReloadPlugins/DEBUG] [REI]  - REIRuntimeImpl
[13:39:26] [REI-ReloadPlugins/DEBUG] [REI]  - ConfigAddonRegistryImpl
[13:39:26] [REI-ReloadPlugins/DEBUG] [REI]  - me.shedaniel.rei.plugin.client.runtime.PluginStageExecutionWatcher$1
[13:39:26] [REI-ReloadPlugins/DEBUG] [REI] Plugins (3):
[13:39:26] [REI-ReloadPlugins/DEBUG] [REI]  - (-100,00) DefaultClientPluginImpl of DefaultClientPluginImpl [roughlyenoughitems]
[13:39:26] [REI-ReloadPlugins/DEBUG] [REI]  - (0,00) HideIngredientsFromTagsPlugin of HideIngredientsFromTagsPlugin [roughlyenoughitems]
[13:39:26] [REI-ReloadPlugins/DEBUG] [REI]  - (0,00) DefaultClientRuntimePlugin of DefaultClientRuntimePlugin [roughlyenoughitems]
[13:39:26] [REI-ReloadPlugins/DEBUG] [REI] ========================================
[13:39:26] [REI-ReloadPlugins/TRACE] [REI] [REIClientPlugin END] Reloading Section: "pre-register/"
[13:39:26] [REI-ReloadPlugins/TRACE] [REI] [REIClientPlugin END] Reloading Section: "pre-register/DefaultClientPluginImpl of DefaultClientPluginImpl [roughlyenoughitems]/"
[13:39:26] [REI-ReloadPlugins/TRACE] [REI] [REIClientPlugin END] Reloading Section: "pre-register/DefaultClientPluginImpl of DefaultClientPluginImpl [roughlyenoughitems]/" done in 78.10 μs
[13:39:26] [REI-ReloadPlugins/TRACE] [REI] [REIClientPlugin END] Reloading Section: "pre-register/HideIngredientsFromTagsPlugin of HideIngredientsFromTagsPlugin [roughlyenoughitems]/"
[13:39:26] [REI-ReloadPlugins/TRACE] [REI] [REIClientPlugin END] Reloading Section: "pre-register/HideIngredientsFromTagsPlugin of HideIngredientsFromTagsPlugin [roughlyenoughitems]/" done in 47.90 μs
[13:39:26] [REI-ReloadPlugins/TRACE] [REI] [REIClientPlugin END] Reloading Section: "pre-register/DefaultClientRuntimePlugin of DefaultClientRuntimePlugin [roughlyenoughitems]/"
[13:39:26] [REI-ReloadPlugins/TRACE] [REI] [REIClientPlugin END] Reloading Section: "pre-register/DefaultClientRuntimePlugin of DefaultClientRuntimePlugin [roughlyenoughitems]/" done in 37.10 μs
[13:39:26] [REI-ReloadPlugins/TRACE] [REI] [REIClientPlugin END] Reloading Section: "pre-register/" done in 369.9 μs
[13:39:26] [REI-ReloadPlugins/TRACE] [REI] [REIClientPlugin END] Reloading Section: "pre-stage/"
[13:39:26] [REI-ReloadPlugins/TRACE] [REI] [REIClientPlugin END] Reloading Section: "pre-stage/EntryRendererRegistryImpl/"
[13:39:26] [REI-ReloadPlugins/TRACE] [REI] [REIClientPlugin END] Reloading Section: "pre-stage/EntryRendererRegistryImpl/" done in 39.60 μs
[13:39:26] [REI-ReloadPlugins/TRACE] [REI] [REIClientPlugin END] Reloading Section: "pre-stage/ViewsImpl/"
[13:39:26] [REI-ReloadPlugins/TRACE] [REI] [REIClientPlugin END] Reloading Section: "pre-stage/ViewsImpl/" done in 12.00 μs
[13:39:26] [REI-ReloadPlugins/TRACE] [REI] [REIClientPlugin END] Reloading Section: "pre-stage/InputMethodRegistryImpl/"
[13:39:26] [REI-ReloadPlugins/TRACE] [REI] [REIClientPlugin END] Reloading Section: "pre-stage/InputMethodRegistryImpl/" done in 38.60 μs
[13:39:26] [REI-ReloadPlugins/TRACE] [REI] [REIClientPlugin END] Reloading Section: "pre-stage/SearchProviderImpl/"
[13:39:26] [REI-ReloadPlugins/TRACE] [REI] [REIClientPlugin END] Reloading Section: "pre-stage/SearchProviderImpl/" done in 30.30 μs
[13:39:26] [REI-ReloadPlugins/TRACE] [REI] [REIClientPlugin END] Reloading Section: "pre-stage/ConfigManagerImpl/"
[13:39:26] [REI-ReloadPlugins/TRACE] [REI] [REIClientPlugin END] Reloading Section: "pre-stage/ConfigManagerImpl/" done in 20.70 μs
[13:39:26] [REI-ReloadPlugins/TRACE] [REI] [REIClientPlugin END] Reloading Section: "pre-stage/EntryRegistryImpl/"
[13:39:26] [REI-ReloadPlugins/TRACE] [REI] [REIClientPlugin END] Reloading Section: "pre-stage/EntryRegistryImpl/" done in 13.40 μs
[13:39:26] [REI-ReloadPlugins/TRACE] [REI] [REIClientPlugin END] Reloading Section: "pre-stage/CollapsibleEntryRegistryImpl/"
[13:39:26] [REI-ReloadPlugins/TRACE] [REI] [REIClientPlugin END] Reloading Section: "pre-stage/CollapsibleEntryRegistryImpl/" done in 13.30 μs
[13:39:26] [REI-ReloadPlugins/TRACE] [REI] [REIClientPlugin END] Reloading Section: "pre-stage/BasicFilteringRuleImpl/"
[13:39:26] [REI-ReloadPlugins/TRACE] [REI] [REIClientPlugin END] Reloading Section: "pre-stage/BasicFilteringRuleImpl/" done in 14.80 μs
[13:39:26] [REI-ReloadPlugins/TRACE] [REI] [REIClientPlugin END] Reloading Section: "pre-stage/CategoryRegistryImpl/"
[13:39:26] [REI-ReloadPlugins/TRACE] [REI] [REIClientPlugin END] Reloading Section: "pre-stage/CategoryRegistryImpl/" done in 17.90 μs
[13:39:26] [REI-ReloadPlugins/TRACE] [REI] [REIClientPlugin END] Reloading Section: "pre-stage/DisplayRegistryImpl/"
[13:39:26] [REI-ReloadPlugins/TRACE] [REI] [REIClientPlugin END] Reloading Section: "pre-stage/DisplayRegistryImpl/" done in 24.90 μs
[13:39:26] [REI-ReloadPlugins/TRACE] [REI] [REIClientPlugin END] Reloading Section: "pre-stage/ScreenRegistryImpl/"
[13:39:26] [REI-ReloadPlugins/TRACE] [REI] [REIClientPlugin END] Reloading Section: "pre-stage/ScreenRegistryImpl/" done in 22.40 μs
[13:39:26] [REI-ReloadPlugins/TRACE] [REI] [REIClientPlugin END] Reloading Section: "pre-stage/FavoriteEntryTypeRegistryImpl/"
[13:39:26] [REI-ReloadPlugins/TRACE] [REI] [REIClientPlugin END] Reloading Section: "pre-stage/FavoriteEntryTypeRegistryImpl/" done in 17.40 μs
[13:39:26] [REI-ReloadPlugins/TRACE] [REI] [REIClientPlugin END] Reloading Section: "pre-stage/SubsetsRegistryImpl/"
[13:39:26] [REI-ReloadPlugins/TRACE] [REI] [REIClientPlugin END] Reloading Section: "pre-stage/SubsetsRegistryImpl/" done in 24.10 μs
[13:39:26] [REI-ReloadPlugins/TRACE] [REI] [REIClientPlugin END] Reloading Section: "pre-stage/TransferHandlerRegistryImpl/"
[13:39:26] [REI-ReloadPlugins/TRACE] [REI] [REIClientPlugin END] Reloading Section: "pre-stage/TransferHandlerRegistryImpl/" done in 14.60 μs
[13:39:26] [REI-ReloadPlugins/TRACE] [REI] [REIClientPlugin END] Reloading Section: "pre-stage/SearchRuntime/"
[13:39:26] [REI-ReloadPlugins/TRACE] [REI] [REIClientPlugin END] Reloading Section: "pre-stage/SearchRuntime/" done in 17.10 μs
[13:39:26] [REI-ReloadPlugins/TRACE] [REI] [REIClientPlugin END] Reloading Section: "pre-stage/REIRuntimeImpl/"
[13:39:26] [REI-ReloadPlugins/TRACE] [REI] [REIClientPlugin END] Reloading Section: "pre-stage/REIRuntimeImpl/" done in 21.00 μs
[13:39:26] [REI-ReloadPlugins/TRACE] [REI] [REIClientPlugin END] Reloading Section: "pre-stage/ConfigAddonRegistryImpl/"
[13:39:26] [REI-ReloadPlugins/TRACE] [REI] [REIClientPlugin END] Reloading Section: "pre-stage/ConfigAddonRegistryImpl/" done in 19.90 μs
[13:39:26] [REI-ReloadPlugins/TRACE] [REI] [REIClientPlugin END] Reloading Section: "pre-stage/me.shedaniel.rei.plugin.client.runtime.PluginStageExecutionWatcher$1/"
[13:39:26] [REI-ReloadPlugins/TRACE] [REI] [REIClientPlugin END] Reloading Section: "pre-stage/me.shedaniel.rei.plugin.client.runtime.PluginStageExecutionWatcher$1/" done in 26.10 μs
[13:39:26] [REI-ReloadPlugins/TRACE] [REI] [REIClientPlugin END] Reloading Section: "pre-stage/" done in 1.114 ms
[13:39:26] [REI-ReloadPlugins/DEBUG] [REI] ========================================
[13:39:26] [REI-ReloadPlugins/DEBUG] [REI] REIClientPlugin finished pre-reload for END in 1.530 ms.
[13:39:26] [REI-ReloadPlugins/DEBUG] [REI] ========================================
[13:39:26] [REI-ReloadPlugins/INFO] [REI] ########################################
[13:39:26] [REI-ReloadPlugins/INFO] [REI] REICommonPlugin starting main-reload for END.
[13:39:26] [REI-ReloadPlugins/DEBUG] [REI] Reloadables (9):
[13:39:26] [REI-ReloadPlugins/DEBUG] [REI]  - SlotAccessorRegistryImpl
[13:39:26] [REI-ReloadPlugins/DEBUG] [REI]  - EntryTypeRegistryImpl
[13:39:26] [REI-ReloadPlugins/DEBUG] [REI]  - EntrySettingsAdapterRegistryImpl
[13:39:26] [REI-ReloadPlugins/DEBUG] [REI]  - ItemComparatorRegistryImpl
[13:39:26] [REI-ReloadPlugins/DEBUG] [REI]  - FluidComparatorRegistryImpl
[13:39:26] [REI-ReloadPlugins/DEBUG] [REI]  - DisplaySerializerRegistryImpl
[13:39:26] [REI-ReloadPlugins/DEBUG] [REI]  - ServerDisplayRegistryImpl
[13:39:26] [REI-ReloadPlugins/DEBUG] [REI]  - FluidSupportProviderImpl
[13:39:26] [REI-ReloadPlugins/DEBUG] [REI]  - me.shedaniel.rei.plugin.client.runtime.PluginStageExecutionWatcher$1
[13:39:26] [REI-ReloadPlugins/INFO] [REI] Plugins (2):
[13:39:26] [REI-ReloadPlugins/INFO] [REI]  - (-100,00) DefaultPluginImpl of DefaultPluginImpl [roughlyenoughitems]
[13:39:26] [REI-ReloadPlugins/INFO] [REI]  - (0,00) DefaultRuntimePlugin of DefaultRuntimePlugin [roughlyenoughitems]
[13:39:26] [REI-ReloadPlugins/INFO] [REI] ########################################
[13:39:26] [REI-ReloadPlugins/TRACE] [REI] [REICommonPlugin END] Reloading Section: "start-reload/"
[13:39:26] [REI-ReloadPlugins/TRACE] [REI] [REICommonPlugin END] Reloading Section: "start-reload/SlotAccessorRegistryImpl/"
[13:39:26] [REI-ReloadPlugins/TRACE] [REI] [REICommonPlugin END] Reloading Section: "start-reload/SlotAccessorRegistryImpl/" done in 92.00 μs
[13:39:26] [REI-ReloadPlugins/TRACE] [REI] [REICommonPlugin END] Reloading Section: "start-reload/EntryTypeRegistryImpl/"
[13:39:26] [REI-ReloadPlugins/TRACE] [REI] [REICommonPlugin END] Reloading Section: "start-reload/EntryTypeRegistryImpl/" done in 18.50 μs
[13:39:26] [REI-ReloadPlugins/TRACE] [REI] [REICommonPlugin END] Reloading Section: "start-reload/EntrySettingsAdapterRegistryImpl/"
[13:39:26] [REI-ReloadPlugins/TRACE] [REI] [REICommonPlugin END] Reloading Section: "start-reload/EntrySettingsAdapterRegistryImpl/" done in 15.00 μs
[13:39:26] [REI-ReloadPlugins/TRACE] [REI] [REICommonPlugin END] Reloading Section: "start-reload/ItemComparatorRegistryImpl/"
[13:39:26] [REI-ReloadPlugins/TRACE] [REI] [REICommonPlugin END] Reloading Section: "start-reload/ItemComparatorRegistryImpl/" done in 11.70 μs
[13:39:26] [REI-ReloadPlugins/TRACE] [REI] [REICommonPlugin END] Reloading Section: "start-reload/FluidComparatorRegistryImpl/"
[13:39:26] [REI-ReloadPlugins/TRACE] [REI] [REICommonPlugin END] Reloading Section: "start-reload/FluidComparatorRegistryImpl/" done in 10.60 μs
[13:39:26] [REI-ReloadPlugins/TRACE] [REI] [REICommonPlugin END] Reloading Section: "start-reload/DisplaySerializerRegistryImpl/"
[13:39:26] [REI-ReloadPlugins/TRACE] [REI] [REICommonPlugin END] Reloading Section: "start-reload/DisplaySerializerRegistryImpl/" done in 10.40 μs
[13:39:26] [REI-ReloadPlugins/TRACE] [REI] [REICommonPlugin END] Reloading Section: "start-reload/ServerDisplayRegistryImpl/"
[13:39:26] [REI-ReloadPlugins/TRACE] [REI] [REICommonPlugin END] Reloading Section: "start-reload/ServerDisplayRegistryImpl/" done in 59.30 μs
[13:39:26] [REI-ReloadPlugins/TRACE] [REI] [REICommonPlugin END] Reloading Section: "start-reload/FluidSupportProviderImpl/"
[13:39:26] [REI-ReloadPlugins/TRACE] [REI] [REICommonPlugin END] Reloading Section: "start-reload/FluidSupportProviderImpl/" done in 12.00 μs
[13:39:26] [REI-ReloadPlugins/TRACE] [REI] [REICommonPlugin END] Reloading Section: "start-reload/me.shedaniel.rei.plugin.client.runtime.PluginStageExecutionWatcher$1/"
[13:39:26] [REI-ReloadPlugins/TRACE] [REI] [REICommonPlugin END] Reloading Section: "start-reload/me.shedaniel.rei.plugin.client.runtime.PluginStageExecutionWatcher$1/" done in 12.00 μs
[13:39:26] [REI-ReloadPlugins/TRACE] [REI] [REICommonPlugin END] Reloading Section: "start-reload/" done in 631.5 μs
[13:39:26] [REI-ReloadPlugins/DEBUG] [REI] ========================================
[13:39:26] [REI-ReloadPlugins/DEBUG] [REI] REICommonPlugin started main-reload for END.
[13:39:26] [REI-ReloadPlugins/DEBUG] [REI] ========================================
[13:39:26] [REI-ReloadPlugins/TRACE] [REI] [REICommonPlugin END] Reloading Section: "reloadable-plugin/SlotAccessorRegistryImpl/"
[13:39:26] [REI-ReloadPlugins/TRACE] [REI] [REICommonPlugin END] Reloading Section: "reloadable-plugin/SlotAccessorRegistryImpl/DefaultPluginImpl of DefaultPluginImpl [roughlyenoughitems]/"
[13:39:26] [REI-ReloadPlugins/TRACE] [REI] [REICommonPlugin END] Reloading Section: "reloadable-plugin/SlotAccessorRegistryImpl/DefaultPluginImpl of DefaultPluginImpl [roughlyenoughitems]/" done in 55.10 μs
[13:39:26] [REI-ReloadPlugins/TRACE] [REI] [REICommonPlugin END] Reloading Section: "reloadable-plugin/SlotAccessorRegistryImpl/DefaultRuntimePlugin of DefaultRuntimePlugin [roughlyenoughitems]/"
[13:39:26] [REI-ReloadPlugins/DEBUG] [REI] Added slot accessor serializer: me.shedaniel.rei.plugin.common.runtime.DefaultRuntimePlugin$1@48dc3b48 [roughlyenoughitems:vanilla]
[13:39:26] [REI-ReloadPlugins/DEBUG] [REI] Added slot accessor serializer: me.shedaniel.rei.plugin.common.runtime.DefaultRuntimePlugin$2@543b91a8 [roughlyenoughitems:player]
[13:39:26] [REI-ReloadPlugins/TRACE] [REI] [REICommonPlugin END] Reloading Section: "reloadable-plugin/SlotAccessorRegistryImpl/DefaultRuntimePlugin of DefaultRuntimePlugin [roughlyenoughitems]/" done in 1.751 ms
[13:39:26] [REI-ReloadPlugins/TRACE] [REI] [REICommonPlugin END] Reloading Section: "reloadable-plugin/SlotAccessorRegistryImpl/" done in 1.942 ms
[13:39:26] [REI-ReloadPlugins/TRACE] [REI] [REICommonPlugin END] Reloading Section: "reloadable-plugin/EntryTypeRegistryImpl/"
[13:39:26] [REI-ReloadPlugins/TRACE] [REI] [REICommonPlugin END] Reloading Section: "reloadable-plugin/EntryTypeRegistryImpl/DefaultPluginImpl of DefaultPluginImpl [roughlyenoughitems]/"
[13:39:26] [REI-ReloadPlugins/TRACE] [REI] [REICommonPlugin END] Reloading Section: "reloadable-plugin/EntryTypeRegistryImpl/DefaultPluginImpl of DefaultPluginImpl [roughlyenoughitems]/" done in 20.50 μs
[13:39:26] [REI-ReloadPlugins/TRACE] [REI] [REICommonPlugin END] Reloading Section: "reloadable-plugin/EntryTypeRegistryImpl/DefaultRuntimePlugin of DefaultRuntimePlugin [roughlyenoughitems]/"
[13:39:26] [REI-ReloadPlugins/TRACE] [REI] [REICommonPlugin END] Reloading Section: "reloadable-plugin/EntryTypeRegistryImpl/DefaultRuntimePlugin of DefaultRuntimePlugin [roughlyenoughitems]/" done in 14.00 μs
[13:39:26] [REI-ReloadPlugins/TRACE] [REI] [REICommonPlugin END] Reloading Section: "reloadable-plugin/EntryTypeRegistryImpl/" done in 112.5 μs
[13:39:26] [REI-ReloadPlugins/TRACE] [REI] [REICommonPlugin END] Reloading Section: "reloadable-plugin/EntrySettingsAdapterRegistryImpl/"
[13:39:26] [REI-ReloadPlugins/TRACE] [REI] [REICommonPlugin END] Reloading Section: "reloadable-plugin/EntrySettingsAdapterRegistryImpl/DefaultPluginImpl of DefaultPluginImpl [roughlyenoughitems]/"
[13:39:26] [REI-ReloadPlugins/TRACE] [REI] [REICommonPlugin END] Reloading Section: "reloadable-plugin/EntrySettingsAdapterRegistryImpl/DefaultPluginImpl of DefaultPluginImpl [roughlyenoughitems]/" done in 24.60 μs
[13:39:26] [REI-ReloadPlugins/TRACE] [REI] [REICommonPlugin END] Reloading Section: "reloadable-plugin/EntrySettingsAdapterRegistryImpl/DefaultRuntimePlugin of DefaultRuntimePlugin [roughlyenoughitems]/"
[13:39:26] [REI-ReloadPlugins/TRACE] [REI] [REICommonPlugin END] Reloading Section: "reloadable-plugin/EntrySettingsAdapterRegistryImpl/DefaultRuntimePlugin of DefaultRuntimePlugin [roughlyenoughitems]/" done in 18.10 μs
[13:39:26] [REI-ReloadPlugins/TRACE] [REI] [REICommonPlugin END] Reloading Section: "reloadable-plugin/EntrySettingsAdapterRegistryImpl/" done in 128.8 μs
[13:39:26] [REI-ReloadPlugins/TRACE] [REI] [REICommonPlugin END] Reloading Section: "reloadable-plugin/ItemComparatorRegistryImpl/"
[13:39:26] [REI-ReloadPlugins/TRACE] [REI] [REICommonPlugin END] Reloading Section: "reloadable-plugin/ItemComparatorRegistryImpl/DefaultPluginImpl of DefaultPluginImpl [roughlyenoughitems]/"
[13:39:26] [REI-ReloadPlugins/TRACE] [REI] [REICommonPlugin END] Reloading Section: "reloadable-plugin/ItemComparatorRegistryImpl/DefaultPluginImpl of DefaultPluginImpl [roughlyenoughitems]/" done in 20.30 μs
[13:39:26] [REI-ReloadPlugins/TRACE] [REI] [REICommonPlugin END] Reloading Section: "reloadable-plugin/ItemComparatorRegistryImpl/DefaultRuntimePlugin of DefaultRuntimePlugin [roughlyenoughitems]/"
[13:39:26] [REI-ReloadPlugins/TRACE] [REI] [REICommonPlugin END] Reloading Section: "reloadable-plugin/ItemComparatorRegistryImpl/DefaultRuntimePlugin of DefaultRuntimePlugin [roughlyenoughitems]/" done in 15.30 μs
[13:39:26] [REI-ReloadPlugins/TRACE] [REI] [REICommonPlugin END] Reloading Section: "reloadable-plugin/ItemComparatorRegistryImpl/" done in 135.6 μs
[13:39:26] [REI-ReloadPlugins/TRACE] [REI] [REICommonPlugin END] Reloading Section: "reloadable-plugin/FluidComparatorRegistryImpl/"
[13:39:26] [REI-ReloadPlugins/TRACE] [REI] [REICommonPlugin END] Reloading Section: "reloadable-plugin/FluidComparatorRegistryImpl/DefaultPluginImpl of DefaultPluginImpl [roughlyenoughitems]/"
[13:39:26] [REI-ReloadPlugins/TRACE] [REI] [REICommonPlugin END] Reloading Section: "reloadable-plugin/FluidComparatorRegistryImpl/DefaultPluginImpl of DefaultPluginImpl [roughlyenoughitems]/" done in 15.80 μs
[13:39:26] [REI-ReloadPlugins/TRACE] [REI] [REICommonPlugin END] Reloading Section: "reloadable-plugin/FluidComparatorRegistryImpl/DefaultRuntimePlugin of DefaultRuntimePlugin [roughlyenoughitems]/"
[13:39:26] [REI-ReloadPlugins/TRACE] [REI] [REICommonPlugin END] Reloading Section: "reloadable-plugin/FluidComparatorRegistryImpl/DefaultRuntimePlugin of DefaultRuntimePlugin [roughlyenoughitems]/" done in 17.20 μs
[13:39:26] [REI-ReloadPlugins/TRACE] [REI] [REICommonPlugin END] Reloading Section: "reloadable-plugin/FluidComparatorRegistryImpl/" done in 118.3 μs
[13:39:26] [REI-ReloadPlugins/TRACE] [REI] [REICommonPlugin END] Reloading Section: "reloadable-plugin/DisplaySerializerRegistryImpl/"
[13:39:26] [REI-ReloadPlugins/TRACE] [REI] [REICommonPlugin END] Reloading Section: "reloadable-plugin/DisplaySerializerRegistryImpl/DefaultPluginImpl of DefaultPluginImpl [roughlyenoughitems]/"
[13:39:26] [REI-ReloadPlugins/TRACE] [REI] [REICommonPlugin END] Reloading Section: "reloadable-plugin/DisplaySerializerRegistryImpl/DefaultPluginImpl of DefaultPluginImpl [roughlyenoughitems]/" done in 13.70 μs
[13:39:26] [REI-ReloadPlugins/TRACE] [REI] [REICommonPlugin END] Reloading Section: "reloadable-plugin/DisplaySerializerRegistryImpl/DefaultRuntimePlugin of DefaultRuntimePlugin [roughlyenoughitems]/"
[13:39:26] [REI-ReloadPlugins/TRACE] [REI] [REICommonPlugin END] Reloading Section: "reloadable-plugin/DisplaySerializerRegistryImpl/DefaultRuntimePlugin of DefaultRuntimePlugin [roughlyenoughitems]/" done in 15.80 μs
[13:39:26] [REI-ReloadPlugins/TRACE] [REI] [REICommonPlugin END] Reloading Section: "reloadable-plugin/DisplaySerializerRegistryImpl/" done in 80.10 μs
[13:39:26] [REI-ReloadPlugins/TRACE] [REI] [REICommonPlugin END] Reloading Section: "reloadable-plugin/ServerDisplayRegistryImpl/"
[13:39:26] [REI-ReloadPlugins/TRACE] [REI] [REICommonPlugin END] Reloading Section: "reloadable-plugin/ServerDisplayRegistryImpl/DefaultPluginImpl of DefaultPluginImpl [roughlyenoughitems]/"
[13:39:26] [REI-ReloadPlugins/DEBUG] [REI] Added display filter: me.shedaniel.rei.api.common.registry.display.DisplayConsumer$RecipeManagerConsumer$RecipeFillerBuilder$$Lambda/0x00000209827f4248@e9269a8
[13:39:26] [REI-ReloadPlugins/DEBUG] [REI] Added display filter: me.shedaniel.rei.api.common.registry.display.DisplayConsumer$RecipeManagerConsumer$RecipeFillerBuilder$$Lambda/0x00000209827f4248@1f6c77cb
[13:39:26] [REI-ReloadPlugins/DEBUG] [REI] Added display filter: me.shedaniel.rei.api.common.registry.display.DisplayConsumer$RecipeManagerConsumer$RecipeFillerBuilder$$Lambda/0x00000209827f4248@11176f3c
[13:39:26] [REI-ReloadPlugins/DEBUG] [REI] Added display filter: me.shedaniel.rei.api.common.registry.display.DisplayConsumer$RecipeManagerConsumer$RecipeFillerBuilder$$Lambda/0x00000209827f4248@5f8ef551
[13:39:26] [REI-ReloadPlugins/DEBUG] [REI] Added display filter: me.shedaniel.rei.api.common.registry.display.DisplayConsumer$RecipeManagerConsumer$RecipeFillerBuilder$$Lambda/0x00000209827f4248@55feb4f3
[13:39:26] [REI-ReloadPlugins/DEBUG] [REI] Added display filter: me.shedaniel.rei.api.common.registry.display.DisplayConsumer$RecipeManagerConsumer$RecipeFillerBuilder$$Lambda/0x00000209827f4248@5e972b66
[13:39:26] [REI-ReloadPlugins/DEBUG] [REI] Added display filter: me.shedaniel.rei.api.common.registry.display.DisplayConsumer$RecipeManagerConsumer$RecipeFillerBuilder$$Lambda/0x00000209827f4248@53acc654
[13:39:26] [REI-ReloadPlugins/DEBUG] [REI] Added display filter: me.shedaniel.rei.api.common.registry.display.DisplayConsumer$RecipeManagerConsumer$RecipeFillerBuilder$$Lambda/0x00000209827f5a30@721a2394
[13:39:26] [REI-ReloadPlugins/DEBUG] [REI] Added display filter: me.shedaniel.rei.api.common.registry.display.DisplayConsumer$RecipeManagerConsumer$RecipeFillerBuilder$$Lambda/0x00000209827f5a30@7cd698bc
[13:39:26] [REI-ReloadPlugins/DEBUG] [REI] Added display filter: me.shedaniel.rei.api.common.registry.display.DisplayConsumer$RecipeManagerConsumer$RecipeFillerBuilder$$Lambda/0x00000209827f5a30@4b4d9427
[13:39:26] [REI-ReloadPlugins/DEBUG] [REI] Added display filter: me.shedaniel.rei.api.common.registry.display.DisplayConsumer$RecipeManagerConsumer$RecipeFillerBuilder$$Lambda/0x00000209827f5a30@22f75cd
[13:39:26] [REI-ReloadPlugins/DEBUG] [REI] Added display filter: me.shedaniel.rei.api.common.registry.display.DisplayConsumer$RecipeManagerConsumer$RecipeFillerBuilder$$Lambda/0x00000209827f5a30@218af09f
[13:39:26] [REI-ReloadPlugins/DEBUG] [REI] Added display filter: me.shedaniel.rei.api.common.registry.display.DisplayConsumer$RecipeManagerConsumer$RecipeFillerBuilder$$Lambda/0x00000209827f5a30@69d18f6a
[13:39:26] [REI-ReloadPlugins/DEBUG] [REI] Added display filter: me.shedaniel.rei.api.common.registry.display.DisplayConsumer$RecipeManagerConsumer$RecipeFillerBuilder$$Lambda/0x00000209827f5a30@4e1ad2db
[13:39:26] [REI-ReloadPlugins/DEBUG] [REI] Added display filter: me.shedaniel.rei.api.common.registry.display.DisplayConsumer$RecipeManagerConsumer$RecipeFillerBuilder$$Lambda/0x00000209827f5a30@37e257c8
[13:39:26] [REI-ReloadPlugins/DEBUG] [REI] Added display filter: me.shedaniel.rei.api.common.registry.display.DisplayConsumer$RecipeManagerConsumer$RecipeFillerBuilder$$Lambda/0x00000209827f5a30@411a47a3
[13:39:26] [REI-ReloadPlugins/TRACE] [REI] [REICommonPlugin END] Reloading Section: "reloadable-plugin/ServerDisplayRegistryImpl/DefaultPluginImpl of DefaultPluginImpl [roughlyenoughitems]/" done in 5.412 ms
[13:39:26] [REI-ReloadPlugins/TRACE] [REI] [REICommonPlugin END] Reloading Section: "reloadable-plugin/ServerDisplayRegistryImpl/DefaultRuntimePlugin of DefaultRuntimePlugin [roughlyenoughitems]/"
[13:39:26] [REI-ReloadPlugins/TRACE] [REI] [REICommonPlugin END] Reloading Section: "reloadable-plugin/ServerDisplayRegistryImpl/DefaultRuntimePlugin of DefaultRuntimePlugin [roughlyenoughitems]/" done in 34.60 μs
[13:39:26] [REI-ReloadPlugins/TRACE] [REI] [REICommonPlugin END] Reloading Section: "reloadable-plugin/ServerDisplayRegistryImpl/" done in 5.608 ms
[13:39:26] [REI-ReloadPlugins/TRACE] [REI] [REICommonPlugin END] Reloading Section: "reloadable-plugin/FluidSupportProviderImpl/"
[13:39:26] [REI-ReloadPlugins/TRACE] [REI] [REICommonPlugin END] Reloading Section: "reloadable-plugin/FluidSupportProviderImpl/DefaultPluginImpl of DefaultPluginImpl [roughlyenoughitems]/"
[13:39:26] [REI-ReloadPlugins/TRACE] [REI] [REICommonPlugin END] Reloading Section: "reloadable-plugin/FluidSupportProviderImpl/DefaultPluginImpl of DefaultPluginImpl [roughlyenoughitems]/" done in 21.50 μs
[13:39:26] [REI-ReloadPlugins/TRACE] [REI] [REICommonPlugin END] Reloading Section: "reloadable-plugin/FluidSupportProviderImpl/DefaultRuntimePlugin of DefaultRuntimePlugin [roughlyenoughitems]/"
[13:39:26] [REI-ReloadPlugins/TRACE] [REI] [REICommonPlugin END] Reloading Section: "reloadable-plugin/FluidSupportProviderImpl/DefaultRuntimePlugin of DefaultRuntimePlugin [roughlyenoughitems]/" done in 16.80 μs
[13:39:26] [REI-ReloadPlugins/TRACE] [REI] [REICommonPlugin END] Reloading Section: "reloadable-plugin/FluidSupportProviderImpl/" done in 127.1 μs
[13:39:26] [REI-ReloadPlugins/TRACE] [REI] [REICommonPlugin END] Reloading Section: "reloadable-plugin/me.shedaniel.rei.plugin.client.runtime.PluginStageExecutionWatcher$1/"
[13:39:26] [REI-ReloadPlugins/TRACE] [REI] [REICommonPlugin END] Reloading Section: "reloadable-plugin/me.shedaniel.rei.plugin.client.runtime.PluginStageExecutionWatcher$1/DefaultPluginImpl of DefaultPluginImpl [roughlyenoughitems]/"
[13:39:26] [REI-ReloadPlugins/TRACE] [REI] [REICommonPlugin END] Reloading Section: "reloadable-plugin/me.shedaniel.rei.plugin.client.runtime.PluginStageExecutionWatcher$1/DefaultPluginImpl of DefaultPluginImpl [roughlyenoughitems]/" done in 17.50 μs
[13:39:26] [REI-ReloadPlugins/TRACE] [REI] [REICommonPlugin END] Reloading Section: "reloadable-plugin/me.shedaniel.rei.plugin.client.runtime.PluginStageExecutionWatcher$1/DefaultRuntimePlugin of DefaultRuntimePlugin [roughlyenoughitems]/"
[13:39:26] [REI-ReloadPlugins/TRACE] [REI] [REICommonPlugin END] Reloading Section: "reloadable-plugin/me.shedaniel.rei.plugin.client.runtime.PluginStageExecutionWatcher$1/DefaultRuntimePlugin of DefaultRuntimePlugin [roughlyenoughitems]/" done in 17.40 μs
[13:39:26] [REI-ReloadPlugins/TRACE] [REI] [REICommonPlugin END] Reloading Section: "reloadable-plugin/me.shedaniel.rei.plugin.client.runtime.PluginStageExecutionWatcher$1/" done in 108.5 μs
[13:39:26] [REI-ReloadPlugins/DEBUG] [REI] ========================================
[13:39:26] [REI-ReloadPlugins/DEBUG] [REI] REICommonPlugin ending main-reload for END.
[13:39:26] [REI-ReloadPlugins/DEBUG] [REI] ========================================
[13:39:26] [REI-ReloadPlugins/TRACE] [REI] [REICommonPlugin END] Reloading Section: "end-reload/"
[13:39:26] [REI-ReloadPlugins/TRACE] [REI] [REICommonPlugin END] Reloading Section: "end-reload/SlotAccessorRegistryImpl/"
[13:39:26] [REI-ReloadPlugins/DEBUG] [REI] Registered 2 slot accessor serializers
[13:39:26] [REI-ReloadPlugins/TRACE] [REI] [REICommonPlugin END] Reloading Section: "end-reload/SlotAccessorRegistryImpl/" done in 295.7 μs
[13:39:26] [REI-ReloadPlugins/TRACE] [REI] [REICommonPlugin END] Reloading Section: "end-reload/EntryTypeRegistryImpl/"
[13:39:26] [REI-ReloadPlugins/TRACE] [REI] [REICommonPlugin END] Reloading Section: "end-reload/EntryTypeRegistryImpl/" done in 18.50 μs
[13:39:26] [REI-ReloadPlugins/TRACE] [REI] [REICommonPlugin END] Reloading Section: "end-reload/EntrySettingsAdapterRegistryImpl/"
[13:39:26] [REI-ReloadPlugins/TRACE] [REI] [REICommonPlugin END] Reloading Section: "end-reload/EntrySettingsAdapterRegistryImpl/" done in 13.50 μs
[13:39:26] [REI-ReloadPlugins/TRACE] [REI] [REICommonPlugin END] Reloading Section: "end-reload/ItemComparatorRegistryImpl/"
[13:39:26] [REI-ReloadPlugins/TRACE] [REI] [REICommonPlugin END] Reloading Section: "end-reload/ItemComparatorRegistryImpl/" done in 13.30 μs
[13:39:26] [REI-ReloadPlugins/TRACE] [REI] [REICommonPlugin END] Reloading Section: "end-reload/FluidComparatorRegistryImpl/"
[13:39:26] [REI-ReloadPlugins/TRACE] [REI] [REICommonPlugin END] Reloading Section: "end-reload/FluidComparatorRegistryImpl/" done in 15.70 μs
[13:39:26] [REI-ReloadPlugins/TRACE] [REI] [REICommonPlugin END] Reloading Section: "end-reload/DisplaySerializerRegistryImpl/"
[13:39:26] [REI-ReloadPlugins/TRACE] [REI] [REICommonPlugin END] Reloading Section: "end-reload/DisplaySerializerRegistryImpl/" done in 10.90 μs
[13:39:26] [REI-ReloadPlugins/TRACE] [REI] [REICommonPlugin END] Reloading Section: "end-reload/ServerDisplayRegistryImpl/"
[13:39:26] [REI-ReloadPlugins/DEBUG] [REI] Found preliminary 0 displays
[13:39:26] [REI-ReloadPlugins/DEBUG] [REI] Filled 1789 displays from recipe manager in 44.53 ms
[13:39:26] [REI-ReloadPlugins/TRACE] [REI] [REICommonPlugin END] Reloading Section: "end-reload/ServerDisplayRegistryImpl/" done in 44.94 ms
[13:39:26] [REI-ReloadPlugins/TRACE] [REI] [REICommonPlugin END] Reloading Section: "end-reload/FluidSupportProviderImpl/"
[13:39:26] [REI-ReloadPlugins/TRACE] [REI] [REICommonPlugin END] Reloading Section: "end-reload/FluidSupportProviderImpl/" done in 18.70 μs
[13:39:26] [REI-ReloadPlugins/TRACE] [REI] [REICommonPlugin END] Reloading Section: "end-reload/me.shedaniel.rei.plugin.client.runtime.PluginStageExecutionWatcher$1/"
[13:39:26] [REI-ReloadPlugins/TRACE] [REI] [REICommonPlugin END] Reloading Section: "end-reload/me.shedaniel.rei.plugin.client.runtime.PluginStageExecutionWatcher$1/" done in 11.80 μs
[13:39:26] [REI-ReloadPlugins/TRACE] [REI] [REICommonPlugin END] Reloading Section: "end-reload/" done in 45.64 ms
[13:39:26] [REI-ReloadPlugins/DEBUG] [REI] ========================================
[13:39:26] [REI-ReloadPlugins/DEBUG] [REI] REICommonPlugin ended main-reload for END in 61.00 ms.
[13:39:26] [REI-ReloadPlugins/DEBUG] [REI] ========================================
[13:39:26] [REI-ReloadPlugins/INFO] [REI] ++++++++++++++++++++++++++++++++++++++++
[13:39:26] [REI-ReloadPlugins/INFO] [REI] REIClientPlugin starting main-reload for END.
[13:39:26] [REI-ReloadPlugins/DEBUG] [REI] Reloadables (18):
[13:39:26] [REI-ReloadPlugins/DEBUG] [REI]  - EntryRendererRegistryImpl
[13:39:26] [REI-ReloadPlugins/DEBUG] [REI]  - ViewsImpl
[13:39:26] [REI-ReloadPlugins/DEBUG] [REI]  - InputMethodRegistryImpl
[13:39:26] [REI-ReloadPlugins/DEBUG] [REI]  - SearchProviderImpl
[13:39:26] [REI-ReloadPlugins/DEBUG] [REI]  - ConfigManagerImpl
[13:39:26] [REI-ReloadPlugins/DEBUG] [REI]  - EntryRegistryImpl
[13:39:26] [REI-ReloadPlugins/DEBUG] [REI]  - CollapsibleEntryRegistryImpl
[13:39:26] [REI-ReloadPlugins/DEBUG] [REI]  - BasicFilteringRuleImpl
[13:39:26] [REI-ReloadPlugins/DEBUG] [REI]  - CategoryRegistryImpl
[13:39:26] [REI-ReloadPlugins/DEBUG] [REI]  - DisplayRegistryImpl
[13:39:26] [REI-ReloadPlugins/DEBUG] [REI]  - ScreenRegistryImpl
[13:39:26] [REI-ReloadPlugins/DEBUG] [REI]  - FavoriteEntryTypeRegistryImpl
[13:39:26] [REI-ReloadPlugins/DEBUG] [REI]  - SubsetsRegistryImpl
[13:39:26] [REI-ReloadPlugins/DEBUG] [REI]  - TransferHandlerRegistryImpl
[13:39:26] [REI-ReloadPlugins/DEBUG] [REI]  - SearchRuntime
[13:39:26] [REI-ReloadPlugins/DEBUG] [REI]  - REIRuntimeImpl
[13:39:26] [REI-ReloadPlugins/DEBUG] [REI]  - ConfigAddonRegistryImpl
[13:39:26] [REI-ReloadPlugins/DEBUG] [REI]  - me.shedaniel.rei.plugin.client.runtime.PluginStageExecutionWatcher$1
[13:39:26] [REI-ReloadPlugins/INFO] [REI] Plugins (3):
[13:39:26] [REI-ReloadPlugins/INFO] [REI]  - (-100,00) DefaultClientPluginImpl of DefaultClientPluginImpl [roughlyenoughitems]
[13:39:26] [REI-ReloadPlugins/INFO] [REI]  - (0,00) HideIngredientsFromTagsPlugin of HideIngredientsFromTagsPlugin [roughlyenoughitems]
[13:39:26] [REI-ReloadPlugins/INFO] [REI]  - (0,00) DefaultClientRuntimePlugin of DefaultClientRuntimePlugin [roughlyenoughitems]
[13:39:26] [REI-ReloadPlugins/INFO] [REI] ++++++++++++++++++++++++++++++++++++++++
[13:39:26] [REI-ReloadPlugins/TRACE] [REI] [REIClientPlugin END] Reloading Section: "start-reload/"
[13:39:26] [REI-ReloadPlugins/TRACE] [REI] [REIClientPlugin END] Reloading Section: "start-reload/EntryRendererRegistryImpl/"
[13:39:26] [REI-ReloadPlugins/TRACE] [REI] [REIClientPlugin END] Reloading Section: "start-reload/EntryRendererRegistryImpl/" done in 4.871 ms
[13:39:26] [REI-ReloadPlugins/TRACE] [REI] [REIClientPlugin END] Reloading Section: "start-reload/ViewsImpl/"
[13:39:26] [REI-ReloadPlugins/TRACE] [REI] [REIClientPlugin END] Reloading Section: "start-reload/ViewsImpl/" done in 29.30 μs
[13:39:26] [REI-ReloadPlugins/TRACE] [REI] [REIClientPlugin END] Reloading Section: "start-reload/InputMethodRegistryImpl/"
[13:39:26] [REI-ReloadPlugins/TRACE] [REI] [REIClientPlugin END] Reloading Section: "start-reload/InputMethodRegistryImpl/" done in 16.70 μs
[13:39:26] [REI-ReloadPlugins/TRACE] [REI] [REIClientPlugin END] Reloading Section: "start-reload/SearchProviderImpl/"
[13:39:26] [REI-ReloadPlugins/TRACE] [REI] [REIClientPlugin END] Reloading Section: "start-reload/SearchProviderImpl/" done in 11.30 μs
[13:39:26] [REI-ReloadPlugins/TRACE] [REI] [REIClientPlugin END] Reloading Section: "start-reload/ConfigManagerImpl/"
[13:39:26] [REI-ReloadPlugins/TRACE] [REI] [REIClientPlugin END] Reloading Section: "start-reload/ConfigManagerImpl/" done in 12.50 μs
[13:39:26] [REI-ReloadPlugins/TRACE] [REI] [REIClientPlugin END] Reloading Section: "start-reload/EntryRegistryImpl/"
[13:39:26] [REI-ReloadPlugins/TRACE] [REI] [REIClientPlugin END] Reloading Section: "start-reload/EntryRegistryImpl/" done in 10.80 μs
[13:39:26] [REI-ReloadPlugins/TRACE] [REI] [REIClientPlugin END] Reloading Section: "start-reload/CollapsibleEntryRegistryImpl/"
[13:39:26] [REI-ReloadPlugins/TRACE] [REI] [REIClientPlugin END] Reloading Section: "start-reload/CollapsibleEntryRegistryImpl/" done in 15.10 μs
[13:39:26] [REI-ReloadPlugins/TRACE] [REI] [REIClientPlugin END] Reloading Section: "start-reload/BasicFilteringRuleImpl/"
[13:39:26] [REI-ReloadPlugins/TRACE] [REI] [REIClientPlugin END] Reloading Section: "start-reload/BasicFilteringRuleImpl/" done in 11.80 μs
[13:39:26] [REI-ReloadPlugins/TRACE] [REI] [REIClientPlugin END] Reloading Section: "start-reload/CategoryRegistryImpl/"
[13:39:26] [REI-ReloadPlugins/DEBUG] [REI] Added category visibility predicate: me.shedaniel.rei.impl.client.registry.category.CategoryRegistryImpl$$Lambda/0x00000209827fbbc0@9cf72c6 [0,00 priority]
[13:39:26] [REI-ReloadPlugins/TRACE] [REI] [REIClientPlugin END] Reloading Section: "start-reload/CategoryRegistryImpl/" done in 3.263 ms
[13:39:26] [REI-ReloadPlugins/TRACE] [REI] [REIClientPlugin END] Reloading Section: "start-reload/DisplayRegistryImpl/"
[13:39:26] [REI-ReloadPlugins/TRACE] [REI] [REIClientPlugin END] Reloading Section: "start-reload/DisplayRegistryImpl/" done in 85.00 μs
[13:39:26] [REI-ReloadPlugins/TRACE] [REI] [REIClientPlugin END] Reloading Section: "start-reload/ScreenRegistryImpl/"
[13:39:26] [REI-ReloadPlugins/TRACE] [REI] [REIClientPlugin END] Reloading Section: "start-reload/ScreenRegistryImpl/" done in 17.00 μs
[13:39:26] [REI-ReloadPlugins/TRACE] [REI] [REIClientPlugin END] Reloading Section: "start-reload/FavoriteEntryTypeRegistryImpl/"
[13:39:26] [REI-ReloadPlugins/TRACE] [REI] [REIClientPlugin END] Reloading Section: "start-reload/FavoriteEntryTypeRegistryImpl/" done in 12.20 μs
[13:39:26] [REI-ReloadPlugins/TRACE] [REI] [REIClientPlugin END] Reloading Section: "start-reload/SubsetsRegistryImpl/"
[13:39:26] [REI-ReloadPlugins/TRACE] [REI] [REIClientPlugin END] Reloading Section: "start-reload/SubsetsRegistryImpl/" done in 11.10 μs
[13:39:26] [REI-ReloadPlugins/TRACE] [REI] [REIClientPlugin END] Reloading Section: "start-reload/TransferHandlerRegistryImpl/"
[13:39:26] [REI-ReloadPlugins/TRACE] [REI] [REIClientPlugin END] Reloading Section: "start-reload/TransferHandlerRegistryImpl/" done in 16.70 μs
[13:39:26] [REI-ReloadPlugins/TRACE] [REI] [REIClientPlugin END] Reloading Section: "start-reload/SearchRuntime/"
[13:39:26] [REI-ReloadPlugins/DEBUG] [REI] Preparing collapsed entry groups cache with 0 entries and 1728 stacks
[13:39:26] [REI-ReloadPlugins/DEBUG] [REI] Prepared collapsed entry groups cache with 0 entries and 1728 stacks
[13:39:26] [REI-ReloadPlugins/TRACE] [REI] [REIClientPlugin END] Reloading Section: "start-reload/SearchRuntime/" done in 350.4 μs
[13:39:26] [REI-ReloadPlugins/TRACE] [REI] [REIClientPlugin END] Reloading Section: "start-reload/REIRuntimeImpl/"
[13:39:26] [REI-ReloadPlugins/TRACE] [REI] [REIClientPlugin END] Reloading Section: "start-reload/REIRuntimeImpl/" done in 157.7 μs
[13:39:26] [REI-ReloadPlugins/TRACE] [REI] [REIClientPlugin END] Reloading Section: "start-reload/ConfigAddonRegistryImpl/"
[13:39:26] [REI-ReloadPlugins/TRACE] [REI] [REIClientPlugin END] Reloading Section: "start-reload/ConfigAddonRegistryImpl/" done in 28.20 μs
[13:39:26] [REI-ReloadPlugins/TRACE] [REI] [REIClientPlugin END] Reloading Section: "start-reload/me.shedaniel.rei.plugin.client.runtime.PluginStageExecutionWatcher$1/"
[13:39:26] [REI-ReloadPlugins/TRACE] [REI] [REIClientPlugin END] Reloading Section: "start-reload/me.shedaniel.rei.plugin.client.runtime.PluginStageExecutionWatcher$1/" done in 13.70 μs
[13:39:26] [REI-ReloadPlugins/TRACE] [REI] [REIClientPlugin END] Reloading Section: "start-reload/" done in 9.723 ms
[13:39:26] [REI-ReloadPlugins/DEBUG] [REI] ========================================
[13:39:26] [REI-ReloadPlugins/DEBUG] [REI] REIClientPlugin started main-reload for END.
[13:39:26] [REI-ReloadPlugins/DEBUG] [REI] ========================================
[13:39:26] [REI-ReloadPlugins/TRACE] [REI] [REIClientPlugin END] Reloading Section: "reloadable-plugin/EntryRendererRegistryImpl/"
[13:39:26] [REI-ReloadPlugins/TRACE] [REI] [REIClientPlugin END] Reloading Section: "reloadable-plugin/EntryRendererRegistryImpl/DefaultClientPluginImpl of DefaultClientPluginImpl [roughlyenoughitems]/"
[13:39:26] [REI-ReloadPlugins/TRACE] [REI] [REIClientPlugin END] Reloading Section: "reloadable-plugin/EntryRendererRegistryImpl/DefaultClientPluginImpl of DefaultClientPluginImpl [roughlyenoughitems]/" done in 42.70 μs
[13:39:26] [REI-ReloadPlugins/TRACE] [REI] [REIClientPlugin END] Reloading Section: "reloadable-plugin/EntryRendererRegistryImpl/HideIngredientsFromTagsPlugin of HideIngredientsFromTagsPlugin [roughlyenoughitems]/"
[13:39:26] [REI-ReloadPlugins/TRACE] [REI] [REIClientPlugin END] Reloading Section: "reloadable-plugin/EntryRendererRegistryImpl/HideIngredientsFromTagsPlugin of HideIngredientsFromTagsPlugin [roughlyenoughitems]/" done in 18.60 μs
[13:39:26] [REI-ReloadPlugins/TRACE] [REI] [REIClientPlugin END] Reloading Section: "reloadable-plugin/EntryRendererRegistryImpl/DefaultClientRuntimePlugin of DefaultClientRuntimePlugin [roughlyenoughitems]/"
[13:39:26] [REI-ReloadPlugins/TRACE] [REI] [REIClientPlugin END] Reloading Section: "reloadable-plugin/EntryRendererRegistryImpl/DefaultClientRuntimePlugin of DefaultClientRuntimePlugin [roughlyenoughitems]/" done in 35.60 μs
[13:39:26] [REI-ReloadPlugins/TRACE] [REI] [REIClientPlugin END] Reloading Section: "reloadable-plugin/EntryRendererRegistryImpl/" done in 212.5 μs
[13:39:26] [REI-ReloadPlugins/TRACE] [REI] [REIClientPlugin END] Reloading Section: "reloadable-plugin/ViewsImpl/"
[13:39:26] [REI-ReloadPlugins/TRACE] [REI] [REIClientPlugin END] Reloading Section: "reloadable-plugin/ViewsImpl/DefaultClientPluginImpl of DefaultClientPluginImpl [roughlyenoughitems]/"
[13:39:26] [REI-ReloadPlugins/TRACE] [REI] [REIClientPlugin END] Reloading Section: "reloadable-plugin/ViewsImpl/DefaultClientPluginImpl of DefaultClientPluginImpl [roughlyenoughitems]/" done in 17.30 μs
[13:39:26] [REI-ReloadPlugins/TRACE] [REI] [REIClientPlugin END] Reloading Section: "reloadable-plugin/ViewsImpl/HideIngredientsFromTagsPlugin of HideIngredientsFromTagsPlugin [roughlyenoughitems]/"
[13:39:26] [REI-ReloadPlugins/TRACE] [REI] [REIClientPlugin END] Reloading Section: "reloadable-plugin/ViewsImpl/HideIngredientsFromTagsPlugin of HideIngredientsFromTagsPlugin [roughlyenoughitems]/" done in 14.10 μs
[13:39:26] [REI-ReloadPlugins/TRACE] [REI] [REIClientPlugin END] Reloading Section: "reloadable-plugin/ViewsImpl/DefaultClientRuntimePlugin of DefaultClientRuntimePlugin [roughlyenoughitems]/"
[13:39:26] [REI-ReloadPlugins/TRACE] [REI] [REIClientPlugin END] Reloading Section: "reloadable-plugin/ViewsImpl/DefaultClientRuntimePlugin of DefaultClientRuntimePlugin [roughlyenoughitems]/" done in 19.70 μs
[13:39:26] [REI-ReloadPlugins/TRACE] [REI] [REIClientPlugin END] Reloading Section: "reloadable-plugin/ViewsImpl/" done in 118.7 μs
[13:39:26] [REI-ReloadPlugins/TRACE] [REI] [REIClientPlugin END] Reloading Section: "reloadable-plugin/InputMethodRegistryImpl/"
[13:39:26] [REI-ReloadPlugins/TRACE] [REI] [REIClientPlugin END] Reloading Section: "reloadable-plugin/InputMethodRegistryImpl/DefaultClientPluginImpl of DefaultClientPluginImpl [roughlyenoughitems]/"
[13:39:26] [REI-ReloadPlugins/TRACE] [REI] [REIClientPlugin END] Reloading Section: "reloadable-plugin/InputMethodRegistryImpl/DefaultClientPluginImpl of DefaultClientPluginImpl [roughlyenoughitems]/" done in 23.50 μs
[13:39:26] [REI-ReloadPlugins/TRACE] [REI] [REIClientPlugin END] Reloading Section: "reloadable-plugin/InputMethodRegistryImpl/HideIngredientsFromTagsPlugin of HideIngredientsFromTagsPlugin [roughlyenoughitems]/"
[13:39:26] [REI-ReloadPlugins/TRACE] [REI] [REIClientPlugin END] Reloading Section: "reloadable-plugin/InputMethodRegistryImpl/HideIngredientsFromTagsPlugin of HideIngredientsFromTagsPlugin [roughlyenoughitems]/" done in 14.30 μs
[13:39:26] [REI-ReloadPlugins/TRACE] [REI] [REIClientPlugin END] Reloading Section: "reloadable-plugin/InputMethodRegistryImpl/DefaultClientRuntimePlugin of DefaultClientRuntimePlugin [roughlyenoughitems]/"
[13:39:26] [REI-ReloadPlugins/DEBUG] [REI] Added input method [rei:default]: Default
[13:39:26] [REI-ReloadPlugins/DEBUG] [REI] Added input method [rei:pinyin]: Pinyin (Mandarin)
[13:39:26] [REI-ReloadPlugins/DEBUG] [REI] Added input method [rei:jyutping]: Jyutping (Cantonese)
[13:39:26] [REI-ReloadPlugins/DEBUG] [REI] Added input method [rei:bomopofo]: Bopomofo (Mandarin)
[13:39:26] [REI-ReloadPlugins/DEBUG] [REI] Added input method [rei:double_pinyin]: Double Pinyin (Mandarin)
[13:39:26] [REI-ReloadPlugins/TRACE] [REI] [REIClientPlugin END] Reloading Section: "reloadable-plugin/InputMethodRegistryImpl/DefaultClientRuntimePlugin of DefaultClientRuntimePlugin [roughlyenoughitems]/" done in 67.14 ms
[13:39:26] [REI-ReloadPlugins/TRACE] [REI] [REIClientPlugin END] Reloading Section: "reloadable-plugin/InputMethodRegistryImpl/" done in 67.29 ms
[13:39:26] [REI-ReloadPlugins/TRACE] [REI] [REIClientPlugin END] Reloading Section: "reloadable-plugin/SearchProviderImpl/"
[13:39:26] [REI-ReloadPlugins/TRACE] [REI] [REIClientPlugin END] Reloading Section: "reloadable-plugin/SearchProviderImpl/DefaultClientPluginImpl of DefaultClientPluginImpl [roughlyenoughitems]/"
[13:39:26] [REI-ReloadPlugins/TRACE] [REI] [REIClientPlugin END] Reloading Section: "reloadable-plugin/SearchProviderImpl/DefaultClientPluginImpl of DefaultClientPluginImpl [roughlyenoughitems]/" done in 14.90 μs
[13:39:26] [REI-ReloadPlugins/TRACE] [REI] [REIClientPlugin END] Reloading Section: "reloadable-plugin/SearchProviderImpl/HideIngredientsFromTagsPlugin of HideIngredientsFromTagsPlugin [roughlyenoughitems]/"
[13:39:26] [REI-ReloadPlugins/TRACE] [REI] [REIClientPlugin END] Reloading Section: "reloadable-plugin/SearchProviderImpl/HideIngredientsFromTagsPlugin of HideIngredientsFromTagsPlugin [roughlyenoughitems]/" done in 9.400 μs
[13:39:26] [REI-ReloadPlugins/TRACE] [REI] [REIClientPlugin END] Reloading Section: "reloadable-plugin/SearchProviderImpl/DefaultClientRuntimePlugin of DefaultClientRuntimePlugin [roughlyenoughitems]/"
[13:39:26] [REI-ReloadPlugins/TRACE] [REI] [REIClientPlugin END] Reloading Section: "reloadable-plugin/SearchProviderImpl/DefaultClientRuntimePlugin of DefaultClientRuntimePlugin [roughlyenoughitems]/" done in 9.000 μs
[13:39:26] [REI-ReloadPlugins/TRACE] [REI] [REIClientPlugin END] Reloading Section: "reloadable-plugin/SearchProviderImpl/" done in 95.40 μs
[13:39:26] [REI-ReloadPlugins/TRACE] [REI] [REIClientPlugin END] Reloading Section: "reloadable-plugin/ConfigManagerImpl/"
[13:39:26] [REI-ReloadPlugins/TRACE] [REI] [REIClientPlugin END] Reloading Section: "reloadable-plugin/ConfigManagerImpl/DefaultClientPluginImpl of DefaultClientPluginImpl [roughlyenoughitems]/"
[13:39:26] [REI-ReloadPlugins/TRACE] [REI] [REIClientPlugin END] Reloading Section: "reloadable-plugin/ConfigManagerImpl/DefaultClientPluginImpl of DefaultClientPluginImpl [roughlyenoughitems]/" done in 11.90 μs
[13:39:26] [REI-ReloadPlugins/TRACE] [REI] [REIClientPlugin END] Reloading Section: "reloadable-plugin/ConfigManagerImpl/HideIngredientsFromTagsPlugin of HideIngredientsFromTagsPlugin [roughlyenoughitems]/"
[13:39:26] [REI-ReloadPlugins/TRACE] [REI] [REIClientPlugin END] Reloading Section: "reloadable-plugin/ConfigManagerImpl/HideIngredientsFromTagsPlugin of HideIngredientsFromTagsPlugin [roughlyenoughitems]/" done in 34.00 μs
[13:39:26] [REI-ReloadPlugins/TRACE] [REI] [REIClientPlugin END] Reloading Section: "reloadable-plugin/ConfigManagerImpl/DefaultClientRuntimePlugin of DefaultClientRuntimePlugin [roughlyenoughitems]/"
[13:39:26] [REI-ReloadPlugins/TRACE] [REI] [REIClientPlugin END] Reloading Section: "reloadable-plugin/ConfigManagerImpl/DefaultClientRuntimePlugin of DefaultClientRuntimePlugin [roughlyenoughitems]/" done in 19.50 μs
[13:39:26] [REI-ReloadPlugins/TRACE] [REI] [REIClientPlugin END] Reloading Section: "reloadable-plugin/ConfigManagerImpl/" done in 132.9 μs
[13:39:26] [REI-ReloadPlugins/TRACE] [REI] [REIClientPlugin END] Reloading Section: "reloadable-plugin/EntryRegistryImpl/"
[13:39:26] [REI-ReloadPlugins/TRACE] [REI] [REIClientPlugin END] Reloading Section: "reloadable-plugin/EntryRegistryImpl/DefaultClientPluginImpl of DefaultClientPluginImpl [roughlyenoughitems]/"
[13:39:26] [REI-ReloadPlugins/TRACE] [REI] [REIClientPlugin END] Reloading Section: "reloadable-plugin/EntryRegistryImpl/DefaultClientPluginImpl of DefaultClientPluginImpl [roughlyenoughitems]/" done in 15.90 μs
[13:39:26] [REI-ReloadPlugins/TRACE] [REI] [REIClientPlugin END] Reloading Section: "reloadable-plugin/EntryRegistryImpl/HideIngredientsFromTagsPlugin of HideIngredientsFromTagsPlugin [roughlyenoughitems]/"
[13:39:26] [REI-ReloadPlugins/TRACE] [REI] [REIClientPlugin END] Reloading Section: "reloadable-plugin/EntryRegistryImpl/HideIngredientsFromTagsPlugin of HideIngredientsFromTagsPlugin [roughlyenoughitems]/" done in 13.90 μs
[13:39:26] [REI-ReloadPlugins/TRACE] [REI] [REIClientPlugin END] Reloading Section: "reloadable-plugin/EntryRegistryImpl/DefaultClientRuntimePlugin of DefaultClientRuntimePlugin [roughlyenoughitems]/"
[13:39:26] [REI-ReloadPlugins/TRACE] [REI] [REIClientPlugin END] Reloading Section: "reloadable-plugin/EntryRegistryImpl/DefaultClientRuntimePlugin of DefaultClientRuntimePlugin [roughlyenoughitems]/" done in 13.10 μs
[13:39:26] [REI-ReloadPlugins/TRACE] [REI] [REIClientPlugin END] Reloading Section: "reloadable-plugin/EntryRegistryImpl/" done in 109.6 μs
[13:39:26] [REI-ReloadPlugins/TRACE] [REI] [REIClientPlugin END] Reloading Section: "reloadable-plugin/CollapsibleEntryRegistryImpl/"
[13:39:26] [REI-ReloadPlugins/TRACE] [REI] [REIClientPlugin END] Reloading Section: "reloadable-plugin/CollapsibleEntryRegistryImpl/DefaultClientPluginImpl of DefaultClientPluginImpl [roughlyenoughitems]/"
[13:39:26] [REI-ReloadPlugins/DEBUG] [REI] Added collapsible entry group [roughlyenoughitems:enchanted_book] Enchanted Book with dynamic predicate
[13:39:26] [REI-ReloadPlugins/DEBUG] [REI] Added collapsible entry group [roughlyenoughitems:potion] Potion with dynamic predicate
[13:39:26] [REI-ReloadPlugins/DEBUG] [REI] Added collapsible entry group [roughlyenoughitems:splash_potion] Splash Potion with dynamic predicate
[13:39:26] [REI-ReloadPlugins/DEBUG] [REI] Added collapsible entry group [roughlyenoughitems:lingering_potion] Lingering Potion with dynamic predicate
[13:39:26] [REI-ReloadPlugins/DEBUG] [REI] Added collapsible entry group [roughlyenoughitems:spawn_egg] Spawn Egg with dynamic predicate
[13:39:26] [REI-ReloadPlugins/DEBUG] [REI] Added collapsible entry group [roughlyenoughitems:tipped_arrow] Tipped Arrow with dynamic predicate
[13:39:26] [REI-ReloadPlugins/DEBUG] [REI] Added collapsible entry group [roughlyenoughitems:music_disc] Music Disc with dynamic predicate
[13:39:26] [REI-ReloadPlugins/TRACE] [REI] [REIClientPlugin END] Reloading Section: "reloadable-plugin/CollapsibleEntryRegistryImpl/DefaultClientPluginImpl of DefaultClientPluginImpl [roughlyenoughitems]/" done in 4.467 ms
[13:39:26] [REI-ReloadPlugins/TRACE] [REI] [REIClientPlugin END] Reloading Section: "reloadable-plugin/CollapsibleEntryRegistryImpl/HideIngredientsFromTagsPlugin of HideIngredientsFromTagsPlugin [roughlyenoughitems]/"
[13:39:26] [REI-ReloadPlugins/TRACE] [REI] [REIClientPlugin END] Reloading Section: "reloadable-plugin/CollapsibleEntryRegistryImpl/HideIngredientsFromTagsPlugin of HideIngredientsFromTagsPlugin [roughlyenoughitems]/" done in 87.30 μs
[13:39:26] [REI-ReloadPlugins/TRACE] [REI] [REIClientPlugin END] Reloading Section: "reloadable-plugin/CollapsibleEntryRegistryImpl/DefaultClientRuntimePlugin of DefaultClientRuntimePlugin [roughlyenoughitems]/"
[13:39:26] [REI-ReloadPlugins/TRACE] [REI] [REIClientPlugin END] Reloading Section: "reloadable-plugin/CollapsibleEntryRegistryImpl/DefaultClientRuntimePlugin of DefaultClientRuntimePlugin [roughlyenoughitems]/" done in 17.90 μs
[13:39:26] [REI-ReloadPlugins/TRACE] [REI] [REIClientPlugin END] Reloading Section: "reloadable-plugin/CollapsibleEntryRegistryImpl/" done in 4.806 ms
[13:39:26] [REI-ReloadPlugins/TRACE] [REI] [REIClientPlugin END] Reloading Section: "reloadable-plugin/BasicFilteringRuleImpl/"
[13:39:26] [REI-ReloadPlugins/TRACE] [REI] [REIClientPlugin END] Reloading Section: "reloadable-plugin/BasicFilteringRuleImpl/DefaultClientPluginImpl of DefaultClientPluginImpl [roughlyenoughitems]/"
[13:39:26] [REI-ReloadPlugins/TRACE] [REI] [REIClientPlugin END] Reloading Section: "reloadable-plugin/BasicFilteringRuleImpl/DefaultClientPluginImpl of DefaultClientPluginImpl [roughlyenoughitems]/" done in 21.60 μs
[13:39:26] [REI-ReloadPlugins/TRACE] [REI] [REIClientPlugin END] Reloading Section: "reloadable-plugin/BasicFilteringRuleImpl/HideIngredientsFromTagsPlugin of HideIngredientsFromTagsPlugin [roughlyenoughitems]/"
[13:39:26] [REI-ReloadPlugins/TRACE] [REI] [REIClientPlugin END] Reloading Section: "reloadable-plugin/BasicFilteringRuleImpl/HideIngredientsFromTagsPlugin of HideIngredientsFromTagsPlugin [roughlyenoughitems]/" done in 16.40 μs
[13:39:26] [REI-ReloadPlugins/TRACE] [REI] [REIClientPlugin END] Reloading Section: "reloadable-plugin/BasicFilteringRuleImpl/DefaultClientRuntimePlugin of DefaultClientRuntimePlugin [roughlyenoughitems]/"
[13:39:26] [REI-ReloadPlugins/TRACE] [REI] [REIClientPlugin END] Reloading Section: "reloadable-plugin/BasicFilteringRuleImpl/DefaultClientRuntimePlugin of DefaultClientRuntimePlugin [roughlyenoughitems]/" done in 11.50 μs
[13:39:26] [REI-ReloadPlugins/TRACE] [REI] [REIClientPlugin END] Reloading Section: "reloadable-plugin/BasicFilteringRuleImpl/" done in 121.4 μs
[13:39:26] [REI-ReloadPlugins/TRACE] [REI] [REIClientPlugin END] Reloading Section: "reloadable-plugin/CategoryRegistryImpl/"
[13:39:26] [REI-ReloadPlugins/TRACE] [REI] [REIClientPlugin END] Reloading Section: "reloadable-plugin/CategoryRegistryImpl/DefaultClientPluginImpl of DefaultClientPluginImpl [roughlyenoughitems]/"
[13:39:26] [REI-ReloadPlugins/DEBUG] [REI] Added category [minecraft:plugins/crafting]: Crafting
[13:39:26] [REI-ReloadPlugins/DEBUG] [REI] Added category [minecraft:plugins/smelting]: Smelting
[13:39:26] [REI-ReloadPlugins/DEBUG] [REI] Added category [minecraft:plugins/smoking]: Smoking
[13:39:26] [REI-ReloadPlugins/DEBUG] [REI] Added category [minecraft:plugins/blasting]: Blasting
[13:39:26] [REI-ReloadPlugins/DEBUG] [REI] Added category [minecraft:plugins/campfire]: Campfire
[13:39:26] [REI-ReloadPlugins/DEBUG] [REI] Added category [minecraft:plugins/stone_cutting]: Stone Cutting
[13:39:26] [REI-ReloadPlugins/DEBUG] [REI] Added category [minecraft:plugins/fuel]: Fuel
[13:39:26] [REI-ReloadPlugins/DEBUG] [REI] Added category [minecraft:plugins/brewing]: Brewing
[13:39:26] [REI-ReloadPlugins/DEBUG] [REI] Added category [minecraft:plugins/composting]: Composting
[13:39:26] [REI-ReloadPlugins/DEBUG] [REI] Added category [minecraft:plugins/stripping]: Stripping
[13:39:26] [REI-ReloadPlugins/DEBUG] [REI] Added category [minecraft:plugins/smithing]: Smithing
[13:39:26] [REI-ReloadPlugins/DEBUG] [REI] Added category [minecraft:plugins/anvil]: Anvil
[13:39:26] [REI-ReloadPlugins/DEBUG] [REI] Added category [minecraft:plugins/beacon_base]: Beacon Base
[13:39:26] [REI-ReloadPlugins/DEBUG] [REI] Added category [minecraft:plugins/beacon_payment]: Beacon Payment
[13:39:26] [REI-ReloadPlugins/DEBUG] [REI] Added category [minecraft:plugins/tilling]: Tilling
[13:39:26] [REI-ReloadPlugins/DEBUG] [REI] Added category [minecraft:plugins/pathing]: Pathing
[13:39:26] [REI-ReloadPlugins/DEBUG] [REI] Added category [minecraft:plugins/waxing]: Waxing
[13:39:26] [REI-ReloadPlugins/DEBUG] [REI] Added category [minecraft:plugins/wax_scraping]: Wax Scraping
[13:39:26] [REI-ReloadPlugins/DEBUG] [REI] Added category [minecraft:plugins/oxidizing]: Oxidizing
[13:39:26] [REI-ReloadPlugins/DEBUG] [REI] Added category [minecraft:plugins/oxidation_scraping]: Oxidation Scraping
[13:39:26] [REI-ReloadPlugins/DEBUG] [REI] Added category visibility predicate: me.shedaniel.rei.plugin.client.DefaultClientPlugin$$Lambda/0x0000020982808800@5b3d7e8c [0,00 priority]
[13:39:26] [REI-ReloadPlugins/TRACE] [REI] [REIClientPlugin END] Reloading Section: "reloadable-plugin/CategoryRegistryImpl/DefaultClientPluginImpl of DefaultClientPluginImpl [roughlyenoughitems]/" done in 26.03 ms
[13:39:26] [REI-ReloadPlugins/TRACE] [REI] [REIClientPlugin END] Reloading Section: "reloadable-plugin/CategoryRegistryImpl/HideIngredientsFromTagsPlugin of HideIngredientsFromTagsPlugin [roughlyenoughitems]/"
[13:39:26] [REI-ReloadPlugins/TRACE] [REI] [REIClientPlugin END] Reloading Section: "reloadable-plugin/CategoryRegistryImpl/HideIngredientsFromTagsPlugin of HideIngredientsFromTagsPlugin [roughlyenoughitems]/" done in 36.10 μs
[13:39:26] [REI-ReloadPlugins/TRACE] [REI] [REIClientPlugin END] Reloading Section: "reloadable-plugin/CategoryRegistryImpl/DefaultClientRuntimePlugin of DefaultClientRuntimePlugin [roughlyenoughitems]/"
[13:39:26] [REI-ReloadPlugins/TRACE] [REI] [REIClientPlugin END] Reloading Section: "reloadable-plugin/CategoryRegistryImpl/DefaultClientRuntimePlugin of DefaultClientRuntimePlugin [roughlyenoughitems]/" done in 15.00 μs
[13:39:26] [REI-ReloadPlugins/TRACE] [REI] [REIClientPlugin END] Reloading Section: "reloadable-plugin/CategoryRegistryImpl/" done in 26.26 ms
[13:39:26] [REI-ReloadPlugins/TRACE] [REI] [REIClientPlugin END] Reloading Section: "reloadable-plugin/DisplayRegistryImpl/"
[13:39:26] [REI-ReloadPlugins/TRACE] [REI] [REIClientPlugin END] Reloading Section: "reloadable-plugin/DisplayRegistryImpl/DefaultClientPluginImpl of DefaultClientPluginImpl [roughlyenoughitems]/"
[13:39:26] [REI-ReloadPlugins/DEBUG] [REI] Added category [roughlyenoughitems:plugins/information]: Information
[13:39:26] [REI-ReloadPlugins/DEBUG] [REI] Added category [minecraft:plugins/tag]: Tag
[13:39:26] [REI-ReloadPlugins/DEBUG] [REI] Added display filter: me.shedaniel.rei.api.common.registry.display.DisplayConsumer$RecipeDisplayConsumer$RecipeFillerBuilder$$Lambda/0x00000209828122c8@5f02bc3a
[13:39:26] [REI-ReloadPlugins/DEBUG] [REI] Added display filter: me.shedaniel.rei.api.common.registry.display.DisplayConsumer$RecipeDisplayConsumer$RecipeFillerBuilder$$Lambda/0x00000209828122c8@73090465
[13:39:26] [REI-ReloadPlugins/DEBUG] [REI] Added display filter: me.shedaniel.rei.api.common.registry.display.DisplayConsumer$RecipeDisplayConsumer$RecipeFillerBuilder$$Lambda/0x00000209828122c8@52673cf8
[13:39:26] [REI-ReloadPlugins/DEBUG] [REI] Added display filter: me.shedaniel.rei.api.common.registry.display.DisplayConsumer$RecipeDisplayConsumer$RecipeFillerBuilder$$Lambda/0x00000209828122c8@3e56f68f
[13:39:26] [REI-ReloadPlugins/DEBUG] [REI] Added display filter: me.shedaniel.rei.api.common.registry.display.DisplayConsumer$RecipeDisplayConsumer$RecipeFillerBuilder$$Lambda/0x00000209828122c8@37a73d37
[13:39:26] [REI-ReloadPlugins/DEBUG] [REI] Added display filter: me.shedaniel.rei.api.common.registry.display.DisplayConsumer$FillerBuilder$$Lambda/0x0000020982814500@2e587f1c
[13:39:26] [REI-ReloadPlugins/DEBUG] [REI] Added display filter: me.shedaniel.rei.api.common.registry.display.DisplayConsumer$FillerBuilder$$Lambda/0x0000020982814500@8521406
[13:39:26] [REI-ReloadPlugins/DEBUG] [REI] Added display filter: me.shedaniel.rei.api.common.registry.display.DisplayConsumer$FillerBuilder$$Lambda/0x0000020982814500@65cd2e12
[13:39:26] [REI-ReloadPlugins/TRACE] [REI] [REIClientPlugin END] Reloading Section: "reloadable-plugin/DisplayRegistryImpl/DefaultClientPluginImpl of DefaultClientPluginImpl [roughlyenoughitems]/" done in 211.3 ms
[13:39:26] [REI-ReloadPlugins/TRACE] [REI] [REIClientPlugin END] Reloading Section: "reloadable-plugin/DisplayRegistryImpl/HideIngredientsFromTagsPlugin of HideIngredientsFromTagsPlugin [roughlyenoughitems]/"
[13:39:26] [REI-ReloadPlugins/TRACE] [REI] [REIClientPlugin END] Reloading Section: "reloadable-plugin/DisplayRegistryImpl/HideIngredientsFromTagsPlugin of HideIngredientsFromTagsPlugin [roughlyenoughitems]/" done in 48.30 μs
[13:39:26] [REI-ReloadPlugins/TRACE] [REI] [REIClientPlugin END] Reloading Section: "reloadable-plugin/DisplayRegistryImpl/DefaultClientRuntimePlugin of DefaultClientRuntimePlugin [roughlyenoughitems]/"
[13:39:26] [REI-ReloadPlugins/DEBUG] [REI] Computed existing filtered displays with 3 rules in 161.3 ms
[13:39:26] [REI-ReloadPlugins/DEBUG] [REI] Added display visibility predicate: me.shedaniel.rei.plugin.client.runtime.FilteredStacksVisibilityHandler@4f960198 [0,00 priority]
[13:39:26] [REI-ReloadPlugins/TRACE] [REI] [REIClientPlugin END] Reloading Section: "reloadable-plugin/DisplayRegistryImpl/DefaultClientRuntimePlugin of DefaultClientRuntimePlugin [roughlyenoughitems]/" done in 161.8 ms
[13:39:26] [REI-ReloadPlugins/TRACE] [REI] [REIClientPlugin END] Reloading Section: "reloadable-plugin/DisplayRegistryImpl/" done in 373.4 ms
[13:39:26] [REI-ReloadPlugins/TRACE] [REI] [REIClientPlugin END] Reloading Section: "reloadable-plugin/ScreenRegistryImpl/"
[13:39:26] [REI-ReloadPlugins/TRACE] [REI] [REIClientPlugin END] Reloading Section: "reloadable-plugin/ScreenRegistryImpl/DefaultClientPluginImpl of DefaultClientPluginImpl [roughlyenoughitems]/"
[13:39:26] [REI-ReloadPlugins/TRACE] [REI] [REIClientPlugin END] Reloading Section: "reloadable-plugin/ScreenRegistryImpl/DefaultClientPluginImpl of DefaultClientPluginImpl [roughlyenoughitems]/" done in 25.40 μs
[13:39:26] [REI-ReloadPlugins/TRACE] [REI] [REIClientPlugin END] Reloading Section: "reloadable-plugin/ScreenRegistryImpl/HideIngredientsFromTagsPlugin of HideIngredientsFromTagsPlugin [roughlyenoughitems]/"
[13:39:26] [REI-ReloadPlugins/TRACE] [REI] [REIClientPlugin END] Reloading Section: "reloadable-plugin/ScreenRegistryImpl/HideIngredientsFromTagsPlugin of HideIngredientsFromTagsPlugin [roughlyenoughitems]/" done in 12.70 μs
[13:39:26] [REI-ReloadPlugins/TRACE] [REI] [REIClientPlugin END] Reloading Section: "reloadable-plugin/ScreenRegistryImpl/DefaultClientRuntimePlugin of DefaultClientRuntimePlugin [roughlyenoughitems]/"
[13:39:26] [REI-ReloadPlugins/TRACE] [REI] [REIClientPlugin END] Reloading Section: "reloadable-plugin/ScreenRegistryImpl/DefaultClientRuntimePlugin of DefaultClientRuntimePlugin [roughlyenoughitems]/" done in 12.90 μs
[13:39:26] [REI-ReloadPlugins/TRACE] [REI] [REIClientPlugin END] Reloading Section: "reloadable-plugin/ScreenRegistryImpl/" done in 149.9 μs
[13:39:26] [REI-ReloadPlugins/TRACE] [REI] [REIClientPlugin END] Reloading Section: "reloadable-plugin/FavoriteEntryTypeRegistryImpl/"
[13:39:26] [REI-ReloadPlugins/TRACE] [REI] [REIClientPlugin END] Reloading Section: "reloadable-plugin/FavoriteEntryTypeRegistryImpl/DefaultClientPluginImpl of DefaultClientPluginImpl [roughlyenoughitems]/"
[13:39:26] [REI-ReloadPlugins/TRACE] [REI] [REIClientPlugin END] Reloading Section: "reloadable-plugin/FavoriteEntryTypeRegistryImpl/DefaultClientPluginImpl of DefaultClientPluginImpl [roughlyenoughitems]/" done in 11.70 μs
[13:39:26] [REI-ReloadPlugins/TRACE] [REI] [REIClientPlugin END] Reloading Section: "reloadable-plugin/FavoriteEntryTypeRegistryImpl/HideIngredientsFromTagsPlugin of HideIngredientsFromTagsPlugin [roughlyenoughitems]/"
[13:39:26] [REI-ReloadPlugins/TRACE] [REI] [REIClientPlugin END] Reloading Section: "reloadable-plugin/FavoriteEntryTypeRegistryImpl/HideIngredientsFromTagsPlugin of HideIngredientsFromTagsPlugin [roughlyenoughitems]/" done in 14.20 μs
[13:39:26] [REI-ReloadPlugins/TRACE] [REI] [REIClientPlugin END] Reloading Section: "reloadable-plugin/FavoriteEntryTypeRegistryImpl/DefaultClientRuntimePlugin of DefaultClientRuntimePlugin [roughlyenoughitems]/"
[13:39:26] [REI-ReloadPlugins/TRACE] [REI] [REIClientPlugin END] Reloading Section: "reloadable-plugin/FavoriteEntryTypeRegistryImpl/DefaultClientRuntimePlugin of DefaultClientRuntimePlugin [roughlyenoughitems]/" done in 11.20 μs
[13:39:26] [REI-ReloadPlugins/TRACE] [REI] [REIClientPlugin END] Reloading Section: "reloadable-plugin/FavoriteEntryTypeRegistryImpl/" done in 100.1 μs
[13:39:26] [REI-ReloadPlugins/TRACE] [REI] [REIClientPlugin END] Reloading Section: "reloadable-plugin/SubsetsRegistryImpl/"
[13:39:26] [REI-ReloadPlugins/TRACE] [REI] [REIClientPlugin END] Reloading Section: "reloadable-plugin/SubsetsRegistryImpl/DefaultClientPluginImpl of DefaultClientPluginImpl [roughlyenoughitems]/"
[13:39:26] [REI-ReloadPlugins/TRACE] [REI] [REIClientPlugin END] Reloading Section: "reloadable-plugin/SubsetsRegistryImpl/DefaultClientPluginImpl of DefaultClientPluginImpl [roughlyenoughitems]/" done in 11.40 μs
[13:39:26] [REI-ReloadPlugins/TRACE] [REI] [REIClientPlugin END] Reloading Section: "reloadable-plugin/SubsetsRegistryImpl/HideIngredientsFromTagsPlugin of HideIngredientsFromTagsPlugin [roughlyenoughitems]/"
[13:39:26] [REI-ReloadPlugins/TRACE] [REI] [REIClientPlugin END] Reloading Section: "reloadable-plugin/SubsetsRegistryImpl/HideIngredientsFromTagsPlugin of HideIngredientsFromTagsPlugin [roughlyenoughitems]/" done in 38.20 μs
[13:39:26] [REI-ReloadPlugins/TRACE] [REI] [REIClientPlugin END] Reloading Section: "reloadable-plugin/SubsetsRegistryImpl/DefaultClientRuntimePlugin of DefaultClientRuntimePlugin [roughlyenoughitems]/"
[13:39:26] [REI-ReloadPlugins/TRACE] [REI] [REIClientPlugin END] Reloading Section: "reloadable-plugin/SubsetsRegistryImpl/DefaultClientRuntimePlugin of DefaultClientRuntimePlugin [roughlyenoughitems]/" done in 13.10 μs
[13:39:26] [REI-ReloadPlugins/TRACE] [REI] [REIClientPlugin END] Reloading Section: "reloadable-plugin/SubsetsRegistryImpl/" done in 133.2 μs
[13:39:26] [REI-ReloadPlugins/TRACE] [REI] [REIClientPlugin END] Reloading Section: "reloadable-plugin/TransferHandlerRegistryImpl/"
[13:39:26] [REI-ReloadPlugins/TRACE] [REI] [REIClientPlugin END] Reloading Section: "reloadable-plugin/TransferHandlerRegistryImpl/DefaultClientPluginImpl of DefaultClientPluginImpl [roughlyenoughitems]/"
[13:39:26] [REI-ReloadPlugins/DEBUG] [REI] Added transfer handler: me.shedaniel.rei.api.client.registry.transfer.simple.SimpleTransferHandler$1@665c2eb [0,00 priority]
[13:39:26] [REI-ReloadPlugins/DEBUG] [REI] Added transfer handler: me.shedaniel.rei.plugin.autocrafting.InventoryCraftingTransferHandler@4a73efbc [0,00 priority]
[13:39:26] [REI-ReloadPlugins/DEBUG] [REI] Added transfer handler: me.shedaniel.rei.api.client.registry.transfer.simple.SimpleTransferHandler$1@7d4f4690 [0,00 priority]
[13:39:26] [REI-ReloadPlugins/DEBUG] [REI] Added transfer handler: me.shedaniel.rei.api.client.registry.transfer.simple.SimpleTransferHandler$1@1b26de46 [0,00 priority]
[13:39:26] [REI-ReloadPlugins/DEBUG] [REI] Added transfer handler: me.shedaniel.rei.api.client.registry.transfer.simple.SimpleTransferHandler$1@3179e3e1 [0,00 priority]
[13:39:26] [REI-ReloadPlugins/DEBUG] [REI] Added transfer handler: me.shedaniel.rei.plugin.autocrafting.recipebook.DefaultRecipeBookHandler@30bff7a2 [-20,00 priority]
[13:39:26] [REI-ReloadPlugins/TRACE] [REI] [REIClientPlugin END] Reloading Section: "reloadable-plugin/TransferHandlerRegistryImpl/DefaultClientPluginImpl of DefaultClientPluginImpl [roughlyenoughitems]/" done in 4.151 ms
[13:39:26] [REI-ReloadPlugins/TRACE] [REI] [REIClientPlugin END] Reloading Section: "reloadable-plugin/TransferHandlerRegistryImpl/HideIngredientsFromTagsPlugin of HideIngredientsFromTagsPlugin [roughlyenoughitems]/"
[13:39:26] [REI-ReloadPlugins/TRACE] [REI] [REIClientPlugin END] Reloading Section: "reloadable-plugin/TransferHandlerRegistryImpl/HideIngredientsFromTagsPlugin of HideIngredientsFromTagsPlugin [roughlyenoughitems]/" done in 31.60 μs
[13:39:26] [REI-ReloadPlugins/TRACE] [REI] [REIClientPlugin END] Reloading Section: "reloadable-plugin/TransferHandlerRegistryImpl/DefaultClientRuntimePlugin of DefaultClientRuntimePlugin [roughlyenoughitems]/"
[13:39:26] [REI-ReloadPlugins/TRACE] [REI] [REIClientPlugin END] Reloading Section: "reloadable-plugin/TransferHandlerRegistryImpl/DefaultClientRuntimePlugin of DefaultClientRuntimePlugin [roughlyenoughitems]/" done in 43.80 μs
[13:39:26] [REI-ReloadPlugins/TRACE] [REI] [REIClientPlugin END] Reloading Section: "reloadable-plugin/TransferHandlerRegistryImpl/" done in 4.373 ms
[13:39:26] [REI-ReloadPlugins/TRACE] [REI] [REIClientPlugin END] Reloading Section: "reloadable-plugin/SearchRuntime/"
[13:39:26] [REI-ReloadPlugins/TRACE] [REI] [REIClientPlugin END] Reloading Section: "reloadable-plugin/SearchRuntime/DefaultClientPluginImpl of DefaultClientPluginImpl [roughlyenoughitems]/"
[13:39:26] [REI-ReloadPlugins/TRACE] [REI] [REIClientPlugin END] Reloading Section: "reloadable-plugin/SearchRuntime/DefaultClientPluginImpl of DefaultClientPluginImpl [roughlyenoughitems]/" done in 15.90 μs
[13:39:26] [REI-ReloadPlugins/TRACE] [REI] [REIClientPlugin END] Reloading Section: "reloadable-plugin/SearchRuntime/HideIngredientsFromTagsPlugin of HideIngredientsFromTagsPlugin [roughlyenoughitems]/"
[13:39:26] [REI-ReloadPlugins/TRACE] [REI] [REIClientPlugin END] Reloading Section: "reloadable-plugin/SearchRuntime/HideIngredientsFromTagsPlugin of HideIngredientsFromTagsPlugin [roughlyenoughitems]/" done in 12.80 μs
[13:39:26] [REI-ReloadPlugins/TRACE] [REI] [REIClientPlugin END] Reloading Section: "reloadable-plugin/SearchRuntime/DefaultClientRuntimePlugin of DefaultClientRuntimePlugin [roughlyenoughitems]/"
[13:39:26] [REI-ReloadPlugins/TRACE] [REI] [REIClientPlugin END] Reloading Section: "reloadable-plugin/SearchRuntime/DefaultClientRuntimePlugin of DefaultClientRuntimePlugin [roughlyenoughitems]/" done in 11.60 μs
[13:39:26] [REI-ReloadPlugins/TRACE] [REI] [REIClientPlugin END] Reloading Section: "reloadable-plugin/SearchRuntime/" done in 107.7 μs
[13:39:26] [REI-ReloadPlugins/TRACE] [REI] [REIClientPlugin END] Reloading Section: "reloadable-plugin/REIRuntimeImpl/"
[13:39:26] [REI-ReloadPlugins/TRACE] [REI] [REIClientPlugin END] Reloading Section: "reloadable-plugin/REIRuntimeImpl/DefaultClientPluginImpl of DefaultClientPluginImpl [roughlyenoughitems]/"
[13:39:26] [REI-ReloadPlugins/TRACE] [REI] [REIClientPlugin END] Reloading Section: "reloadable-plugin/REIRuntimeImpl/DefaultClientPluginImpl of DefaultClientPluginImpl [roughlyenoughitems]/" done in 12.90 μs
[13:39:26] [REI-ReloadPlugins/TRACE] [REI] [REIClientPlugin END] Reloading Section: "reloadable-plugin/REIRuntimeImpl/HideIngredientsFromTagsPlugin of HideIngredientsFromTagsPlugin [roughlyenoughitems]/"
[13:39:26] [REI-ReloadPlugins/TRACE] [REI] [REIClientPlugin END] Reloading Section: "reloadable-plugin/REIRuntimeImpl/HideIngredientsFromTagsPlugin of HideIngredientsFromTagsPlugin [roughlyenoughitems]/" done in 11.70 μs
[13:39:26] [REI-ReloadPlugins/TRACE] [REI] [REIClientPlugin END] Reloading Section: "reloadable-plugin/REIRuntimeImpl/DefaultClientRuntimePlugin of DefaultClientRuntimePlugin [roughlyenoughitems]/"
[13:39:26] [REI-ReloadPlugins/TRACE] [REI] [REIClientPlugin END] Reloading Section: "reloadable-plugin/REIRuntimeImpl/DefaultClientRuntimePlugin of DefaultClientRuntimePlugin [roughlyenoughitems]/" done in 11.70 μs
[13:39:26] [REI-ReloadPlugins/TRACE] [REI] [REIClientPlugin END] Reloading Section: "reloadable-plugin/REIRuntimeImpl/" done in 97.60 μs
[13:39:26] [REI-ReloadPlugins/TRACE] [REI] [REIClientPlugin END] Reloading Section: "reloadable-plugin/ConfigAddonRegistryImpl/"
[13:39:26] [REI-ReloadPlugins/TRACE] [REI] [REIClientPlugin END] Reloading Section: "reloadable-plugin/ConfigAddonRegistryImpl/DefaultClientPluginImpl of DefaultClientPluginImpl [roughlyenoughitems]/"
[13:39:26] [REI-ReloadPlugins/TRACE] [REI] [REIClientPlugin END] Reloading Section: "reloadable-plugin/ConfigAddonRegistryImpl/DefaultClientPluginImpl of DefaultClientPluginImpl [roughlyenoughitems]/" done in 22.10 μs
[13:39:26] [REI-ReloadPlugins/TRACE] [REI] [REIClientPlugin END] Reloading Section: "reloadable-plugin/ConfigAddonRegistryImpl/HideIngredientsFromTagsPlugin of HideIngredientsFromTagsPlugin [roughlyenoughitems]/"
[13:39:26] [REI-ReloadPlugins/TRACE] [REI] [REIClientPlugin END] Reloading Section: "reloadable-plugin/ConfigAddonRegistryImpl/HideIngredientsFromTagsPlugin of HideIngredientsFromTagsPlugin [roughlyenoughitems]/" done in 12.20 μs
[13:39:26] [REI-ReloadPlugins/TRACE] [REI] [REIClientPlugin END] Reloading Section: "reloadable-plugin/ConfigAddonRegistryImpl/DefaultClientRuntimePlugin of DefaultClientRuntimePlugin [roughlyenoughitems]/"
[13:39:26] [REI-ReloadPlugins/TRACE] [REI] [REIClientPlugin END] Reloading Section: "reloadable-plugin/ConfigAddonRegistryImpl/DefaultClientRuntimePlugin of DefaultClientRuntimePlugin [roughlyenoughitems]/" done in 12.10 μs
[13:39:26] [REI-ReloadPlugins/TRACE] [REI] [REIClientPlugin END] Reloading Section: "reloadable-plugin/ConfigAddonRegistryImpl/" done in 105.7 μs
[13:39:26] [REI-ReloadPlugins/TRACE] [REI] [REIClientPlugin END] Reloading Section: "reloadable-plugin/me.shedaniel.rei.plugin.client.runtime.PluginStageExecutionWatcher$1/"
[13:39:26] [REI-ReloadPlugins/TRACE] [REI] [REIClientPlugin END] Reloading Section: "reloadable-plugin/me.shedaniel.rei.plugin.client.runtime.PluginStageExecutionWatcher$1/DefaultClientPluginImpl of DefaultClientPluginImpl [roughlyenoughitems]/"
[13:39:26] [REI-ReloadPlugins/TRACE] [REI] [REIClientPlugin END] Reloading Section: "reloadable-plugin/me.shedaniel.rei.plugin.client.runtime.PluginStageExecutionWatcher$1/DefaultClientPluginImpl of DefaultClientPluginImpl [roughlyenoughitems]/" done in 13.00 μs
[13:39:26] [REI-ReloadPlugins/TRACE] [REI] [REIClientPlugin END] Reloading Section: "reloadable-plugin/me.shedaniel.rei.plugin.client.runtime.PluginStageExecutionWatcher$1/HideIngredientsFromTagsPlugin of HideIngredientsFromTagsPlugin [roughlyenoughitems]/"
[13:39:26] [REI-ReloadPlugins/TRACE] [REI] [REIClientPlugin END] Reloading Section: "reloadable-plugin/me.shedaniel.rei.plugin.client.runtime.PluginStageExecutionWatcher$1/HideIngredientsFromTagsPlugin of HideIngredientsFromTagsPlugin [roughlyenoughitems]/" done in 11.80 μs
[13:39:26] [REI-ReloadPlugins/TRACE] [REI] [REIClientPlugin END] Reloading Section: "reloadable-plugin/me.shedaniel.rei.plugin.client.runtime.PluginStageExecutionWatcher$1/DefaultClientRuntimePlugin of DefaultClientRuntimePlugin [roughlyenoughitems]/"
[13:39:26] [REI-ReloadPlugins/TRACE] [REI] [REIClientPlugin END] Reloading Section: "reloadable-plugin/me.shedaniel.rei.plugin.client.runtime.PluginStageExecutionWatcher$1/DefaultClientRuntimePlugin of DefaultClientRuntimePlugin [roughlyenoughitems]/" done in 11.90 μs
[13:39:26] [REI-ReloadPlugins/TRACE] [REI] [REIClientPlugin END] Reloading Section: "reloadable-plugin/me.shedaniel.rei.plugin.client.runtime.PluginStageExecutionWatcher$1/" done in 96.10 μs
[13:39:26] [REI-ReloadPlugins/DEBUG] [REI] ========================================
[13:39:26] [REI-ReloadPlugins/DEBUG] [REI] REIClientPlugin ending main-reload for END.
[13:39:26] [REI-ReloadPlugins/DEBUG] [REI] ========================================
[13:39:26] [REI-ReloadPlugins/TRACE] [REI] [REIClientPlugin END] Reloading Section: "end-reload/"
[13:39:26] [REI-ReloadPlugins/TRACE] [REI] [REIClientPlugin END] Reloading Section: "end-reload/EntryRendererRegistryImpl/"
[13:39:26] [REI-ReloadPlugins/TRACE] [REI] [REIClientPlugin END] Reloading Section: "end-reload/EntryRendererRegistryImpl/" done in 23.20 μs
[13:39:26] [REI-ReloadPlugins/TRACE] [REI] [REIClientPlugin END] Reloading Section: "end-reload/ViewsImpl/"
[13:39:26] [REI-ReloadPlugins/TRACE] [REI] [REIClientPlugin END] Reloading Section: "end-reload/ViewsImpl/" done in 14.30 μs
[13:39:26] [REI-ReloadPlugins/TRACE] [REI] [REIClientPlugin END] Reloading Section: "end-reload/InputMethodRegistryImpl/"
[13:39:26] [REI-ReloadPlugins/DEBUG] [REI] Registered 5 input methods: Default, Jyutping (Cantonese), Pinyin (Mandarin), Bopomofo (Mandarin), Double Pinyin (Mandarin)
[13:39:26] [REI-ReloadPlugins/TRACE] [REI] [REIClientPlugin END] Reloading Section: "end-reload/InputMethodRegistryImpl/" done in 2.781 ms
[13:39:26] [REI-ReloadPlugins/TRACE] [REI] [REIClientPlugin END] Reloading Section: "end-reload/SearchProviderImpl/"
[13:39:26] [REI-ReloadPlugins/TRACE] [REI] [REIClientPlugin END] Reloading Section: "end-reload/SearchProviderImpl/" done in 12.80 μs
[13:39:26] [REI-ReloadPlugins/TRACE] [REI] [REIClientPlugin END] Reloading Section: "end-reload/ConfigManagerImpl/"
[13:39:26] [REI-ReloadPlugins/TRACE] [REI] [REIClientPlugin END] Reloading Section: "end-reload/ConfigManagerImpl/" done in 7.900 μs
[13:39:26] [REI-ReloadPlugins/TRACE] [REI] [REIClientPlugin END] Reloading Section: "end-reload/EntryRegistryImpl/"
[13:39:26] [REI-ReloadPlugins/TRACE] [REI] [REIClientPlugin END] Reloading Section: "end-reload/EntryRegistryImpl/" done in 10.60 μs
[13:39:26] [REI-ReloadPlugins/TRACE] [REI] [REIClientPlugin END] Reloading Section: "end-reload/CollapsibleEntryRegistryImpl/"
[13:39:26] [REI-ReloadPlugins/DEBUG] [REI] Recollecting custom collapsible entry groups
[13:39:26] [REI-ReloadPlugins/DEBUG] [REI] Registered 0 custom collapsible entry groups: 
[13:39:26] [REI-ReloadPlugins/DEBUG] [REI] Registered 7 collapsible entry groups: Enchanted Book, Potion, Splash Potion, Lingering Potion, Spawn Egg, Tipped Arrow, Music Disc
[13:39:26] [REI-ReloadPlugins/TRACE] [REI] [REIClientPlugin END] Reloading Section: "end-reload/CollapsibleEntryRegistryImpl/" done in 458.6 μs
[13:39:26] [REI-ReloadPlugins/TRACE] [REI] [REIClientPlugin END] Reloading Section: "end-reload/BasicFilteringRuleImpl/"
[13:39:26] [REI-ReloadPlugins/TRACE] [REI] [REIClientPlugin END] Reloading Section: "end-reload/BasicFilteringRuleImpl/" done in 9.400 μs
[13:39:26] [REI-ReloadPlugins/TRACE] [REI] [REIClientPlugin END] Reloading Section: "end-reload/CategoryRegistryImpl/"
[13:39:26] [REI-ReloadPlugins/DEBUG] [REI] Registered 22 categories: Crafting, Smelting, Smoking, Blasting, Campfire, Stone Cutting, Fuel, Brewing, Composting, Stripping, Smithing, Anvil, Beacon Base, Beacon Payment, Tilling, Pathing, Waxing, Wax Scraping, Oxidizing, Oxidation Scraping, Information, Tag
[13:39:26] [REI-ReloadPlugins/TRACE] [REI] [REIClientPlugin END] Reloading Section: "end-reload/CategoryRegistryImpl/" done in 297.5 μs
[13:39:26] [REI-ReloadPlugins/TRACE] [REI] [REIClientPlugin END] Reloading Section: "end-reload/DisplayRegistryImpl/"
[13:39:26] [REI-ReloadPlugins/DEBUG] [REI] Found 3212 displays
[13:39:26] [REI-ReloadPlugins/DEBUG] [REI] Removing 0 failed displays
[13:39:26] [REI-ReloadPlugins/DEBUG] [REI] 3212 displays registration have completed
[13:39:26] [REI-ReloadPlugins/TRACE] [REI] [REIClientPlugin END] Reloading Section: "end-reload/DisplayRegistryImpl/" done in 1.620 ms
[13:39:26] [REI-ReloadPlugins/TRACE] [REI] [REIClientPlugin END] Reloading Section: "end-reload/ScreenRegistryImpl/"
[13:39:26] [REI-ReloadPlugins/TRACE] [REI] [REIClientPlugin END] Reloading Section: "end-reload/ScreenRegistryImpl/" done in 10.90 μs
[13:39:26] [REI-ReloadPlugins/TRACE] [REI] [REIClientPlugin END] Reloading Section: "end-reload/FavoriteEntryTypeRegistryImpl/"
[13:39:26] [REI-ReloadPlugins/TRACE] [REI] [REIClientPlugin END] Reloading Section: "end-reload/FavoriteEntryTypeRegistryImpl/" done in 8.100 μs
[13:39:26] [REI-ReloadPlugins/TRACE] [REI] [REIClientPlugin END] Reloading Section: "end-reload/SubsetsRegistryImpl/"
[13:39:26] [REI-ReloadPlugins/TRACE] [REI] [REIClientPlugin END] Reloading Section: "end-reload/SubsetsRegistryImpl/" done in 12.00 μs
[13:39:26] [REI-ReloadPlugins/TRACE] [REI] [REIClientPlugin END] Reloading Section: "end-reload/TransferHandlerRegistryImpl/"
[13:39:26] [REI-ReloadPlugins/DEBUG] [REI] Registered 6 transfer handlers
[13:39:26] [REI-ReloadPlugins/TRACE] [REI] [REIClientPlugin END] Reloading Section: "end-reload/TransferHandlerRegistryImpl/" done in 59.60 μs
[13:39:26] [REI-ReloadPlugins/TRACE] [REI] [REIClientPlugin END] Reloading Section: "end-reload/SearchRuntime/"
[13:39:26] [REI-ReloadPlugins/TRACE] [REI] Preparing 12096 stacks for search arguments
[13:39:26] [REI-ReloadPlugins/TRACE] [REI] Prepared 12096 / 12096 stacks for search arguments in 51ms
[13:39:26] [REI-ReloadPlugins/DEBUG] [REI] Preparing collapsed entry groups cache with 7 entries and 1728 stacks
[13:39:26] [REI-ReloadPlugins/DEBUG] [REI] Prepared collapsed entry groups cache with 7 entries and 1728 stacks
[13:39:26] [REI-ReloadPlugins/TRACE] [REI] [REIClientPlugin END] Reloading Section: "end-reload/SearchRuntime/" done in 52.05 ms
[13:39:26] [REI-ReloadPlugins/TRACE] [REI] [REIClientPlugin END] Reloading Section: "end-reload/REIRuntimeImpl/"
[13:39:26] [REI-ReloadPlugins/TRACE] [REI] [REIClientPlugin END] Reloading Section: "end-reload/REIRuntimeImpl/" done in 27.60 μs
[13:39:26] [REI-ReloadPlugins/TRACE] [REI] [REIClientPlugin END] Reloading Section: "end-reload/ConfigAddonRegistryImpl/"
[13:39:26] [REI-ReloadPlugins/DEBUG] [REI] Registered 0 config addons
[13:39:26] [REI-ReloadPlugins/TRACE] [REI] [REIClientPlugin END] Reloading Section: "end-reload/ConfigAddonRegistryImpl/" done in 103.8 μs
[13:39:26] [REI-ReloadPlugins/TRACE] [REI] [REIClientPlugin END] Reloading Section: "end-reload/me.shedaniel.rei.plugin.client.runtime.PluginStageExecutionWatcher$1/"
[13:39:26] [REI-ReloadPlugins/TRACE] [REI] [REIClientPlugin END] Reloading Section: "end-reload/me.shedaniel.rei.plugin.client.runtime.PluginStageExecutionWatcher$1/" done in 18.10 μs
[13:39:26] [REI-ReloadPlugins/TRACE] [REI] [REIClientPlugin END] Reloading Section: "end-reload/" done in 58.19 ms
[13:39:26] [REI-ReloadPlugins/DEBUG] [REI] ========================================
[13:39:26] [REI-ReloadPlugins/DEBUG] [REI] REIClientPlugin ended main-reload for END in 547.6 ms.
[13:39:26] [REI-ReloadPlugins/DEBUG] [REI] ========================================
[13:39:26] [REI-ReloadPlugins/DEBUG] [REI] ========================================
[13:39:26] [REI-ReloadPlugins/DEBUG] [REI] REICommonPlugin starting post-reload for END.
[13:39:26] [REI-ReloadPlugins/DEBUG] [REI] Reloadables (9):
[13:39:26] [REI-ReloadPlugins/DEBUG] [REI]  - SlotAccessorRegistryImpl
[13:39:26] [REI-ReloadPlugins/DEBUG] [REI]  - EntryTypeRegistryImpl
[13:39:26] [REI-ReloadPlugins/DEBUG] [REI]  - EntrySettingsAdapterRegistryImpl
[13:39:26] [REI-ReloadPlugins/DEBUG] [REI]  - ItemComparatorRegistryImpl
[13:39:26] [REI-ReloadPlugins/DEBUG] [REI]  - FluidComparatorRegistryImpl
[13:39:26] [REI-ReloadPlugins/DEBUG] [REI]  - DisplaySerializerRegistryImpl
[13:39:26] [REI-ReloadPlugins/DEBUG] [REI]  - ServerDisplayRegistryImpl
[13:39:26] [REI-ReloadPlugins/DEBUG] [REI]  - FluidSupportProviderImpl
[13:39:26] [REI-ReloadPlugins/DEBUG] [REI]  - me.shedaniel.rei.plugin.client.runtime.PluginStageExecutionWatcher$1
[13:39:26] [REI-ReloadPlugins/DEBUG] [REI] Plugins (2):
[13:39:26] [REI-ReloadPlugins/DEBUG] [REI]  - (-100,00) DefaultPluginImpl of DefaultPluginImpl [roughlyenoughitems]
[13:39:26] [REI-ReloadPlugins/DEBUG] [REI]  - (0,00) DefaultRuntimePlugin of DefaultRuntimePlugin [roughlyenoughitems]
[13:39:26] [REI-ReloadPlugins/DEBUG] [REI] ========================================
[13:39:26] [REI-ReloadPlugins/TRACE] [REI] [REICommonPlugin END] Reloading Section: "post-register/"
[13:39:26] [REI-ReloadPlugins/TRACE] [REI] [REICommonPlugin END] Reloading Section: "post-register/DefaultPluginImpl of DefaultPluginImpl [roughlyenoughitems]/"
[13:39:26] [REI-ReloadPlugins/TRACE] [REI] [REICommonPlugin END] Reloading Section: "post-register/DefaultPluginImpl of DefaultPluginImpl [roughlyenoughitems]/" done in 49.50 μs
[13:39:26] [REI-ReloadPlugins/TRACE] [REI] [REICommonPlugin END] Reloading Section: "post-register/DefaultRuntimePlugin of DefaultRuntimePlugin [roughlyenoughitems]/"
[13:39:26] [REI-ReloadPlugins/TRACE] [REI] [REICommonPlugin END] Reloading Section: "post-register/DefaultRuntimePlugin of DefaultRuntimePlugin [roughlyenoughitems]/" done in 9.500 μs
[13:39:26] [REI-ReloadPlugins/TRACE] [REI] [REICommonPlugin END] Reloading Section: "post-register/" done in 135.0 μs
[13:39:26] [REI-ReloadPlugins/TRACE] [REI] [REICommonPlugin END] Reloading Section: "post-stage/"
[13:39:26] [REI-ReloadPlugins/TRACE] [REI] [REICommonPlugin END] Reloading Section: "post-stage/SlotAccessorRegistryImpl/"
[13:39:26] [REI-ReloadPlugins/TRACE] [REI] [REICommonPlugin END] Reloading Section: "post-stage/SlotAccessorRegistryImpl/" done in 9.000 μs
[13:39:26] [REI-ReloadPlugins/TRACE] [REI] [REICommonPlugin END] Reloading Section: "post-stage/EntryTypeRegistryImpl/"
[13:39:26] [REI-ReloadPlugins/TRACE] [REI] [REICommonPlugin END] Reloading Section: "post-stage/EntryTypeRegistryImpl/" done in 7.000 μs
[13:39:26] [REI-ReloadPlugins/TRACE] [REI] [REICommonPlugin END] Reloading Section: "post-stage/EntrySettingsAdapterRegistryImpl/"
[13:39:26] [REI-ReloadPlugins/TRACE] [REI] [REICommonPlugin END] Reloading Section: "post-stage/EntrySettingsAdapterRegistryImpl/" done in 6.900 μs
[13:39:26] [REI-ReloadPlugins/TRACE] [REI] [REICommonPlugin END] Reloading Section: "post-stage/ItemComparatorRegistryImpl/"
[13:39:26] [REI-ReloadPlugins/TRACE] [REI] [REICommonPlugin END] Reloading Section: "post-stage/ItemComparatorRegistryImpl/" done in 7.700 μs
[13:39:26] [REI-ReloadPlugins/TRACE] [REI] [REICommonPlugin END] Reloading Section: "post-stage/FluidComparatorRegistryImpl/"
[13:39:26] [REI-ReloadPlugins/TRACE] [REI] [REICommonPlugin END] Reloading Section: "post-stage/FluidComparatorRegistryImpl/" done in 7.200 μs
[13:39:26] [REI-ReloadPlugins/TRACE] [REI] [REICommonPlugin END] Reloading Section: "post-stage/DisplaySerializerRegistryImpl/"
[13:39:26] [REI-ReloadPlugins/TRACE] [REI] [REICommonPlugin END] Reloading Section: "post-stage/DisplaySerializerRegistryImpl/" done in 6.600 μs
[13:39:26] [REI-ReloadPlugins/TRACE] [REI] [REICommonPlugin END] Reloading Section: "post-stage/ServerDisplayRegistryImpl/"
[13:39:26] [REI-ReloadPlugins/TRACE] [REI] [REICommonPlugin END] Reloading Section: "post-stage/ServerDisplayRegistryImpl/" done in 6.700 μs
[13:39:26] [REI-ReloadPlugins/TRACE] [REI] [REICommonPlugin END] Reloading Section: "post-stage/FluidSupportProviderImpl/"
[13:39:26] [REI-ReloadPlugins/TRACE] [REI] [REICommonPlugin END] Reloading Section: "post-stage/FluidSupportProviderImpl/" done in 6.600 μs
[13:39:26] [REI-ReloadPlugins/TRACE] [REI] [REICommonPlugin END] Reloading Section: "post-stage/me.shedaniel.rei.plugin.client.runtime.PluginStageExecutionWatcher$1/"
[13:39:26] [REI-ReloadPlugins/TRACE] [REI] [REICommonPlugin END] Reloading Section: "post-stage/me.shedaniel.rei.plugin.client.runtime.PluginStageExecutionWatcher$1/" done in 9.700 μs
[13:39:26] [REI-ReloadPlugins/TRACE] [REI] [REICommonPlugin END] Reloading Section: "post-stage/" done in 177.5 μs
[13:39:26] [REI-ReloadPlugins/DEBUG] [REI] ========================================
[13:39:26] [REI-ReloadPlugins/INFO] [REI] REICommonPlugin finished post-reload for END in 331.5 μs, totaling 62.22 ms.
[13:39:26] [REI-ReloadPlugins/DEBUG] [REI] ========================================
[13:39:26] [REI-ReloadPlugins/DEBUG] [REI] ========================================
[13:39:26] [REI-ReloadPlugins/DEBUG] [REI] REIClientPlugin starting post-reload for END.
[13:39:26] [REI-ReloadPlugins/DEBUG] [REI] Reloadables (18):
[13:39:26] [REI-ReloadPlugins/DEBUG] [REI]  - EntryRendererRegistryImpl
[13:39:26] [REI-ReloadPlugins/DEBUG] [REI]  - ViewsImpl
[13:39:26] [REI-ReloadPlugins/DEBUG] [REI]  - InputMethodRegistryImpl
[13:39:26] [REI-ReloadPlugins/DEBUG] [REI]  - SearchProviderImpl
[13:39:26] [REI-ReloadPlugins/DEBUG] [REI]  - ConfigManagerImpl
[13:39:26] [REI-ReloadPlugins/DEBUG] [REI]  - EntryRegistryImpl
[13:39:26] [REI-ReloadPlugins/DEBUG] [REI]  - CollapsibleEntryRegistryImpl
[13:39:26] [REI-ReloadPlugins/DEBUG] [REI]  - BasicFilteringRuleImpl
[13:39:26] [REI-ReloadPlugins/DEBUG] [REI]  - CategoryRegistryImpl
[13:39:26] [REI-ReloadPlugins/DEBUG] [REI]  - DisplayRegistryImpl
[13:39:26] [REI-ReloadPlugins/DEBUG] [REI]  - ScreenRegistryImpl
[13:39:26] [REI-ReloadPlugins/DEBUG] [REI]  - FavoriteEntryTypeRegistryImpl
[13:39:26] [REI-ReloadPlugins/DEBUG] [REI]  - SubsetsRegistryImpl
[13:39:26] [REI-ReloadPlugins/DEBUG] [REI]  - TransferHandlerRegistryImpl
[13:39:26] [REI-ReloadPlugins/DEBUG] [REI]  - SearchRuntime
[13:39:26] [REI-ReloadPlugins/DEBUG] [REI]  - REIRuntimeImpl
[13:39:26] [REI-ReloadPlugins/DEBUG] [REI]  - ConfigAddonRegistryImpl
[13:39:26] [REI-ReloadPlugins/DEBUG] [REI]  - me.shedaniel.rei.plugin.client.runtime.PluginStageExecutionWatcher$1
[13:39:26] [REI-ReloadPlugins/DEBUG] [REI] Plugins (3):
[13:39:26] [REI-ReloadPlugins/DEBUG] [REI]  - (-100,00) DefaultClientPluginImpl of DefaultClientPluginImpl [roughlyenoughitems]
[13:39:26] [REI-ReloadPlugins/DEBUG] [REI]  - (0,00) HideIngredientsFromTagsPlugin of HideIngredientsFromTagsPlugin [roughlyenoughitems]
[13:39:26] [REI-ReloadPlugins/DEBUG] [REI]  - (0,00) DefaultClientRuntimePlugin of DefaultClientRuntimePlugin [roughlyenoughitems]
[13:39:26] [REI-ReloadPlugins/DEBUG] [REI] ========================================
[13:39:26] [REI-ReloadPlugins/TRACE] [REI] [REIClientPlugin END] Reloading Section: "post-register/"
[13:39:26] [REI-ReloadPlugins/TRACE] [REI] [REIClientPlugin END] Reloading Section: "post-register/DefaultClientPluginImpl of DefaultClientPluginImpl [roughlyenoughitems]/"
[13:39:26] [REI-ReloadPlugins/TRACE] [REI] [REIClientPlugin END] Reloading Section: "post-register/DefaultClientPluginImpl of DefaultClientPluginImpl [roughlyenoughitems]/" done in 17.70 μs
[13:39:26] [REI-ReloadPlugins/TRACE] [REI] [REIClientPlugin END] Reloading Section: "post-register/HideIngredientsFromTagsPlugin of HideIngredientsFromTagsPlugin [roughlyenoughitems]/"
[13:39:26] [REI-ReloadPlugins/TRACE] [REI] [REIClientPlugin END] Reloading Section: "post-register/HideIngredientsFromTagsPlugin of HideIngredientsFromTagsPlugin [roughlyenoughitems]/" done in 9.200 μs
[13:39:26] [REI-ReloadPlugins/TRACE] [REI] [REIClientPlugin END] Reloading Section: "post-register/DefaultClientRuntimePlugin of DefaultClientRuntimePlugin [roughlyenoughitems]/"
[13:39:26] [REI-ReloadPlugins/TRACE] [REI] [REIClientPlugin END] Reloading Section: "post-register/DefaultClientRuntimePlugin of DefaultClientRuntimePlugin [roughlyenoughitems]/" done in 8.100 μs
[13:39:26] [REI-ReloadPlugins/TRACE] [REI] [REIClientPlugin END] Reloading Section: "post-register/" done in 104.5 μs
[13:39:26] [REI-ReloadPlugins/TRACE] [REI] [REIClientPlugin END] Reloading Section: "post-stage/"
[13:39:26] [REI-ReloadPlugins/TRACE] [REI] [REIClientPlugin END] Reloading Section: "post-stage/EntryRendererRegistryImpl/"
[13:39:26] [REI-ReloadPlugins/TRACE] [REI] [REIClientPlugin END] Reloading Section: "post-stage/EntryRendererRegistryImpl/" done in 8.900 μs
[13:39:26] [REI-ReloadPlugins/TRACE] [REI] [REIClientPlugin END] Reloading Section: "post-stage/ViewsImpl/"
[13:39:26] [REI-ReloadPlugins/TRACE] [REI] [REIClientPlugin END] Reloading Section: "post-stage/ViewsImpl/" done in 7.300 μs
[13:39:26] [REI-ReloadPlugins/TRACE] [REI] [REIClientPlugin END] Reloading Section: "post-stage/InputMethodRegistryImpl/"
[13:39:26] [REI-ReloadPlugins/TRACE] [REI] [REIClientPlugin END] Reloading Section: "post-stage/InputMethodRegistryImpl/" done in 7.200 μs
[13:39:26] [REI-ReloadPlugins/TRACE] [REI] [REIClientPlugin END] Reloading Section: "post-stage/SearchProviderImpl/"
[13:39:26] [REI-ReloadPlugins/TRACE] [REI] [REIClientPlugin END] Reloading Section: "post-stage/SearchProviderImpl/" done in 7.700 μs
[13:39:26] [REI-ReloadPlugins/TRACE] [REI] [REIClientPlugin END] Reloading Section: "post-stage/ConfigManagerImpl/"
[13:39:26] [REI-ReloadPlugins/TRACE] [REI] [REIClientPlugin END] Reloading Section: "post-stage/ConfigManagerImpl/" done in 9.900 μs
[13:39:26] [REI-ReloadPlugins/TRACE] [REI] [REIClientPlugin END] Reloading Section: "post-stage/EntryRegistryImpl/"
[13:39:26] [REI-ReloadPlugins/TRACE] [REI] [REIClientPlugin END] Reloading Section: "post-stage/EntryRegistryImpl/" done in 6.600 μs
[13:39:26] [REI-ReloadPlugins/TRACE] [REI] [REIClientPlugin END] Reloading Section: "post-stage/CollapsibleEntryRegistryImpl/"
[13:39:26] [REI-ReloadPlugins/TRACE] [REI] [REIClientPlugin END] Reloading Section: "post-stage/CollapsibleEntryRegistryImpl/" done in 6.800 μs
[13:39:26] [REI-ReloadPlugins/TRACE] [REI] [REIClientPlugin END] Reloading Section: "post-stage/BasicFilteringRuleImpl/"
[13:39:26] [REI-ReloadPlugins/TRACE] [REI] [REIClientPlugin END] Reloading Section: "post-stage/BasicFilteringRuleImpl/" done in 12.20 μs
[13:39:26] [REI-ReloadPlugins/TRACE] [REI] [REIClientPlugin END] Reloading Section: "post-stage/CategoryRegistryImpl/"
[13:39:26] [REI-ReloadPlugins/TRACE] [REI] [REIClientPlugin END] Reloading Section: "post-stage/CategoryRegistryImpl/" done in 6.700 μs
[13:39:26] [REI-ReloadPlugins/TRACE] [REI] [REIClientPlugin END] Reloading Section: "post-stage/DisplayRegistryImpl/"
[13:39:26] [REI-ReloadPlugins/DEBUG] [REI] Registered displays report (3212 displays, 0 cached / 3212 not cached):
[13:39:26] [REI-ReloadPlugins/DEBUG] [REI] - minecraft:plugins/anvil: 1997 displays
[13:39:26] [REI-ReloadPlugins/DEBUG] [REI] - minecraft:plugins/beacon_base: 1 display
[13:39:26] [REI-ReloadPlugins/DEBUG] [REI] - minecraft:plugins/beacon_payment: 1 display
[13:39:26] [REI-ReloadPlugins/DEBUG] [REI] - minecraft:plugins/brewing: 279 displays
[13:39:26] [REI-ReloadPlugins/DEBUG] [REI] - minecraft:plugins/composting: 4 displays
[13:39:26] [REI-ReloadPlugins/DEBUG] [REI] - minecraft:plugins/oxidation_scraping: 27 displays
[13:39:26] [REI-ReloadPlugins/DEBUG] [REI] - minecraft:plugins/oxidizing: 27 displays
[13:39:26] [REI-ReloadPlugins/DEBUG] [REI] - minecraft:plugins/pathing: 6 displays
[13:39:26] [REI-ReloadPlugins/DEBUG] [REI] - minecraft:plugins/stripping: 23 displays
[13:39:26] [REI-ReloadPlugins/DEBUG] [REI] - minecraft:plugins/tag: 775 displays
[13:39:26] [REI-ReloadPlugins/DEBUG] [REI] - minecraft:plugins/wax_scraping: 36 displays
[13:39:26] [REI-ReloadPlugins/DEBUG] [REI] - minecraft:plugins/waxing: 36 displays
[13:39:26] [REI-ReloadPlugins/TRACE] [REI] [REIClientPlugin END] Reloading Section: "post-stage/DisplayRegistryImpl/" done in 2.155 ms
[13:39:26] [REI-ReloadPlugins/TRACE] [REI] [REIClientPlugin END] Reloading Section: "post-stage/ScreenRegistryImpl/"
[13:39:26] [REI-ReloadPlugins/TRACE] [REI] [REIClientPlugin END] Reloading Section: "post-stage/ScreenRegistryImpl/" done in 19.30 μs
[13:39:26] [REI-ReloadPlugins/TRACE] [REI] [REIClientPlugin END] Reloading Section: "post-stage/FavoriteEntryTypeRegistryImpl/"
[13:39:26] [REI-ReloadPlugins/TRACE] [REI] [REIClientPlugin END] Reloading Section: "post-stage/FavoriteEntryTypeRegistryImpl/" done in 14.80 μs
[13:39:26] [REI-ReloadPlugins/TRACE] [REI] [REIClientPlugin END] Reloading Section: "post-stage/SubsetsRegistryImpl/"
[13:39:26] [REI-ReloadPlugins/TRACE] [REI] [REIClientPlugin END] Reloading Section: "post-stage/SubsetsRegistryImpl/" done in 10.90 μs
[13:39:26] [REI-ReloadPlugins/TRACE] [REI] [REIClientPlugin END] Reloading Section: "post-stage/TransferHandlerRegistryImpl/"
[13:39:26] [REI-ReloadPlugins/TRACE] [REI] [REIClientPlugin END] Reloading Section: "post-stage/TransferHandlerRegistryImpl/" done in 10.40 μs
[13:39:26] [REI-ReloadPlugins/TRACE] [REI] [REIClientPlugin END] Reloading Section: "post-stage/SearchRuntime/"
[13:39:26] [REI-ReloadPlugins/TRACE] [REI] [REIClientPlugin END] Reloading Section: "post-stage/SearchRuntime/" done in 10.50 μs
[13:39:26] [REI-ReloadPlugins/TRACE] [REI] [REIClientPlugin END] Reloading Section: "post-stage/REIRuntimeImpl/"
[13:39:26] [REI-ReloadPlugins/TRACE] [REI] [REIClientPlugin END] Reloading Section: "post-stage/REIRuntimeImpl/" done in 11.30 μs
[13:39:26] [REI-ReloadPlugins/TRACE] [REI] [REIClientPlugin END] Reloading Section: "post-stage/ConfigAddonRegistryImpl/"
[13:39:26] [REI-ReloadPlugins/TRACE] [REI] [REIClientPlugin END] Reloading Section: "post-stage/ConfigAddonRegistryImpl/" done in 12.80 μs
[13:39:26] [REI-ReloadPlugins/TRACE] [REI] [REIClientPlugin END] Reloading Section: "post-stage/me.shedaniel.rei.plugin.client.runtime.PluginStageExecutionWatcher$1/"
[13:39:26] [REI-ReloadPlugins/TRACE] [REI] [REIClientPlugin END] Reloading Section: "post-stage/me.shedaniel.rei.plugin.client.runtime.PluginStageExecutionWatcher$1/" done in 13.80 μs
[13:39:26] [REI-ReloadPlugins/TRACE] [REI] [REIClientPlugin END] Reloading Section: "post-stage/" done in 2.671 ms
[13:39:26] [REI-ReloadPlugins/DEBUG] [REI] ========================================
[13:39:26] [REI-ReloadPlugins/INFO] [REI] REIClientPlugin finished post-reload for END in 2.797 ms, totaling 551.9 ms.
[13:39:26] [REI-ReloadPlugins/DEBUG] [REI] ========================================
[13:39:26] [Server thread/DEBUG] [REI] Player Dev has outdated displays version 0 [latest version: 9287C3CD00000000]
[13:39:26] [Server thread/DEBUG] [REI] Player Dev has outdated displays version 0 [latest version: 9287C3CD00000000], sending reset packet request.
[13:39:27] [Server thread/DEBUG] [REI] Updating players with new displays version 9287C3CD00000001 [from 9287C3CD00000000]
[13:39:27] [Server thread/DEBUG] [REI] Player Dev has outdated displays version 9287C3CD00000000 [latest version: 9287C3CD00000001], sending reset packet request.
[13:39:27] [Server thread/DEBUG] [REI] Failed to encode display: me.shedaniel.rei.plugin.common.displays.crafting.DefaultCustomShapelessDisplay@32d71481
java.lang.IllegalArgumentException: Can't find id for 'Reference{ResourceKey[minecraft:banner_pattern / minecraft:mojang]=BannerPattern[assetId=minecraft:mojang, translationKey=block.minecraft.banner.mojang]}' in map net.minecraft.core.Registry$1@62aa985
	at TRANSFORMER/minecraft@1.21.5/net.minecraft.core.IdMap.getIdOrThrow(IdMap.java:25)
	at TRANSFORMER/minecraft@1.21.5/net.minecraft.network.codec.ByteBufCodecs$30.encode(ByteBufCodecs.java:578)
	at TRANSFORMER/minecraft@1.21.5/net.minecraft.network.codec.ByteBufCodecs$30.encode(ByteBufCodecs.java:563)
	at TRANSFORMER/minecraft@1.21.5/net.minecraft.network.codec.StreamCodec$8.encode(StreamCodec.java:147)
	at TRANSFORMER/minecraft@1.21.5/net.minecraft.network.codec.ByteBufCodecs$24.encode(ByteBufCodecs.java:408)
	at TRANSFORMER/minecraft@1.21.5/net.minecraft.network.codec.ByteBufCodecs$24.encode(ByteBufCodecs.java:392)
	at TRANSFORMER/minecraft@1.21.5/net.minecraft.network.codec.StreamCodec$4.encode(StreamCodec.java:75)
	at TRANSFORMER/minecraft@1.21.5/net.minecraft.core.component.DataComponentPatch$3.encodeComponent(DataComponentPatch.java:147)
	at TRANSFORMER/minecraft@1.21.5/net.minecraft.core.component.DataComponentPatch$3.encode(DataComponentPatch.java:131)
	at TRANSFORMER/minecraft@1.21.5/net.minecraft.core.component.DataComponentPatch$3.encode(DataComponentPatch.java:78)
	at TRANSFORMER/minecraft@1.21.5/net.minecraft.world.item.ItemStack$2.encode(ItemStack.java:204)
	at TRANSFORMER/minecraft@1.21.5/net.minecraft.world.item.ItemStack$2.encode(ItemStack.java:186)
	at TRANSFORMER/minecraft@1.21.5/net.minecraft.network.codec.StreamCodec$4.encode(StreamCodec.java:75)
	at TRANSFORMER/minecraft@1.21.5/net.minecraft.network.codec.StreamCodec$6.encode(StreamCodec.java:110)
	at TRANSFORMER/minecraft@1.21.5/net.minecraft.network.codec.ByteBufCodecs$24.encode(ByteBufCodecs.java:408)
	at TRANSFORMER/minecraft@1.21.5/net.minecraft.network.codec.ByteBufCodecs$24.encode(ByteBufCodecs.java:392)
	at TRANSFORMER/minecraft@1.21.5/net.minecraft.network.codec.StreamCodec$4.encode(StreamCodec.java:75)
	at TRANSFORMER/minecraft@1.21.5/net.minecraft.network.codec.ByteBufCodecs$24.encode(ByteBufCodecs.java:408)
	at TRANSFORMER/minecraft@1.21.5/net.minecraft.network.codec.ByteBufCodecs$24.encode(ByteBufCodecs.java:392)
	at TRANSFORMER/minecraft@1.21.5/net.minecraft.network.codec.StreamCodec$9.encode(StreamCodec.java:173)
	at TRANSFORMER/minecraft@1.21.5/net.minecraft.network.codec.StreamCodec$6.encode(StreamCodec.java:110)
	at TRANSFORMER/roughlyenoughitems@19.0.806/me.shedaniel.rei.impl.common.networking.DisplaySyncPacket$1.encode(DisplaySyncPacket.java:60)
	at TRANSFORMER/roughlyenoughitems@19.0.806/me.shedaniel.rei.impl.common.networking.DisplaySyncPacket$1.encode(DisplaySyncPacket.java:55)
	at TRANSFORMER/minecraft@1.21.5/net.minecraft.network.codec.ByteBufCodecs$24.encode(ByteBufCodecs.java:408)
	at TRANSFORMER/minecraft@1.21.5/net.minecraft.network.codec.ByteBufCodecs$24.encode(ByteBufCodecs.java:392)
	at TRANSFORMER/minecraft@1.21.5/net.minecraft.network.codec.StreamCodec$4.encode(StreamCodec.java:75)
	at TRANSFORMER/minecraft@1.21.5/net.minecraft.network.codec.StreamCodec$9.encode(StreamCodec.java:174)
	at TRANSFORMER/architectury@16.1.4/dev.architectury.impl.NetworkAggregator.collectPackets(NetworkAggregator.java:146)
	at TRANSFORMER/architectury@16.1.4/dev.architectury.networking.NetworkManager.collectPackets(NetworkManager.java:137)
	at TRANSFORMER/roughlyenoughitems@19.0.806/me.shedaniel.rei.impl.common.registry.displays.ServerDisplayRegistryImpl.getResetPackets(ServerDisplayRegistryImpl.java:146)
	at TRANSFORMER/roughlyenoughitems@19.0.806/me.shedaniel.rei.impl.common.registry.displays.ServerDisplayRegistryImpl.lambda$updatePlayers$6(ServerDisplayRegistryImpl.java:100)
	at MC-BOOTSTRAP/com.google.common@33.3.1-jre/com.google.common.base.Suppliers$NonSerializableMemoizingSupplier.get(Suppliers.java:200)
	at TRANSFORMER/roughlyenoughitems@19.0.806/me.shedaniel.rei.impl.common.registry.displays.ServerDisplayRegistryImpl.updatePlayers(ServerDisplayRegistryImpl.java:115)
	at TRANSFORMER/roughlyenoughitems@19.0.806/me.shedaniel.rei.impl.common.registry.displays.ServerDisplayRegistryImpl.lambda$new$3(ServerDisplayRegistryImpl.java:72)
	at TRANSFORMER/architectury@16.1.4/dev.architectury.event.forge.EventHandlerImplCommon.event(EventHandlerImplCommon.java:70)
	at MC-BOOTSTRAP/net.neoforged.bus/net.neoforged.bus.EventBus.post(EventBus.java:350)
	at MC-BOOTSTRAP/net.neoforged.bus/net.neoforged.bus.EventBus.post(EventBus.java:315)
	at TRANSFORMER/neoforge@21.5.62-beta/net.neoforged.neoforge.event.EventHooks.fireServerTickPost(EventHooks.java:1007)
	at TRANSFORMER/minecraft@1.21.5/net.minecraft.server.MinecraftServer.tickServer(MinecraftServer.java:977)
	at TRANSFORMER/minecraft@1.21.5/net.minecraft.client.server.IntegratedServer.tickServer(IntegratedServer.java:108)
	at TRANSFORMER/minecraft@1.21.5/net.minecraft.server.MinecraftServer.runServer(MinecraftServer.java:715)
	at TRANSFORMER/minecraft@1.21.5/net.minecraft.server.MinecraftServer.lambda$spin$2(MinecraftServer.java:276)
	at java.base/java.lang.Thread.run(Thread.java:1583)
[13:39:27] [Server thread/DEBUG] [REI] Failed to encode display: me.shedaniel.rei.plugin.common.displays.crafting.DefaultCustomShapelessDisplay@9016abd
java.lang.IllegalArgumentException: Can't find id for 'Reference{ResourceKey[minecraft:banner_pattern / minecraft:gradient]=BannerPattern[assetId=minecraft:gradient, translationKey=block.minecraft.banner.gradient]}' in map net.minecraft.core.Registry$1@258f48c5
	at TRANSFORMER/minecraft@1.21.5/net.minecraft.core.IdMap.getIdOrThrow(IdMap.java:25)
	at TRANSFORMER/minecraft@1.21.5/net.minecraft.network.codec.ByteBufCodecs$30.encode(ByteBufCodecs.java:578)
	at TRANSFORMER/minecraft@1.21.5/net.minecraft.network.codec.ByteBufCodecs$30.encode(ByteBufCodecs.java:563)
	at TRANSFORMER/minecraft@1.21.5/net.minecraft.network.codec.StreamCodec$8.encode(StreamCodec.java:147)
	at TRANSFORMER/minecraft@1.21.5/net.minecraft.network.codec.ByteBufCodecs$24.encode(ByteBufCodecs.java:408)
	at TRANSFORMER/minecraft@1.21.5/net.minecraft.network.codec.ByteBufCodecs$24.encode(ByteBufCodecs.java:392)
	at TRANSFORMER/minecraft@1.21.5/net.minecraft.network.codec.StreamCodec$4.encode(StreamCodec.java:75)
	at TRANSFORMER/minecraft@1.21.5/net.minecraft.core.component.DataComponentPatch$3.encodeComponent(DataComponentPatch.java:147)
	at TRANSFORMER/minecraft@1.21.5/net.minecraft.core.component.DataComponentPatch$3.encode(DataComponentPatch.java:131)
	at TRANSFORMER/minecraft@1.21.5/net.minecraft.core.component.DataComponentPatch$3.encode(DataComponentPatch.java:78)
	at TRANSFORMER/minecraft@1.21.5/net.minecraft.world.item.ItemStack$2.encode(ItemStack.java:204)
	at TRANSFORMER/minecraft@1.21.5/net.minecraft.world.item.ItemStack$2.encode(ItemStack.java:186)
	at TRANSFORMER/minecraft@1.21.5/net.minecraft.network.codec.StreamCodec$4.encode(StreamCodec.java:75)
	at TRANSFORMER/minecraft@1.21.5/net.minecraft.network.codec.StreamCodec$6.encode(StreamCodec.java:110)
	at TRANSFORMER/minecraft@1.21.5/net.minecraft.network.codec.ByteBufCodecs$24.encode(ByteBufCodecs.java:408)
	at TRANSFORMER/minecraft@1.21.5/net.minecraft.network.codec.ByteBufCodecs$24.encode(ByteBufCodecs.java:392)
	at TRANSFORMER/minecraft@1.21.5/net.minecraft.network.codec.StreamCodec$4.encode(StreamCodec.java:75)
	at TRANSFORMER/minecraft@1.21.5/net.minecraft.network.codec.ByteBufCodecs$24.encode(ByteBufCodecs.java:408)
	at TRANSFORMER/minecraft@1.21.5/net.minecraft.network.codec.ByteBufCodecs$24.encode(ByteBufCodecs.java:392)
	at TRANSFORMER/minecraft@1.21.5/net.minecraft.network.codec.StreamCodec$9.encode(StreamCodec.java:173)
	at TRANSFORMER/minecraft@1.21.5/net.minecraft.network.codec.StreamCodec$6.encode(StreamCodec.java:110)
	at TRANSFORMER/roughlyenoughitems@19.0.806/me.shedaniel.rei.impl.common.networking.DisplaySyncPacket$1.encode(DisplaySyncPacket.java:60)
	at TRANSFORMER/roughlyenoughitems@19.0.806/me.shedaniel.rei.impl.common.networking.DisplaySyncPacket$1.encode(DisplaySyncPacket.java:55)
	at TRANSFORMER/minecraft@1.21.5/net.minecraft.network.codec.ByteBufCodecs$24.encode(ByteBufCodecs.java:408)
	at TRANSFORMER/minecraft@1.21.5/net.minecraft.network.codec.ByteBufCodecs$24.encode(ByteBufCodecs.java:392)
	at TRANSFORMER/minecraft@1.21.5/net.minecraft.network.codec.StreamCodec$4.encode(StreamCodec.java:75)
	at TRANSFORMER/minecraft@1.21.5/net.minecraft.network.codec.StreamCodec$9.encode(StreamCodec.java:174)
	at TRANSFORMER/architectury@16.1.4/dev.architectury.impl.NetworkAggregator.collectPackets(NetworkAggregator.java:146)
	at TRANSFORMER/architectury@16.1.4/dev.architectury.networking.NetworkManager.collectPackets(NetworkManager.java:137)
	at TRANSFORMER/roughlyenoughitems@19.0.806/me.shedaniel.rei.impl.common.registry.displays.ServerDisplayRegistryImpl.getResetPackets(ServerDisplayRegistryImpl.java:146)
	at TRANSFORMER/roughlyenoughitems@19.0.806/me.shedaniel.rei.impl.common.registry.displays.ServerDisplayRegistryImpl.lambda$updatePlayers$6(ServerDisplayRegistryImpl.java:100)
	at MC-BOOTSTRAP/com.google.common@33.3.1-jre/com.google.common.base.Suppliers$NonSerializableMemoizingSupplier.get(Suppliers.java:200)
	at TRANSFORMER/roughlyenoughitems@19.0.806/me.shedaniel.rei.impl.common.registry.displays.ServerDisplayRegistryImpl.updatePlayers(ServerDisplayRegistryImpl.java:115)
	at TRANSFORMER/roughlyenoughitems@19.0.806/me.shedaniel.rei.impl.common.registry.displays.ServerDisplayRegistryImpl.lambda$new$3(ServerDisplayRegistryImpl.java:72)
	at TRANSFORMER/architectury@16.1.4/dev.architectury.event.forge.EventHandlerImplCommon.event(EventHandlerImplCommon.java:70)
	at MC-BOOTSTRAP/net.neoforged.bus/net.neoforged.bus.EventBus.post(EventBus.java:350)
	at MC-BOOTSTRAP/net.neoforged.bus/net.neoforged.bus.EventBus.post(EventBus.java:315)
	at TRANSFORMER/neoforge@21.5.62-beta/net.neoforged.neoforge.event.EventHooks.fireServerTickPost(EventHooks.java:1007)
	at TRANSFORMER/minecraft@1.21.5/net.minecraft.server.MinecraftServer.tickServer(MinecraftServer.java:977)
	at TRANSFORMER/minecraft@1.21.5/net.minecraft.client.server.IntegratedServer.tickServer(IntegratedServer.java:108)
	at TRANSFORMER/minecraft@1.21.5/net.minecraft.server.MinecraftServer.runServer(MinecraftServer.java:715)
	at TRANSFORMER/minecraft@1.21.5/net.minecraft.server.MinecraftServer.lambda$spin$2(MinecraftServer.java:276)
	at java.base/java.lang.Thread.run(Thread.java:1583)
[13:39:27] [Server thread/DEBUG] [REI] Failed to encode display: me.shedaniel.rei.plugin.common.displays.crafting.DefaultCustomShapelessDisplay@4b9f7b5d
java.lang.IllegalArgumentException: Can't find id for 'Reference{ResourceKey[minecraft:banner_pattern / minecraft:stripe_top]=BannerPattern[assetId=minecraft:stripe_top, translationKey=block.minecraft.banner.stripe_top]}' in map net.minecraft.core.Registry$1@f1706b8
	at TRANSFORMER/minecraft@1.21.5/net.minecraft.core.IdMap.getIdOrThrow(IdMap.java:25)
	at TRANSFORMER/minecraft@1.21.5/net.minecraft.network.codec.ByteBufCodecs$30.encode(ByteBufCodecs.java:578)
	at TRANSFORMER/minecraft@1.21.5/net.minecraft.network.codec.ByteBufCodecs$30.encode(ByteBufCodecs.java:563)
	at TRANSFORMER/minecraft@1.21.5/net.minecraft.network.codec.StreamCodec$8.encode(StreamCodec.java:147)
	at TRANSFORMER/minecraft@1.21.5/net.minecraft.network.codec.ByteBufCodecs$24.encode(ByteBufCodecs.java:408)
	at TRANSFORMER/minecraft@1.21.5/net.minecraft.network.codec.ByteBufCodecs$24.encode(ByteBufCodecs.java:392)
	at TRANSFORMER/minecraft@1.21.5/net.minecraft.network.codec.StreamCodec$4.encode(StreamCodec.java:75)
	at TRANSFORMER/minecraft@1.21.5/net.minecraft.core.component.DataComponentPatch$3.encodeComponent(DataComponentPatch.java:147)
	at TRANSFORMER/minecraft@1.21.5/net.minecraft.core.component.DataComponentPatch$3.encode(DataComponentPatch.java:131)
	at TRANSFORMER/minecraft@1.21.5/net.minecraft.core.component.DataComponentPatch$3.encode(DataComponentPatch.java:78)
	at TRANSFORMER/minecraft@1.21.5/net.minecraft.world.item.ItemStack$2.encode(ItemStack.java:204)
	at TRANSFORMER/minecraft@1.21.5/net.minecraft.world.item.ItemStack$2.encode(ItemStack.java:186)
	at TRANSFORMER/minecraft@1.21.5/net.minecraft.network.codec.StreamCodec$4.encode(StreamCodec.java:75)
	at TRANSFORMER/minecraft@1.21.5/net.minecraft.network.codec.StreamCodec$6.encode(StreamCodec.java:110)
	at TRANSFORMER/minecraft@1.21.5/net.minecraft.network.codec.ByteBufCodecs$24.encode(ByteBufCodecs.java:408)
	at TRANSFORMER/minecraft@1.21.5/net.minecraft.network.codec.ByteBufCodecs$24.encode(ByteBufCodecs.java:392)
	at TRANSFORMER/minecraft@1.21.5/net.minecraft.network.codec.StreamCodec$4.encode(StreamCodec.java:75)
	at TRANSFORMER/minecraft@1.21.5/net.minecraft.network.codec.ByteBufCodecs$24.encode(ByteBufCodecs.java:408)
	at TRANSFORMER/minecraft@1.21.5/net.minecraft.network.codec.ByteBufCodecs$24.encode(ByteBufCodecs.java:392)
	at TRANSFORMER/minecraft@1.21.5/net.minecraft.network.codec.StreamCodec$9.encode(StreamCodec.java:173)
	at TRANSFORMER/minecraft@1.21.5/net.minecraft.network.codec.StreamCodec$6.encode(StreamCodec.java:110)
	at TRANSFORMER/roughlyenoughitems@19.0.806/me.shedaniel.rei.impl.common.networking.DisplaySyncPacket$1.encode(DisplaySyncPacket.java:60)
	at TRANSFORMER/roughlyenoughitems@19.0.806/me.shedaniel.rei.impl.common.networking.DisplaySyncPacket$1.encode(DisplaySyncPacket.java:55)
	at TRANSFORMER/minecraft@1.21.5/net.minecraft.network.codec.ByteBufCodecs$24.encode(ByteBufCodecs.java:408)
	at TRANSFORMER/minecraft@1.21.5/net.minecraft.network.codec.ByteBufCodecs$24.encode(ByteBufCodecs.java:392)
	at TRANSFORMER/minecraft@1.21.5/net.minecraft.network.codec.StreamCodec$4.encode(StreamCodec.java:75)
	at TRANSFORMER/minecraft@1.21.5/net.minecraft.network.codec.StreamCodec$9.encode(StreamCodec.java:174)
	at TRANSFORMER/architectury@16.1.4/dev.architectury.impl.NetworkAggregator.collectPackets(NetworkAggregator.java:146)
	at TRANSFORMER/architectury@16.1.4/dev.architectury.networking.NetworkManager.collectPackets(NetworkManager.java:137)
	at TRANSFORMER/roughlyenoughitems@19.0.806/me.shedaniel.rei.impl.common.registry.displays.ServerDisplayRegistryImpl.getResetPackets(ServerDisplayRegistryImpl.java:146)
	at TRANSFORMER/roughlyenoughitems@19.0.806/me.shedaniel.rei.impl.common.registry.displays.ServerDisplayRegistryImpl.lambda$updatePlayers$6(ServerDisplayRegistryImpl.java:100)
	at MC-BOOTSTRAP/com.google.common@33.3.1-jre/com.google.common.base.Suppliers$NonSerializableMemoizingSupplier.get(Suppliers.java:200)
	at TRANSFORMER/roughlyenoughitems@19.0.806/me.shedaniel.rei.impl.common.registry.displays.ServerDisplayRegistryImpl.updatePlayers(ServerDisplayRegistryImpl.java:115)
	at TRANSFORMER/roughlyenoughitems@19.0.806/me.shedaniel.rei.impl.common.registry.displays.ServerDisplayRegistryImpl.lambda$new$3(ServerDisplayRegistryImpl.java:72)
	at TRANSFORMER/architectury@16.1.4/dev.architectury.event.forge.EventHandlerImplCommon.event(EventHandlerImplCommon.java:70)
	at MC-BOOTSTRAP/net.neoforged.bus/net.neoforged.bus.EventBus.post(EventBus.java:350)
	at MC-BOOTSTRAP/net.neoforged.bus/net.neoforged.bus.EventBus.post(EventBus.java:315)
	at TRANSFORMER/neoforge@21.5.62-beta/net.neoforged.neoforge.event.EventHooks.fireServerTickPost(EventHooks.java:1007)
	at TRANSFORMER/minecraft@1.21.5/net.minecraft.server.MinecraftServer.tickServer(MinecraftServer.java:977)
	at TRANSFORMER/minecraft@1.21.5/net.minecraft.client.server.IntegratedServer.tickServer(IntegratedServer.java:108)
	at TRANSFORMER/minecraft@1.21.5/net.minecraft.server.MinecraftServer.runServer(MinecraftServer.java:715)
	at TRANSFORMER/minecraft@1.21.5/net.minecraft.server.MinecraftServer.lambda$spin$2(MinecraftServer.java:276)
	at java.base/java.lang.Thread.run(Thread.java:1583)
[13:39:27] [Server thread/DEBUG] [REI] Failed to encode display: me.shedaniel.rei.plugin.common.displays.crafting.DefaultCustomShapelessDisplay@170a5dbb
java.lang.IllegalArgumentException: Can't find id for 'Reference{ResourceKey[minecraft:banner_pattern / minecraft:stripe_center]=BannerPattern[assetId=minecraft:stripe_center, translationKey=block.minecraft.banner.stripe_center]}' in map net.minecraft.core.Registry$1@2b469407
	at TRANSFORMER/minecraft@1.21.5/net.minecraft.core.IdMap.getIdOrThrow(IdMap.java:25)
	at TRANSFORMER/minecraft@1.21.5/net.minecraft.network.codec.ByteBufCodecs$30.encode(ByteBufCodecs.java:578)
	at TRANSFORMER/minecraft@1.21.5/net.minecraft.network.codec.ByteBufCodecs$30.encode(ByteBufCodecs.java:563)
	at TRANSFORMER/minecraft@1.21.5/net.minecraft.network.codec.StreamCodec$8.encode(StreamCodec.java:147)
	at TRANSFORMER/minecraft@1.21.5/net.minecraft.network.codec.ByteBufCodecs$24.encode(ByteBufCodecs.java:408)
	at TRANSFORMER/minecraft@1.21.5/net.minecraft.network.codec.ByteBufCodecs$24.encode(ByteBufCodecs.java:392)
	at TRANSFORMER/minecraft@1.21.5/net.minecraft.network.codec.StreamCodec$4.encode(StreamCodec.java:75)
	at TRANSFORMER/minecraft@1.21.5/net.minecraft.core.component.DataComponentPatch$3.encodeComponent(DataComponentPatch.java:147)
	at TRANSFORMER/minecraft@1.21.5/net.minecraft.core.component.DataComponentPatch$3.encode(DataComponentPatch.java:131)
	at TRANSFORMER/minecraft@1.21.5/net.minecraft.core.component.DataComponentPatch$3.encode(DataComponentPatch.java:78)
	at TRANSFORMER/minecraft@1.21.5/net.minecraft.world.item.ItemStack$2.encode(ItemStack.java:204)
	at TRANSFORMER/minecraft@1.21.5/net.minecraft.world.item.ItemStack$2.encode(ItemStack.java:186)
	at TRANSFORMER/minecraft@1.21.5/net.minecraft.network.codec.StreamCodec$4.encode(StreamCodec.java:75)
	at TRANSFORMER/minecraft@1.21.5/net.minecraft.network.codec.StreamCodec$6.encode(StreamCodec.java:110)
	at TRANSFORMER/minecraft@1.21.5/net.minecraft.network.codec.ByteBufCodecs$24.encode(ByteBufCodecs.java:408)
	at TRANSFORMER/minecraft@1.21.5/net.minecraft.network.codec.ByteBufCodecs$24.encode(ByteBufCodecs.java:392)
	at TRANSFORMER/minecraft@1.21.5/net.minecraft.network.codec.StreamCodec$4.encode(StreamCodec.java:75)
	at TRANSFORMER/minecraft@1.21.5/net.minecraft.network.codec.ByteBufCodecs$24.encode(ByteBufCodecs.java:408)
	at TRANSFORMER/minecraft@1.21.5/net.minecraft.network.codec.ByteBufCodecs$24.encode(ByteBufCodecs.java:392)
	at TRANSFORMER/minecraft@1.21.5/net.minecraft.network.codec.StreamCodec$9.encode(StreamCodec.java:173)
	at TRANSFORMER/minecraft@1.21.5/net.minecraft.network.codec.StreamCodec$6.encode(StreamCodec.java:110)
	at TRANSFORMER/roughlyenoughitems@19.0.806/me.shedaniel.rei.impl.common.networking.DisplaySyncPacket$1.encode(DisplaySyncPacket.java:60)
	at TRANSFORMER/roughlyenoughitems@19.0.806/me.shedaniel.rei.impl.common.networking.DisplaySyncPacket$1.encode(DisplaySyncPacket.java:55)
	at TRANSFORMER/minecraft@1.21.5/net.minecraft.network.codec.ByteBufCodecs$24.encode(ByteBufCodecs.java:408)
	at TRANSFORMER/minecraft@1.21.5/net.minecraft.network.codec.ByteBufCodecs$24.encode(ByteBufCodecs.java:392)
	at TRANSFORMER/minecraft@1.21.5/net.minecraft.network.codec.StreamCodec$4.encode(StreamCodec.java:75)
	at TRANSFORMER/minecraft@1.21.5/net.minecraft.network.codec.StreamCodec$9.encode(StreamCodec.java:174)
	at TRANSFORMER/architectury@16.1.4/dev.architectury.impl.NetworkAggregator.collectPackets(NetworkAggregator.java:146)
	at TRANSFORMER/architectury@16.1.4/dev.architectury.networking.NetworkManager.collectPackets(NetworkManager.java:137)
	at TRANSFORMER/roughlyenoughitems@19.0.806/me.shedaniel.rei.impl.common.registry.displays.ServerDisplayRegistryImpl.getResetPackets(ServerDisplayRegistryImpl.java:146)
	at TRANSFORMER/roughlyenoughitems@19.0.806/me.shedaniel.rei.impl.common.registry.displays.ServerDisplayRegistryImpl.lambda$updatePlayers$6(ServerDisplayRegistryImpl.java:100)
	at MC-BOOTSTRAP/com.google.common@33.3.1-jre/com.google.common.base.Suppliers$NonSerializableMemoizingSupplier.get(Suppliers.java:200)
	at TRANSFORMER/roughlyenoughitems@19.0.806/me.shedaniel.rei.impl.common.registry.displays.ServerDisplayRegistryImpl.updatePlayers(ServerDisplayRegistryImpl.java:115)
	at TRANSFORMER/roughlyenoughitems@19.0.806/me.shedaniel.rei.impl.common.registry.displays.ServerDisplayRegistryImpl.lambda$new$3(ServerDisplayRegistryImpl.java:72)
	at TRANSFORMER/architectury@16.1.4/dev.architectury.event.forge.EventHandlerImplCommon.event(EventHandlerImplCommon.java:70)
	at MC-BOOTSTRAP/net.neoforged.bus/net.neoforged.bus.EventBus.post(EventBus.java:350)
	at MC-BOOTSTRAP/net.neoforged.bus/net.neoforged.bus.EventBus.post(EventBus.java:315)
	at TRANSFORMER/neoforge@21.5.62-beta/net.neoforged.neoforge.event.EventHooks.fireServerTickPost(EventHooks.java:1007)
	at TRANSFORMER/minecraft@1.21.5/net.minecraft.server.MinecraftServer.tickServer(MinecraftServer.java:977)
	at TRANSFORMER/minecraft@1.21.5/net.minecraft.client.server.IntegratedServer.tickServer(IntegratedServer.java:108)
	at TRANSFORMER/minecraft@1.21.5/net.minecraft.server.MinecraftServer.runServer(MinecraftServer.java:715)
	at TRANSFORMER/minecraft@1.21.5/net.minecraft.server.MinecraftServer.lambda$spin$2(MinecraftServer.java:276)
	at java.base/java.lang.Thread.run(Thread.java:1583)
[13:39:27] [Server thread/DEBUG] [REI] Failed to encode display: me.shedaniel.rei.plugin.common.displays.crafting.DefaultCustomShapelessDisplay@3a0c19bf
java.lang.IllegalArgumentException: Can't find id for 'Reference{ResourceKey[minecraft:banner_pattern / minecraft:stripe_top]=BannerPattern[assetId=minecraft:stripe_top, translationKey=block.minecraft.banner.stripe_top]}' in map net.minecraft.core.Registry$1@5a68ec2
	at TRANSFORMER/minecraft@1.21.5/net.minecraft.core.IdMap.getIdOrThrow(IdMap.java:25)
	at TRANSFORMER/minecraft@1.21.5/net.minecraft.network.codec.ByteBufCodecs$30.encode(ByteBufCodecs.java:578)
	at TRANSFORMER/minecraft@1.21.5/net.minecraft.network.codec.ByteBufCodecs$30.encode(ByteBufCodecs.java:563)
	at TRANSFORMER/minecraft@1.21.5/net.minecraft.network.codec.StreamCodec$8.encode(StreamCodec.java:147)
	at TRANSFORMER/minecraft@1.21.5/net.minecraft.network.codec.ByteBufCodecs$24.encode(ByteBufCodecs.java:408)
	at TRANSFORMER/minecraft@1.21.5/net.minecraft.network.codec.ByteBufCodecs$24.encode(ByteBufCodecs.java:392)
	at TRANSFORMER/minecraft@1.21.5/net.minecraft.network.codec.StreamCodec$4.encode(StreamCodec.java:75)
	at TRANSFORMER/minecraft@1.21.5/net.minecraft.core.component.DataComponentPatch$3.encodeComponent(DataComponentPatch.java:147)
	at TRANSFORMER/minecraft@1.21.5/net.minecraft.core.component.DataComponentPatch$3.encode(DataComponentPatch.java:131)
	at TRANSFORMER/minecraft@1.21.5/net.minecraft.core.component.DataComponentPatch$3.encode(DataComponentPatch.java:78)
	at TRANSFORMER/minecraft@1.21.5/net.minecraft.world.item.ItemStack$2.encode(ItemStack.java:204)
	at TRANSFORMER/minecraft@1.21.5/net.minecraft.world.item.ItemStack$2.encode(ItemStack.java:186)
	at TRANSFORMER/minecraft@1.21.5/net.minecraft.network.codec.StreamCodec$4.encode(StreamCodec.java:75)
	at TRANSFORMER/minecraft@1.21.5/net.minecraft.network.codec.StreamCodec$6.encode(StreamCodec.java:110)
	at TRANSFORMER/minecraft@1.21.5/net.minecraft.network.codec.ByteBufCodecs$24.encode(ByteBufCodecs.java:408)
	at TRANSFORMER/minecraft@1.21.5/net.minecraft.network.codec.ByteBufCodecs$24.encode(ByteBufCodecs.java:392)
	at TRANSFORMER/minecraft@1.21.5/net.minecraft.network.codec.StreamCodec$4.encode(StreamCodec.java:75)
	at TRANSFORMER/minecraft@1.21.5/net.minecraft.network.codec.ByteBufCodecs$24.encode(ByteBufCodecs.java:408)
	at TRANSFORMER/minecraft@1.21.5/net.minecraft.network.codec.ByteBufCodecs$24.encode(ByteBufCodecs.java:392)
	at TRANSFORMER/minecraft@1.21.5/net.minecraft.network.codec.StreamCodec$9.encode(StreamCodec.java:173)
	at TRANSFORMER/minecraft@1.21.5/net.minecraft.network.codec.StreamCodec$6.encode(StreamCodec.java:110)
	at TRANSFORMER/roughlyenoughitems@19.0.806/me.shedaniel.rei.impl.common.networking.DisplaySyncPacket$1.encode(DisplaySyncPacket.java:60)
	at TRANSFORMER/roughlyenoughitems@19.0.806/me.shedaniel.rei.impl.common.networking.DisplaySyncPacket$1.encode(DisplaySyncPacket.java:55)
	at TRANSFORMER/minecraft@1.21.5/net.minecraft.network.codec.ByteBufCodecs$24.encode(ByteBufCodecs.java:408)
	at TRANSFORMER/minecraft@1.21.5/net.minecraft.network.codec.ByteBufCodecs$24.encode(ByteBufCodecs.java:392)
	at TRANSFORMER/minecraft@1.21.5/net.minecraft.network.codec.StreamCodec$4.encode(StreamCodec.java:75)
	at TRANSFORMER/minecraft@1.21.5/net.minecraft.network.codec.StreamCodec$9.encode(StreamCodec.java:174)
	at TRANSFORMER/architectury@16.1.4/dev.architectury.impl.NetworkAggregator.collectPackets(NetworkAggregator.java:146)
	at TRANSFORMER/architectury@16.1.4/dev.architectury.networking.NetworkManager.collectPackets(NetworkManager.java:137)
	at TRANSFORMER/roughlyenoughitems@19.0.806/me.shedaniel.rei.impl.common.registry.displays.ServerDisplayRegistryImpl.getResetPackets(ServerDisplayRegistryImpl.java:146)
	at TRANSFORMER/roughlyenoughitems@19.0.806/me.shedaniel.rei.impl.common.registry.displays.ServerDisplayRegistryImpl.lambda$updatePlayers$6(ServerDisplayRegistryImpl.java:100)
	at MC-BOOTSTRAP/com.google.common@33.3.1-jre/com.google.common.base.Suppliers$NonSerializableMemoizingSupplier.get(Suppliers.java:200)
	at TRANSFORMER/roughlyenoughitems@19.0.806/me.shedaniel.rei.impl.common.registry.displays.ServerDisplayRegistryImpl.updatePlayers(ServerDisplayRegistryImpl.java:115)
	at TRANSFORMER/roughlyenoughitems@19.0.806/me.shedaniel.rei.impl.common.registry.displays.ServerDisplayRegistryImpl.lambda$new$3(ServerDisplayRegistryImpl.java:72)
	at TRANSFORMER/architectury@16.1.4/dev.architectury.event.forge.EventHandlerImplCommon.event(EventHandlerImplCommon.java:70)
	at MC-BOOTSTRAP/net.neoforged.bus/net.neoforged.bus.EventBus.post(EventBus.java:350)
	at MC-BOOTSTRAP/net.neoforged.bus/net.neoforged.bus.EventBus.post(EventBus.java:315)
	at TRANSFORMER/neoforge@21.5.62-beta/net.neoforged.neoforge.event.EventHooks.fireServerTickPost(EventHooks.java:1007)
	at TRANSFORMER/minecraft@1.21.5/net.minecraft.server.MinecraftServer.tickServer(MinecraftServer.java:977)
	at TRANSFORMER/minecraft@1.21.5/net.minecraft.client.server.IntegratedServer.tickServer(IntegratedServer.java:108)
	at TRANSFORMER/minecraft@1.21.5/net.minecraft.server.MinecraftServer.runServer(MinecraftServer.java:715)
	at TRANSFORMER/minecraft@1.21.5/net.minecraft.server.MinecraftServer.lambda$spin$2(MinecraftServer.java:276)
	at java.base/java.lang.Thread.run(Thread.java:1583)
[13:39:27] [Server thread/DEBUG] [REI] Failed to encode display: me.shedaniel.rei.plugin.common.displays.crafting.DefaultCustomShapelessDisplay@49563250
java.lang.IllegalArgumentException: Can't find id for 'Reference{ResourceKey[minecraft:banner_pattern / minecraft:stripe_middle]=BannerPattern[assetId=minecraft:stripe_middle, translationKey=block.minecraft.banner.stripe_middle]}' in map net.minecraft.core.Registry$1@6b7a2ac6
	at TRANSFORMER/minecraft@1.21.5/net.minecraft.core.IdMap.getIdOrThrow(IdMap.java:25)
	at TRANSFORMER/minecraft@1.21.5/net.minecraft.network.codec.ByteBufCodecs$30.encode(ByteBufCodecs.java:578)
	at TRANSFORMER/minecraft@1.21.5/net.minecraft.network.codec.ByteBufCodecs$30.encode(ByteBufCodecs.java:563)
	at TRANSFORMER/minecraft@1.21.5/net.minecraft.network.codec.StreamCodec$8.encode(StreamCodec.java:147)
	at TRANSFORMER/minecraft@1.21.5/net.minecraft.network.codec.ByteBufCodecs$24.encode(ByteBufCodecs.java:408)
	at TRANSFORMER/minecraft@1.21.5/net.minecraft.network.codec.ByteBufCodecs$24.encode(ByteBufCodecs.java:392)
	at TRANSFORMER/minecraft@1.21.5/net.minecraft.network.codec.StreamCodec$4.encode(StreamCodec.java:75)
	at TRANSFORMER/minecraft@1.21.5/net.minecraft.core.component.DataComponentPatch$3.encodeComponent(DataComponentPatch.java:147)
	at TRANSFORMER/minecraft@1.21.5/net.minecraft.core.component.DataComponentPatch$3.encode(DataComponentPatch.java:131)
	at TRANSFORMER/minecraft@1.21.5/net.minecraft.core.component.DataComponentPatch$3.encode(DataComponentPatch.java:78)
	at TRANSFORMER/minecraft@1.21.5/net.minecraft.world.item.ItemStack$2.encode(ItemStack.java:204)
	at TRANSFORMER/minecraft@1.21.5/net.minecraft.world.item.ItemStack$2.encode(ItemStack.java:186)
	at TRANSFORMER/minecraft@1.21.5/net.minecraft.network.codec.StreamCodec$4.encode(StreamCodec.java:75)
	at TRANSFORMER/minecraft@1.21.5/net.minecraft.network.codec.StreamCodec$6.encode(StreamCodec.java:110)
	at TRANSFORMER/minecraft@1.21.5/net.minecraft.network.codec.ByteBufCodecs$24.encode(ByteBufCodecs.java:408)
	at TRANSFORMER/minecraft@1.21.5/net.minecraft.network.codec.ByteBufCodecs$24.encode(ByteBufCodecs.java:392)
	at TRANSFORMER/minecraft@1.21.5/net.minecraft.network.codec.StreamCodec$4.encode(StreamCodec.java:75)
	at TRANSFORMER/minecraft@1.21.5/net.minecraft.network.codec.ByteBufCodecs$24.encode(ByteBufCodecs.java:408)
	at TRANSFORMER/minecraft@1.21.5/net.minecraft.network.codec.ByteBufCodecs$24.encode(ByteBufCodecs.java:392)
	at TRANSFORMER/minecraft@1.21.5/net.minecraft.network.codec.StreamCodec$9.encode(StreamCodec.java:173)
	at TRANSFORMER/minecraft@1.21.5/net.minecraft.network.codec.StreamCodec$6.encode(StreamCodec.java:110)
	at TRANSFORMER/roughlyenoughitems@19.0.806/me.shedaniel.rei.impl.common.networking.DisplaySyncPacket$1.encode(DisplaySyncPacket.java:60)
	at TRANSFORMER/roughlyenoughitems@19.0.806/me.shedaniel.rei.impl.common.networking.DisplaySyncPacket$1.encode(DisplaySyncPacket.java:55)
	at TRANSFORMER/minecraft@1.21.5/net.minecraft.network.codec.ByteBufCodecs$24.encode(ByteBufCodecs.java:408)
	at TRANSFORMER/minecraft@1.21.5/net.minecraft.network.codec.ByteBufCodecs$24.encode(ByteBufCodecs.java:392)
	at TRANSFORMER/minecraft@1.21.5/net.minecraft.network.codec.StreamCodec$4.encode(StreamCodec.java:75)
	at TRANSFORMER/minecraft@1.21.5/net.minecraft.network.codec.StreamCodec$9.encode(StreamCodec.java:174)
	at TRANSFORMER/architectury@16.1.4/dev.architectury.impl.NetworkAggregator.collectPackets(NetworkAggregator.java:146)
	at TRANSFORMER/architectury@16.1.4/dev.architectury.networking.NetworkManager.collectPackets(NetworkManager.java:137)
	at TRANSFORMER/roughlyenoughitems@19.0.806/me.shedaniel.rei.impl.common.registry.displays.ServerDisplayRegistryImpl.getResetPackets(ServerDisplayRegistryImpl.java:146)
	at TRANSFORMER/roughlyenoughitems@19.0.806/me.shedaniel.rei.impl.common.registry.displays.ServerDisplayRegistryImpl.lambda$updatePlayers$6(ServerDisplayRegistryImpl.java:100)
	at MC-BOOTSTRAP/com.google.common@33.3.1-jre/com.google.common.base.Suppliers$NonSerializableMemoizingSupplier.get(Suppliers.java:200)
	at TRANSFORMER/roughlyenoughitems@19.0.806/me.shedaniel.rei.impl.common.registry.displays.ServerDisplayRegistryImpl.updatePlayers(ServerDisplayRegistryImpl.java:115)
	at TRANSFORMER/roughlyenoughitems@19.0.806/me.shedaniel.rei.impl.common.registry.displays.ServerDisplayRegistryImpl.lambda$new$3(ServerDisplayRegistryImpl.java:72)
	at TRANSFORMER/architectury@16.1.4/dev.architectury.event.forge.EventHandlerImplCommon.event(EventHandlerImplCommon.java:70)
	at MC-BOOTSTRAP/net.neoforged.bus/net.neoforged.bus.EventBus.post(EventBus.java:350)
	at MC-BOOTSTRAP/net.neoforged.bus/net.neoforged.bus.EventBus.post(EventBus.java:315)
	at TRANSFORMER/neoforge@21.5.62-beta/net.neoforged.neoforge.event.EventHooks.fireServerTickPost(EventHooks.java:1007)
	at TRANSFORMER/minecraft@1.21.5/net.minecraft.server.MinecraftServer.tickServer(MinecraftServer.java:977)
	at TRANSFORMER/minecraft@1.21.5/net.minecraft.client.server.IntegratedServer.tickServer(IntegratedServer.java:108)
	at TRANSFORMER/minecraft@1.21.5/net.minecraft.server.MinecraftServer.runServer(MinecraftServer.java:715)
	at TRANSFORMER/minecraft@1.21.5/net.minecraft.server.MinecraftServer.lambda$spin$2(MinecraftServer.java:276)
	at java.base/java.lang.Thread.run(Thread.java:1583)
[13:39:27] [Server thread/DEBUG] [REI] Failed to encode display: me.shedaniel.rei.plugin.common.displays.crafting.DefaultCustomShapelessDisplay@5ebd7c69
java.lang.IllegalArgumentException: Can't find id for 'Reference{ResourceKey[minecraft:banner_pattern / minecraft:curly_border]=BannerPattern[assetId=minecraft:curly_border, translationKey=block.minecraft.banner.curly_border]}' in map net.minecraft.core.Registry$1@411b5b4d
	at TRANSFORMER/minecraft@1.21.5/net.minecraft.core.IdMap.getIdOrThrow(IdMap.java:25)
	at TRANSFORMER/minecraft@1.21.5/net.minecraft.network.codec.ByteBufCodecs$30.encode(ByteBufCodecs.java:578)
	at TRANSFORMER/minecraft@1.21.5/net.minecraft.network.codec.ByteBufCodecs$30.encode(ByteBufCodecs.java:563)
	at TRANSFORMER/minecraft@1.21.5/net.minecraft.network.codec.StreamCodec$8.encode(StreamCodec.java:147)
	at TRANSFORMER/minecraft@1.21.5/net.minecraft.network.codec.ByteBufCodecs$24.encode(ByteBufCodecs.java:408)
	at TRANSFORMER/minecraft@1.21.5/net.minecraft.network.codec.ByteBufCodecs$24.encode(ByteBufCodecs.java:392)
	at TRANSFORMER/minecraft@1.21.5/net.minecraft.network.codec.StreamCodec$4.encode(StreamCodec.java:75)
	at TRANSFORMER/minecraft@1.21.5/net.minecraft.core.component.DataComponentPatch$3.encodeComponent(DataComponentPatch.java:147)
	at TRANSFORMER/minecraft@1.21.5/net.minecraft.core.component.DataComponentPatch$3.encode(DataComponentPatch.java:131)
	at TRANSFORMER/minecraft@1.21.5/net.minecraft.core.component.DataComponentPatch$3.encode(DataComponentPatch.java:78)
	at TRANSFORMER/minecraft@1.21.5/net.minecraft.world.item.ItemStack$2.encode(ItemStack.java:204)
	at TRANSFORMER/minecraft@1.21.5/net.minecraft.world.item.ItemStack$2.encode(ItemStack.java:186)
	at TRANSFORMER/minecraft@1.21.5/net.minecraft.network.codec.StreamCodec$4.encode(StreamCodec.java:75)
	at TRANSFORMER/minecraft@1.21.5/net.minecraft.network.codec.StreamCodec$6.encode(StreamCodec.java:110)
	at TRANSFORMER/minecraft@1.21.5/net.minecraft.network.codec.ByteBufCodecs$24.encode(ByteBufCodecs.java:408)
	at TRANSFORMER/minecraft@1.21.5/net.minecraft.network.codec.ByteBufCodecs$24.encode(ByteBufCodecs.java:392)
	at TRANSFORMER/minecraft@1.21.5/net.minecraft.network.codec.StreamCodec$4.encode(StreamCodec.java:75)
	at TRANSFORMER/minecraft@1.21.5/net.minecraft.network.codec.ByteBufCodecs$24.encode(ByteBufCodecs.java:408)
	at TRANSFORMER/minecraft@1.21.5/net.minecraft.network.codec.ByteBufCodecs$24.encode(ByteBufCodecs.java:392)
	at TRANSFORMER/minecraft@1.21.5/net.minecraft.network.codec.StreamCodec$9.encode(StreamCodec.java:173)
	at TRANSFORMER/minecraft@1.21.5/net.minecraft.network.codec.StreamCodec$6.encode(StreamCodec.java:110)
	at TRANSFORMER/roughlyenoughitems@19.0.806/me.shedaniel.rei.impl.common.networking.DisplaySyncPacket$1.encode(DisplaySyncPacket.java:60)
	at TRANSFORMER/roughlyenoughitems@19.0.806/me.shedaniel.rei.impl.common.networking.DisplaySyncPacket$1.encode(DisplaySyncPacket.java:55)
	at TRANSFORMER/minecraft@1.21.5/net.minecraft.network.codec.ByteBufCodecs$24.encode(ByteBufCodecs.java:408)
	at TRANSFORMER/minecraft@1.21.5/net.minecraft.network.codec.ByteBufCodecs$24.encode(ByteBufCodecs.java:392)
	at TRANSFORMER/minecraft@1.21.5/net.minecraft.network.codec.StreamCodec$4.encode(StreamCodec.java:75)
	at TRANSFORMER/minecraft@1.21.5/net.minecraft.network.codec.StreamCodec$9.encode(StreamCodec.java:174)
	at TRANSFORMER/architectury@16.1.4/dev.architectury.impl.NetworkAggregator.collectPackets(NetworkAggregator.java:146)
	at TRANSFORMER/architectury@16.1.4/dev.architectury.networking.NetworkManager.collectPackets(NetworkManager.java:137)
	at TRANSFORMER/roughlyenoughitems@19.0.806/me.shedaniel.rei.impl.common.registry.displays.ServerDisplayRegistryImpl.getResetPackets(ServerDisplayRegistryImpl.java:146)
	at TRANSFORMER/roughlyenoughitems@19.0.806/me.shedaniel.rei.impl.common.registry.displays.ServerDisplayRegistryImpl.lambda$updatePlayers$6(ServerDisplayRegistryImpl.java:100)
	at MC-BOOTSTRAP/com.google.common@33.3.1-jre/com.google.common.base.Suppliers$NonSerializableMemoizingSupplier.get(Suppliers.java:200)
	at TRANSFORMER/roughlyenoughitems@19.0.806/me.shedaniel.rei.impl.common.registry.displays.ServerDisplayRegistryImpl.updatePlayers(ServerDisplayRegistryImpl.java:115)
	at TRANSFORMER/roughlyenoughitems@19.0.806/me.shedaniel.rei.impl.common.registry.displays.ServerDisplayRegistryImpl.lambda$new$3(ServerDisplayRegistryImpl.java:72)
	at TRANSFORMER/architectury@16.1.4/dev.architectury.event.forge.EventHandlerImplCommon.event(EventHandlerImplCommon.java:70)
	at MC-BOOTSTRAP/net.neoforged.bus/net.neoforged.bus.EventBus.post(EventBus.java:350)
	at MC-BOOTSTRAP/net.neoforged.bus/net.neoforged.bus.EventBus.post(EventBus.java:315)
	at TRANSFORMER/neoforge@21.5.62-beta/net.neoforged.neoforge.event.EventHooks.fireServerTickPost(EventHooks.java:1007)
	at TRANSFORMER/minecraft@1.21.5/net.minecraft.server.MinecraftServer.tickServer(MinecraftServer.java:977)
	at TRANSFORMER/minecraft@1.21.5/net.minecraft.client.server.IntegratedServer.tickServer(IntegratedServer.java:108)
	at TRANSFORMER/minecraft@1.21.5/net.minecraft.server.MinecraftServer.runServer(MinecraftServer.java:715)
	at TRANSFORMER/minecraft@1.21.5/net.minecraft.server.MinecraftServer.lambda$spin$2(MinecraftServer.java:276)
	at java.base/java.lang.Thread.run(Thread.java:1583)
[13:39:27] [Server thread/DEBUG] [REI] Failed to encode display: me.shedaniel.rei.plugin.common.displays.crafting.DefaultCustomShapelessDisplay@5684ea1d
java.lang.IllegalArgumentException: Can't find id for 'Reference{ResourceKey[minecraft:banner_pattern / minecraft:triangles_top]=BannerPattern[assetId=minecraft:triangles_top, translationKey=block.minecraft.banner.triangles_top]}' in map net.minecraft.core.Registry$1@56a7e72e
	at TRANSFORMER/minecraft@1.21.5/net.minecraft.core.IdMap.getIdOrThrow(IdMap.java:25)
	at TRANSFORMER/minecraft@1.21.5/net.minecraft.network.codec.ByteBufCodecs$30.encode(ByteBufCodecs.java:578)
	at TRANSFORMER/minecraft@1.21.5/net.minecraft.network.codec.ByteBufCodecs$30.encode(ByteBufCodecs.java:563)
	at TRANSFORMER/minecraft@1.21.5/net.minecraft.network.codec.StreamCodec$8.encode(StreamCodec.java:147)
	at TRANSFORMER/minecraft@1.21.5/net.minecraft.network.codec.ByteBufCodecs$24.encode(ByteBufCodecs.java:408)
	at TRANSFORMER/minecraft@1.21.5/net.minecraft.network.codec.ByteBufCodecs$24.encode(ByteBufCodecs.java:392)
	at TRANSFORMER/minecraft@1.21.5/net.minecraft.network.codec.StreamCodec$4.encode(StreamCodec.java:75)
	at TRANSFORMER/minecraft@1.21.5/net.minecraft.core.component.DataComponentPatch$3.encodeComponent(DataComponentPatch.java:147)
	at TRANSFORMER/minecraft@1.21.5/net.minecraft.core.component.DataComponentPatch$3.encode(DataComponentPatch.java:131)
	at TRANSFORMER/minecraft@1.21.5/net.minecraft.core.component.DataComponentPatch$3.encode(DataComponentPatch.java:78)
	at TRANSFORMER/minecraft@1.21.5/net.minecraft.world.item.ItemStack$2.encode(ItemStack.java:204)
	at TRANSFORMER/minecraft@1.21.5/net.minecraft.world.item.ItemStack$2.encode(ItemStack.java:186)
	at TRANSFORMER/minecraft@1.21.5/net.minecraft.network.codec.StreamCodec$4.encode(StreamCodec.java:75)
	at TRANSFORMER/minecraft@1.21.5/net.minecraft.network.codec.StreamCodec$6.encode(StreamCodec.java:110)
	at TRANSFORMER/minecraft@1.21.5/net.minecraft.network.codec.ByteBufCodecs$24.encode(ByteBufCodecs.java:408)
	at TRANSFORMER/minecraft@1.21.5/net.minecraft.network.codec.ByteBufCodecs$24.encode(ByteBufCodecs.java:392)
	at TRANSFORMER/minecraft@1.21.5/net.minecraft.network.codec.StreamCodec$4.encode(StreamCodec.java:75)
	at TRANSFORMER/minecraft@1.21.5/net.minecraft.network.codec.ByteBufCodecs$24.encode(ByteBufCodecs.java:408)
	at TRANSFORMER/minecraft@1.21.5/net.minecraft.network.codec.ByteBufCodecs$24.encode(ByteBufCodecs.java:392)
	at TRANSFORMER/minecraft@1.21.5/net.minecraft.network.codec.StreamCodec$9.encode(StreamCodec.java:173)
	at TRANSFORMER/minecraft@1.21.5/net.minecraft.network.codec.StreamCodec$6.encode(StreamCodec.java:110)
	at TRANSFORMER/roughlyenoughitems@19.0.806/me.shedaniel.rei.impl.common.networking.DisplaySyncPacket$1.encode(DisplaySyncPacket.java:60)
	at TRANSFORMER/roughlyenoughitems@19.0.806/me.shedaniel.rei.impl.common.networking.DisplaySyncPacket$1.encode(DisplaySyncPacket.java:55)
	at TRANSFORMER/minecraft@1.21.5/net.minecraft.network.codec.ByteBufCodecs$24.encode(ByteBufCodecs.java:408)
	at TRANSFORMER/minecraft@1.21.5/net.minecraft.network.codec.ByteBufCodecs$24.encode(ByteBufCodecs.java:392)
	at TRANSFORMER/minecraft@1.21.5/net.minecraft.network.codec.StreamCodec$4.encode(StreamCodec.java:75)
	at TRANSFORMER/minecraft@1.21.5/net.minecraft.network.codec.StreamCodec$9.encode(StreamCodec.java:174)
	at TRANSFORMER/architectury@16.1.4/dev.architectury.impl.NetworkAggregator.collectPackets(NetworkAggregator.java:146)
	at TRANSFORMER/architectury@16.1.4/dev.architectury.networking.NetworkManager.collectPackets(NetworkManager.java:137)
	at TRANSFORMER/roughlyenoughitems@19.0.806/me.shedaniel.rei.impl.common.registry.displays.ServerDisplayRegistryImpl.getResetPackets(ServerDisplayRegistryImpl.java:146)
	at TRANSFORMER/roughlyenoughitems@19.0.806/me.shedaniel.rei.impl.common.registry.displays.ServerDisplayRegistryImpl.lambda$updatePlayers$6(ServerDisplayRegistryImpl.java:100)
	at MC-BOOTSTRAP/com.google.common@33.3.1-jre/com.google.common.base.Suppliers$NonSerializableMemoizingSupplier.get(Suppliers.java:200)
	at TRANSFORMER/roughlyenoughitems@19.0.806/me.shedaniel.rei.impl.common.registry.displays.ServerDisplayRegistryImpl.updatePlayers(ServerDisplayRegistryImpl.java:115)
	at TRANSFORMER/roughlyenoughitems@19.0.806/me.shedaniel.rei.impl.common.registry.displays.ServerDisplayRegistryImpl.lambda$new$3(ServerDisplayRegistryImpl.java:72)
	at TRANSFORMER/architectury@16.1.4/dev.architectury.event.forge.EventHandlerImplCommon.event(EventHandlerImplCommon.java:70)
	at MC-BOOTSTRAP/net.neoforged.bus/net.neoforged.bus.EventBus.post(EventBus.java:350)
	at MC-BOOTSTRAP/net.neoforged.bus/net.neoforged.bus.EventBus.post(EventBus.java:315)
	at TRANSFORMER/neoforge@21.5.62-beta/net.neoforged.neoforge.event.EventHooks.fireServerTickPost(EventHooks.java:1007)
	at TRANSFORMER/minecraft@1.21.5/net.minecraft.server.MinecraftServer.tickServer(MinecraftServer.java:977)
	at TRANSFORMER/minecraft@1.21.5/net.minecraft.client.server.IntegratedServer.tickServer(IntegratedServer.java:108)
	at TRANSFORMER/minecraft@1.21.5/net.minecraft.server.MinecraftServer.runServer(MinecraftServer.java:715)
	at TRANSFORMER/minecraft@1.21.5/net.minecraft.server.MinecraftServer.lambda$spin$2(MinecraftServer.java:276)
	at java.base/java.lang.Thread.run(Thread.java:1583)
[13:39:27] [Server thread/DEBUG] [REI] Failed to encode display: me.shedaniel.rei.plugin.common.displays.crafting.DefaultCustomShapelessDisplay@1443c5f7
java.lang.IllegalArgumentException: Can't find id for 'Reference{ResourceKey[minecraft:banner_pattern / minecraft:gradient_up]=BannerPattern[assetId=minecraft:gradient_up, translationKey=block.minecraft.banner.gradient_up]}' in map net.minecraft.core.Registry$1@6d7f4825
	at TRANSFORMER/minecraft@1.21.5/net.minecraft.core.IdMap.getIdOrThrow(IdMap.java:25)
	at TRANSFORMER/minecraft@1.21.5/net.minecraft.network.codec.ByteBufCodecs$30.encode(ByteBufCodecs.java:578)
	at TRANSFORMER/minecraft@1.21.5/net.minecraft.network.codec.ByteBufCodecs$30.encode(ByteBufCodecs.java:563)
	at TRANSFORMER/minecraft@1.21.5/net.minecraft.network.codec.StreamCodec$8.encode(StreamCodec.java:147)
	at TRANSFORMER/minecraft@1.21.5/net.minecraft.network.codec.ByteBufCodecs$24.encode(ByteBufCodecs.java:408)
	at TRANSFORMER/minecraft@1.21.5/net.minecraft.network.codec.ByteBufCodecs$24.encode(ByteBufCodecs.java:392)
	at TRANSFORMER/minecraft@1.21.5/net.minecraft.network.codec.StreamCodec$4.encode(StreamCodec.java:75)
	at TRANSFORMER/minecraft@1.21.5/net.minecraft.core.component.DataComponentPatch$3.encodeComponent(DataComponentPatch.java:147)
	at TRANSFORMER/minecraft@1.21.5/net.minecraft.core.component.DataComponentPatch$3.encode(DataComponentPatch.java:131)
	at TRANSFORMER/minecraft@1.21.5/net.minecraft.core.component.DataComponentPatch$3.encode(DataComponentPatch.java:78)
	at TRANSFORMER/minecraft@1.21.5/net.minecraft.world.item.ItemStack$2.encode(ItemStack.java:204)
	at TRANSFORMER/minecraft@1.21.5/net.minecraft.world.item.ItemStack$2.encode(ItemStack.java:186)
	at TRANSFORMER/minecraft@1.21.5/net.minecraft.network.codec.StreamCodec$4.encode(StreamCodec.java:75)
	at TRANSFORMER/minecraft@1.21.5/net.minecraft.network.codec.StreamCodec$6.encode(StreamCodec.java:110)
	at TRANSFORMER/minecraft@1.21.5/net.minecraft.network.codec.ByteBufCodecs$24.encode(ByteBufCodecs.java:408)
	at TRANSFORMER/minecraft@1.21.5/net.minecraft.network.codec.ByteBufCodecs$24.encode(ByteBufCodecs.java:392)
	at TRANSFORMER/minecraft@1.21.5/net.minecraft.network.codec.StreamCodec$4.encode(StreamCodec.java:75)
	at TRANSFORMER/minecraft@1.21.5/net.minecraft.network.codec.ByteBufCodecs$24.encode(ByteBufCodecs.java:408)
	at TRANSFORMER/minecraft@1.21.5/net.minecraft.network.codec.ByteBufCodecs$24.encode(ByteBufCodecs.java:392)
	at TRANSFORMER/minecraft@1.21.5/net.minecraft.network.codec.StreamCodec$9.encode(StreamCodec.java:173)
	at TRANSFORMER/minecraft@1.21.5/net.minecraft.network.codec.StreamCodec$6.encode(StreamCodec.java:110)
	at TRANSFORMER/roughlyenoughitems@19.0.806/me.shedaniel.rei.impl.common.networking.DisplaySyncPacket$1.encode(DisplaySyncPacket.java:60)
	at TRANSFORMER/roughlyenoughitems@19.0.806/me.shedaniel.rei.impl.common.networking.DisplaySyncPacket$1.encode(DisplaySyncPacket.java:55)
	at TRANSFORMER/minecraft@1.21.5/net.minecraft.network.codec.ByteBufCodecs$24.encode(ByteBufCodecs.java:408)
	at TRANSFORMER/minecraft@1.21.5/net.minecraft.network.codec.ByteBufCodecs$24.encode(ByteBufCodecs.java:392)
	at TRANSFORMER/minecraft@1.21.5/net.minecraft.network.codec.StreamCodec$4.encode(StreamCodec.java:75)
	at TRANSFORMER/minecraft@1.21.5/net.minecraft.network.codec.StreamCodec$9.encode(StreamCodec.java:174)
	at TRANSFORMER/architectury@16.1.4/dev.architectury.impl.NetworkAggregator.collectPackets(NetworkAggregator.java:146)
	at TRANSFORMER/architectury@16.1.4/dev.architectury.networking.NetworkManager.collectPackets(NetworkManager.java:137)
	at TRANSFORMER/roughlyenoughitems@19.0.806/me.shedaniel.rei.impl.common.registry.displays.ServerDisplayRegistryImpl.getResetPackets(ServerDisplayRegistryImpl.java:146)
	at TRANSFORMER/roughlyenoughitems@19.0.806/me.shedaniel.rei.impl.common.registry.displays.ServerDisplayRegistryImpl.lambda$updatePlayers$6(ServerDisplayRegistryImpl.java:100)
	at MC-BOOTSTRAP/com.google.common@33.3.1-jre/com.google.common.base.Suppliers$NonSerializableMemoizingSupplier.get(Suppliers.java:200)
	at TRANSFORMER/roughlyenoughitems@19.0.806/me.shedaniel.rei.impl.common.registry.displays.ServerDisplayRegistryImpl.updatePlayers(ServerDisplayRegistryImpl.java:115)
	at TRANSFORMER/roughlyenoughitems@19.0.806/me.shedaniel.rei.impl.common.registry.displays.ServerDisplayRegistryImpl.lambda$new$3(ServerDisplayRegistryImpl.java:72)
	at TRANSFORMER/architectury@16.1.4/dev.architectury.event.forge.EventHandlerImplCommon.event(EventHandlerImplCommon.java:70)
	at MC-BOOTSTRAP/net.neoforged.bus/net.neoforged.bus.EventBus.post(EventBus.java:350)
	at MC-BOOTSTRAP/net.neoforged.bus/net.neoforged.bus.EventBus.post(EventBus.java:315)
	at TRANSFORMER/neoforge@21.5.62-beta/net.neoforged.neoforge.event.EventHooks.fireServerTickPost(EventHooks.java:1007)
	at TRANSFORMER/minecraft@1.21.5/net.minecraft.server.MinecraftServer.tickServer(MinecraftServer.java:977)
	at TRANSFORMER/minecraft@1.21.5/net.minecraft.client.server.IntegratedServer.tickServer(IntegratedServer.java:108)
	at TRANSFORMER/minecraft@1.21.5/net.minecraft.server.MinecraftServer.runServer(MinecraftServer.java:715)
	at TRANSFORMER/minecraft@1.21.5/net.minecraft.server.MinecraftServer.lambda$spin$2(MinecraftServer.java:276)
	at java.base/java.lang.Thread.run(Thread.java:1583)
[13:39:27] [Server thread/DEBUG] [REI] Failed to encode display: me.shedaniel.rei.plugin.common.displays.crafting.DefaultCustomShapelessDisplay@539a4090
java.lang.IllegalArgumentException: Can't find id for 'Reference{ResourceKey[minecraft:banner_pattern / minecraft:half_horizontal_bottom]=BannerPattern[assetId=minecraft:half_horizontal_bottom, translationKey=block.minecraft.banner.half_horizontal_bottom]}' in map net.minecraft.core.Registry$1@66b87342
	at TRANSFORMER/minecraft@1.21.5/net.minecraft.core.IdMap.getIdOrThrow(IdMap.java:25)
	at TRANSFORMER/minecraft@1.21.5/net.minecraft.network.codec.ByteBufCodecs$30.encode(ByteBufCodecs.java:578)
	at TRANSFORMER/minecraft@1.21.5/net.minecraft.network.codec.ByteBufCodecs$30.encode(ByteBufCodecs.java:563)
	at TRANSFORMER/minecraft@1.21.5/net.minecraft.network.codec.StreamCodec$8.encode(StreamCodec.java:147)
	at TRANSFORMER/minecraft@1.21.5/net.minecraft.network.codec.ByteBufCodecs$24.encode(ByteBufCodecs.java:408)
	at TRANSFORMER/minecraft@1.21.5/net.minecraft.network.codec.ByteBufCodecs$24.encode(ByteBufCodecs.java:392)
	at TRANSFORMER/minecraft@1.21.5/net.minecraft.network.codec.StreamCodec$4.encode(StreamCodec.java:75)
	at TRANSFORMER/minecraft@1.21.5/net.minecraft.core.component.DataComponentPatch$3.encodeComponent(DataComponentPatch.java:147)
	at TRANSFORMER/minecraft@1.21.5/net.minecraft.core.component.DataComponentPatch$3.encode(DataComponentPatch.java:131)
	at TRANSFORMER/minecraft@1.21.5/net.minecraft.core.component.DataComponentPatch$3.encode(DataComponentPatch.java:78)
	at TRANSFORMER/minecraft@1.21.5/net.minecraft.world.item.ItemStack$2.encode(ItemStack.java:204)
	at TRANSFORMER/minecraft@1.21.5/net.minecraft.world.item.ItemStack$2.encode(ItemStack.java:186)
	at TRANSFORMER/minecraft@1.21.5/net.minecraft.network.codec.StreamCodec$4.encode(StreamCodec.java:75)
	at TRANSFORMER/minecraft@1.21.5/net.minecraft.network.codec.StreamCodec$6.encode(StreamCodec.java:110)
	at TRANSFORMER/minecraft@1.21.5/net.minecraft.network.codec.ByteBufCodecs$24.encode(ByteBufCodecs.java:408)
	at TRANSFORMER/minecraft@1.21.5/net.minecraft.network.codec.ByteBufCodecs$24.encode(ByteBufCodecs.java:392)
	at TRANSFORMER/minecraft@1.21.5/net.minecraft.network.codec.StreamCodec$4.encode(StreamCodec.java:75)
	at TRANSFORMER/minecraft@1.21.5/net.minecraft.network.codec.ByteBufCodecs$24.encode(ByteBufCodecs.java:408)
	at TRANSFORMER/minecraft@1.21.5/net.minecraft.network.codec.ByteBufCodecs$24.encode(ByteBufCodecs.java:392)
	at TRANSFORMER/minecraft@1.21.5/net.minecraft.network.codec.StreamCodec$9.encode(StreamCodec.java:173)
	at TRANSFORMER/minecraft@1.21.5/net.minecraft.network.codec.StreamCodec$6.encode(StreamCodec.java:110)
	at TRANSFORMER/roughlyenoughitems@19.0.806/me.shedaniel.rei.impl.common.networking.DisplaySyncPacket$1.encode(DisplaySyncPacket.java:60)
	at TRANSFORMER/roughlyenoughitems@19.0.806/me.shedaniel.rei.impl.common.networking.DisplaySyncPacket$1.encode(DisplaySyncPacket.java:55)
	at TRANSFORMER/minecraft@1.21.5/net.minecraft.network.codec.ByteBufCodecs$24.encode(ByteBufCodecs.java:408)
	at TRANSFORMER/minecraft@1.21.5/net.minecraft.network.codec.ByteBufCodecs$24.encode(ByteBufCodecs.java:392)
	at TRANSFORMER/minecraft@1.21.5/net.minecraft.network.codec.StreamCodec$4.encode(StreamCodec.java:75)
	at TRANSFORMER/minecraft@1.21.5/net.minecraft.network.codec.StreamCodec$9.encode(StreamCodec.java:174)
	at TRANSFORMER/architectury@16.1.4/dev.architectury.impl.NetworkAggregator.collectPackets(NetworkAggregator.java:146)
	at TRANSFORMER/architectury@16.1.4/dev.architectury.networking.NetworkManager.collectPackets(NetworkManager.java:137)
	at TRANSFORMER/roughlyenoughitems@19.0.806/me.shedaniel.rei.impl.common.registry.displays.ServerDisplayRegistryImpl.getResetPackets(ServerDisplayRegistryImpl.java:146)
	at TRANSFORMER/roughlyenoughitems@19.0.806/me.shedaniel.rei.impl.common.registry.displays.ServerDisplayRegistryImpl.lambda$updatePlayers$6(ServerDisplayRegistryImpl.java:100)
	at MC-BOOTSTRAP/com.google.common@33.3.1-jre/com.google.common.base.Suppliers$NonSerializableMemoizingSupplier.get(Suppliers.java:200)
	at TRANSFORMER/roughlyenoughitems@19.0.806/me.shedaniel.rei.impl.common.registry.displays.ServerDisplayRegistryImpl.updatePlayers(ServerDisplayRegistryImpl.java:115)
	at TRANSFORMER/roughlyenoughitems@19.0.806/me.shedaniel.rei.impl.common.registry.displays.ServerDisplayRegistryImpl.lambda$new$3(ServerDisplayRegistryImpl.java:72)
	at TRANSFORMER/architectury@16.1.4/dev.architectury.event.forge.EventHandlerImplCommon.event(EventHandlerImplCommon.java:70)
	at MC-BOOTSTRAP/net.neoforged.bus/net.neoforged.bus.EventBus.post(EventBus.java:350)
	at MC-BOOTSTRAP/net.neoforged.bus/net.neoforged.bus.EventBus.post(EventBus.java:315)
	at TRANSFORMER/neoforge@21.5.62-beta/net.neoforged.neoforge.event.EventHooks.fireServerTickPost(EventHooks.java:1007)
	at TRANSFORMER/minecraft@1.21.5/net.minecraft.server.MinecraftServer.tickServer(MinecraftServer.java:977)
	at TRANSFORMER/minecraft@1.21.5/net.minecraft.client.server.IntegratedServer.tickServer(IntegratedServer.java:108)
	at TRANSFORMER/minecraft@1.21.5/net.minecraft.server.MinecraftServer.runServer(MinecraftServer.java:715)
	at TRANSFORMER/minecraft@1.21.5/net.minecraft.server.MinecraftServer.lambda$spin$2(MinecraftServer.java:276)
	at java.base/java.lang.Thread.run(Thread.java:1583)
[13:39:27] [Server thread/DEBUG] [REI] Failed to encode display: me.shedaniel.rei.plugin.common.displays.crafting.DefaultCustomShapelessDisplay@70a388f3
java.lang.IllegalArgumentException: Can't find id for 'Reference{ResourceKey[minecraft:banner_pattern / minecraft:mojang]=BannerPattern[assetId=minecraft:mojang, translationKey=block.minecraft.banner.mojang]}' in map net.minecraft.core.Registry$1@2a4bebaf
	at TRANSFORMER/minecraft@1.21.5/net.minecraft.core.IdMap.getIdOrThrow(IdMap.java:25)
	at TRANSFORMER/minecraft@1.21.5/net.minecraft.network.codec.ByteBufCodecs$30.encode(ByteBufCodecs.java:578)
	at TRANSFORMER/minecraft@1.21.5/net.minecraft.network.codec.ByteBufCodecs$30.encode(ByteBufCodecs.java:563)
	at TRANSFORMER/minecraft@1.21.5/net.minecraft.network.codec.StreamCodec$8.encode(StreamCodec.java:147)
	at TRANSFORMER/minecraft@1.21.5/net.minecraft.network.codec.ByteBufCodecs$24.encode(ByteBufCodecs.java:408)
	at TRANSFORMER/minecraft@1.21.5/net.minecraft.network.codec.ByteBufCodecs$24.encode(ByteBufCodecs.java:392)
	at TRANSFORMER/minecraft@1.21.5/net.minecraft.network.codec.StreamCodec$4.encode(StreamCodec.java:75)
	at TRANSFORMER/minecraft@1.21.5/net.minecraft.core.component.DataComponentPatch$3.encodeComponent(DataComponentPatch.java:147)
	at TRANSFORMER/minecraft@1.21.5/net.minecraft.core.component.DataComponentPatch$3.encode(DataComponentPatch.java:131)
	at TRANSFORMER/minecraft@1.21.5/net.minecraft.core.component.DataComponentPatch$3.encode(DataComponentPatch.java:78)
	at TRANSFORMER/minecraft@1.21.5/net.minecraft.world.item.ItemStack$2.encode(ItemStack.java:204)
	at TRANSFORMER/minecraft@1.21.5/net.minecraft.world.item.ItemStack$2.encode(ItemStack.java:186)
	at TRANSFORMER/minecraft@1.21.5/net.minecraft.network.codec.StreamCodec$4.encode(StreamCodec.java:75)
	at TRANSFORMER/minecraft@1.21.5/net.minecraft.network.codec.StreamCodec$6.encode(StreamCodec.java:110)
	at TRANSFORMER/minecraft@1.21.5/net.minecraft.network.codec.ByteBufCodecs$24.encode(ByteBufCodecs.java:408)
	at TRANSFORMER/minecraft@1.21.5/net.minecraft.network.codec.ByteBufCodecs$24.encode(ByteBufCodecs.java:392)
	at TRANSFORMER/minecraft@1.21.5/net.minecraft.network.codec.StreamCodec$4.encode(StreamCodec.java:75)
	at TRANSFORMER/minecraft@1.21.5/net.minecraft.network.codec.ByteBufCodecs$24.encode(ByteBufCodecs.java:408)
	at TRANSFORMER/minecraft@1.21.5/net.minecraft.network.codec.ByteBufCodecs$24.encode(ByteBufCodecs.java:392)
	at TRANSFORMER/minecraft@1.21.5/net.minecraft.network.codec.StreamCodec$9.encode(StreamCodec.java:173)
	at TRANSFORMER/minecraft@1.21.5/net.minecraft.network.codec.StreamCodec$6.encode(StreamCodec.java:110)
	at TRANSFORMER/roughlyenoughitems@19.0.806/me.shedaniel.rei.impl.common.networking.DisplaySyncPacket$1.encode(DisplaySyncPacket.java:60)
	at TRANSFORMER/roughlyenoughitems@19.0.806/me.shedaniel.rei.impl.common.networking.DisplaySyncPacket$1.encode(DisplaySyncPacket.java:55)
	at TRANSFORMER/minecraft@1.21.5/net.minecraft.network.codec.ByteBufCodecs$24.encode(ByteBufCodecs.java:408)
	at TRANSFORMER/minecraft@1.21.5/net.minecraft.network.codec.ByteBufCodecs$24.encode(ByteBufCodecs.java:392)
	at TRANSFORMER/minecraft@1.21.5/net.minecraft.network.codec.StreamCodec$4.encode(StreamCodec.java:75)
	at TRANSFORMER/minecraft@1.21.5/net.minecraft.network.codec.StreamCodec$9.encode(StreamCodec.java:174)
	at TRANSFORMER/architectury@16.1.4/dev.architectury.impl.NetworkAggregator.collectPackets(NetworkAggregator.java:146)
	at TRANSFORMER/architectury@16.1.4/dev.architectury.networking.NetworkManager.collectPackets(NetworkManager.java:137)
	at TRANSFORMER/roughlyenoughitems@19.0.806/me.shedaniel.rei.impl.common.registry.displays.ServerDisplayRegistryImpl.getResetPackets(ServerDisplayRegistryImpl.java:146)
	at TRANSFORMER/roughlyenoughitems@19.0.806/me.shedaniel.rei.impl.common.registry.displays.ServerDisplayRegistryImpl.lambda$updatePlayers$6(ServerDisplayRegistryImpl.java:100)
	at MC-BOOTSTRAP/com.google.common@33.3.1-jre/com.google.common.base.Suppliers$NonSerializableMemoizingSupplier.get(Suppliers.java:200)
	at TRANSFORMER/roughlyenoughitems@19.0.806/me.shedaniel.rei.impl.common.registry.displays.ServerDisplayRegistryImpl.updatePlayers(ServerDisplayRegistryImpl.java:115)
	at TRANSFORMER/roughlyenoughitems@19.0.806/me.shedaniel.rei.impl.common.registry.displays.ServerDisplayRegistryImpl.lambda$new$3(ServerDisplayRegistryImpl.java:72)
	at TRANSFORMER/architectury@16.1.4/dev.architectury.event.forge.EventHandlerImplCommon.event(EventHandlerImplCommon.java:70)
	at MC-BOOTSTRAP/net.neoforged.bus/net.neoforged.bus.EventBus.post(EventBus.java:350)
	at MC-BOOTSTRAP/net.neoforged.bus/net.neoforged.bus.EventBus.post(EventBus.java:315)
	at TRANSFORMER/neoforge@21.5.62-beta/net.neoforged.neoforge.event.EventHooks.fireServerTickPost(EventHooks.java:1007)
	at TRANSFORMER/minecraft@1.21.5/net.minecraft.server.MinecraftServer.tickServer(MinecraftServer.java:977)
	at TRANSFORMER/minecraft@1.21.5/net.minecraft.client.server.IntegratedServer.tickServer(IntegratedServer.java:108)
	at TRANSFORMER/minecraft@1.21.5/net.minecraft.server.MinecraftServer.runServer(MinecraftServer.java:715)
	at TRANSFORMER/minecraft@1.21.5/net.minecraft.server.MinecraftServer.lambda$spin$2(MinecraftServer.java:276)
	at java.base/java.lang.Thread.run(Thread.java:1583)
[13:39:27] [Server thread/DEBUG] [REI] Failed to encode display: me.shedaniel.rei.plugin.common.displays.crafting.DefaultCustomShapelessDisplay@78a4bd82
java.lang.IllegalArgumentException: Can't find id for 'Reference{ResourceKey[minecraft:banner_pattern / minecraft:small_stripes]=BannerPattern[assetId=minecraft:small_stripes, translationKey=block.minecraft.banner.small_stripes]}' in map net.minecraft.core.Registry$1@7baf587b
	at TRANSFORMER/minecraft@1.21.5/net.minecraft.core.IdMap.getIdOrThrow(IdMap.java:25)
	at TRANSFORMER/minecraft@1.21.5/net.minecraft.network.codec.ByteBufCodecs$30.encode(ByteBufCodecs.java:578)
	at TRANSFORMER/minecraft@1.21.5/net.minecraft.network.codec.ByteBufCodecs$30.encode(ByteBufCodecs.java:563)
	at TRANSFORMER/minecraft@1.21.5/net.minecraft.network.codec.StreamCodec$8.encode(StreamCodec.java:147)
	at TRANSFORMER/minecraft@1.21.5/net.minecraft.network.codec.ByteBufCodecs$24.encode(ByteBufCodecs.java:408)
	at TRANSFORMER/minecraft@1.21.5/net.minecraft.network.codec.ByteBufCodecs$24.encode(ByteBufCodecs.java:392)
	at TRANSFORMER/minecraft@1.21.5/net.minecraft.network.codec.StreamCodec$4.encode(StreamCodec.java:75)
	at TRANSFORMER/minecraft@1.21.5/net.minecraft.core.component.DataComponentPatch$3.encodeComponent(DataComponentPatch.java:147)
	at TRANSFORMER/minecraft@1.21.5/net.minecraft.core.component.DataComponentPatch$3.encode(DataComponentPatch.java:131)
	at TRANSFORMER/minecraft@1.21.5/net.minecraft.core.component.DataComponentPatch$3.encode(DataComponentPatch.java:78)
	at TRANSFORMER/minecraft@1.21.5/net.minecraft.world.item.ItemStack$2.encode(ItemStack.java:204)
	at TRANSFORMER/minecraft@1.21.5/net.minecraft.world.item.ItemStack$2.encode(ItemStack.java:186)
	at TRANSFORMER/minecraft@1.21.5/net.minecraft.network.codec.StreamCodec$4.encode(StreamCodec.java:75)
	at TRANSFORMER/minecraft@1.21.5/net.minecraft.network.codec.StreamCodec$6.encode(StreamCodec.java:110)
	at TRANSFORMER/minecraft@1.21.5/net.minecraft.network.codec.ByteBufCodecs$24.encode(ByteBufCodecs.java:408)
	at TRANSFORMER/minecraft@1.21.5/net.minecraft.network.codec.ByteBufCodecs$24.encode(ByteBufCodecs.java:392)
	at TRANSFORMER/minecraft@1.21.5/net.minecraft.network.codec.StreamCodec$4.encode(StreamCodec.java:75)
	at TRANSFORMER/minecraft@1.21.5/net.minecraft.network.codec.ByteBufCodecs$24.encode(ByteBufCodecs.java:408)
	at TRANSFORMER/minecraft@1.21.5/net.minecraft.network.codec.ByteBufCodecs$24.encode(ByteBufCodecs.java:392)
	at TRANSFORMER/minecraft@1.21.5/net.minecraft.network.codec.StreamCodec$9.encode(StreamCodec.java:173)
	at TRANSFORMER/minecraft@1.21.5/net.minecraft.network.codec.StreamCodec$6.encode(StreamCodec.java:110)
	at TRANSFORMER/roughlyenoughitems@19.0.806/me.shedaniel.rei.impl.common.networking.DisplaySyncPacket$1.encode(DisplaySyncPacket.java:60)
	at TRANSFORMER/roughlyenoughitems@19.0.806/me.shedaniel.rei.impl.common.networking.DisplaySyncPacket$1.encode(DisplaySyncPacket.java:55)
	at TRANSFORMER/minecraft@1.21.5/net.minecraft.network.codec.ByteBufCodecs$24.encode(ByteBufCodecs.java:408)
	at TRANSFORMER/minecraft@1.21.5/net.minecraft.network.codec.ByteBufCodecs$24.encode(ByteBufCodecs.java:392)
	at TRANSFORMER/minecraft@1.21.5/net.minecraft.network.codec.StreamCodec$4.encode(StreamCodec.java:75)
	at TRANSFORMER/minecraft@1.21.5/net.minecraft.network.codec.StreamCodec$9.encode(StreamCodec.java:174)
	at TRANSFORMER/architectury@16.1.4/dev.architectury.impl.NetworkAggregator.collectPackets(NetworkAggregator.java:146)
	at TRANSFORMER/architectury@16.1.4/dev.architectury.networking.NetworkManager.collectPackets(NetworkManager.java:137)
	at TRANSFORMER/roughlyenoughitems@19.0.806/me.shedaniel.rei.impl.common.registry.displays.ServerDisplayRegistryImpl.getResetPackets(ServerDisplayRegistryImpl.java:146)
	at TRANSFORMER/roughlyenoughitems@19.0.806/me.shedaniel.rei.impl.common.registry.displays.ServerDisplayRegistryImpl.lambda$updatePlayers$6(ServerDisplayRegistryImpl.java:100)
	at MC-BOOTSTRAP/com.google.common@33.3.1-jre/com.google.common.base.Suppliers$NonSerializableMemoizingSupplier.get(Suppliers.java:200)
	at TRANSFORMER/roughlyenoughitems@19.0.806/me.shedaniel.rei.impl.common.registry.displays.ServerDisplayRegistryImpl.updatePlayers(ServerDisplayRegistryImpl.java:115)
	at TRANSFORMER/roughlyenoughitems@19.0.806/me.shedaniel.rei.impl.common.registry.displays.ServerDisplayRegistryImpl.lambda$new$3(ServerDisplayRegistryImpl.java:72)
	at TRANSFORMER/architectury@16.1.4/dev.architectury.event.forge.EventHandlerImplCommon.event(EventHandlerImplCommon.java:70)
	at MC-BOOTSTRAP/net.neoforged.bus/net.neoforged.bus.EventBus.post(EventBus.java:350)
	at MC-BOOTSTRAP/net.neoforged.bus/net.neoforged.bus.EventBus.post(EventBus.java:315)
	at TRANSFORMER/neoforge@21.5.62-beta/net.neoforged.neoforge.event.EventHooks.fireServerTickPost(EventHooks.java:1007)
	at TRANSFORMER/minecraft@1.21.5/net.minecraft.server.MinecraftServer.tickServer(MinecraftServer.java:977)
	at TRANSFORMER/minecraft@1.21.5/net.minecraft.client.server.IntegratedServer.tickServer(IntegratedServer.java:108)
	at TRANSFORMER/minecraft@1.21.5/net.minecraft.server.MinecraftServer.runServer(MinecraftServer.java:715)
	at TRANSFORMER/minecraft@1.21.5/net.minecraft.server.MinecraftServer.lambda$spin$2(MinecraftServer.java:276)
	at java.base/java.lang.Thread.run(Thread.java:1583)
[13:39:27] [Server thread/DEBUG] [REI] Failed to encode display: me.shedaniel.rei.plugin.common.displays.crafting.DefaultCustomShapelessDisplay@66713603
java.lang.IllegalArgumentException: Can't find id for 'Reference{ResourceKey[minecraft:banner_pattern / minecraft:cross]=BannerPattern[assetId=minecraft:cross, translationKey=block.minecraft.banner.cross]}' in map net.minecraft.core.Registry$1@2614aa98
	at TRANSFORMER/minecraft@1.21.5/net.minecraft.core.IdMap.getIdOrThrow(IdMap.java:25)
	at TRANSFORMER/minecraft@1.21.5/net.minecraft.network.codec.ByteBufCodecs$30.encode(ByteBufCodecs.java:578)
	at TRANSFORMER/minecraft@1.21.5/net.minecraft.network.codec.ByteBufCodecs$30.encode(ByteBufCodecs.java:563)
	at TRANSFORMER/minecraft@1.21.5/net.minecraft.network.codec.StreamCodec$8.encode(StreamCodec.java:147)
	at TRANSFORMER/minecraft@1.21.5/net.minecraft.network.codec.ByteBufCodecs$24.encode(ByteBufCodecs.java:408)
	at TRANSFORMER/minecraft@1.21.5/net.minecraft.network.codec.ByteBufCodecs$24.encode(ByteBufCodecs.java:392)
	at TRANSFORMER/minecraft@1.21.5/net.minecraft.network.codec.StreamCodec$4.encode(StreamCodec.java:75)
	at TRANSFORMER/minecraft@1.21.5/net.minecraft.core.component.DataComponentPatch$3.encodeComponent(DataComponentPatch.java:147)
	at TRANSFORMER/minecraft@1.21.5/net.minecraft.core.component.DataComponentPatch$3.encode(DataComponentPatch.java:131)
	at TRANSFORMER/minecraft@1.21.5/net.minecraft.core.component.DataComponentPatch$3.encode(DataComponentPatch.java:78)
	at TRANSFORMER/minecraft@1.21.5/net.minecraft.world.item.ItemStack$2.encode(ItemStack.java:204)
	at TRANSFORMER/minecraft@1.21.5/net.minecraft.world.item.ItemStack$2.encode(ItemStack.java:186)
	at TRANSFORMER/minecraft@1.21.5/net.minecraft.network.codec.StreamCodec$4.encode(StreamCodec.java:75)
	at TRANSFORMER/minecraft@1.21.5/net.minecraft.network.codec.StreamCodec$6.encode(StreamCodec.java:110)
	at TRANSFORMER/minecraft@1.21.5/net.minecraft.network.codec.ByteBufCodecs$24.encode(ByteBufCodecs.java:408)
	at TRANSFORMER/minecraft@1.21.5/net.minecraft.network.codec.ByteBufCodecs$24.encode(ByteBufCodecs.java:392)
	at TRANSFORMER/minecraft@1.21.5/net.minecraft.network.codec.StreamCodec$4.encode(StreamCodec.java:75)
	at TRANSFORMER/minecraft@1.21.5/net.minecraft.network.codec.ByteBufCodecs$24.encode(ByteBufCodecs.java:408)
	at TRANSFORMER/minecraft@1.21.5/net.minecraft.network.codec.ByteBufCodecs$24.encode(ByteBufCodecs.java:392)
	at TRANSFORMER/minecraft@1.21.5/net.minecraft.network.codec.StreamCodec$9.encode(StreamCodec.java:173)
	at TRANSFORMER/minecraft@1.21.5/net.minecraft.network.codec.StreamCodec$6.encode(StreamCodec.java:110)
	at TRANSFORMER/roughlyenoughitems@19.0.806/me.shedaniel.rei.impl.common.networking.DisplaySyncPacket$1.encode(DisplaySyncPacket.java:60)
	at TRANSFORMER/roughlyenoughitems@19.0.806/me.shedaniel.rei.impl.common.networking.DisplaySyncPacket$1.encode(DisplaySyncPacket.java:55)
	at TRANSFORMER/minecraft@1.21.5/net.minecraft.network.codec.ByteBufCodecs$24.encode(ByteBufCodecs.java:408)
	at TRANSFORMER/minecraft@1.21.5/net.minecraft.network.codec.ByteBufCodecs$24.encode(ByteBufCodecs.java:392)
	at TRANSFORMER/minecraft@1.21.5/net.minecraft.network.codec.StreamCodec$4.encode(StreamCodec.java:75)
	at TRANSFORMER/minecraft@1.21.5/net.minecraft.network.codec.StreamCodec$9.encode(StreamCodec.java:174)
	at TRANSFORMER/architectury@16.1.4/dev.architectury.impl.NetworkAggregator.collectPackets(NetworkAggregator.java:146)
	at TRANSFORMER/architectury@16.1.4/dev.architectury.networking.NetworkManager.collectPackets(NetworkManager.java:137)
	at TRANSFORMER/roughlyenoughitems@19.0.806/me.shedaniel.rei.impl.common.registry.displays.ServerDisplayRegistryImpl.getResetPackets(ServerDisplayRegistryImpl.java:146)
	at TRANSFORMER/roughlyenoughitems@19.0.806/me.shedaniel.rei.impl.common.registry.displays.ServerDisplayRegistryImpl.lambda$updatePlayers$6(ServerDisplayRegistryImpl.java:100)
	at MC-BOOTSTRAP/com.google.common@33.3.1-jre/com.google.common.base.Suppliers$NonSerializableMemoizingSupplier.get(Suppliers.java:200)
	at TRANSFORMER/roughlyenoughitems@19.0.806/me.shedaniel.rei.impl.common.registry.displays.ServerDisplayRegistryImpl.updatePlayers(ServerDisplayRegistryImpl.java:115)
	at TRANSFORMER/roughlyenoughitems@19.0.806/me.shedaniel.rei.impl.common.registry.displays.ServerDisplayRegistryImpl.lambda$new$3(ServerDisplayRegistryImpl.java:72)
	at TRANSFORMER/architectury@16.1.4/dev.architectury.event.forge.EventHandlerImplCommon.event(EventHandlerImplCommon.java:70)
	at MC-BOOTSTRAP/net.neoforged.bus/net.neoforged.bus.EventBus.post(EventBus.java:350)
	at MC-BOOTSTRAP/net.neoforged.bus/net.neoforged.bus.EventBus.post(EventBus.java:315)
	at TRANSFORMER/neoforge@21.5.62-beta/net.neoforged.neoforge.event.EventHooks.fireServerTickPost(EventHooks.java:1007)
	at TRANSFORMER/minecraft@1.21.5/net.minecraft.server.MinecraftServer.tickServer(MinecraftServer.java:977)
	at TRANSFORMER/minecraft@1.21.5/net.minecraft.client.server.IntegratedServer.tickServer(IntegratedServer.java:108)
	at TRANSFORMER/minecraft@1.21.5/net.minecraft.server.MinecraftServer.runServer(MinecraftServer.java:715)
	at TRANSFORMER/minecraft@1.21.5/net.minecraft.server.MinecraftServer.lambda$spin$2(MinecraftServer.java:276)
	at java.base/java.lang.Thread.run(Thread.java:1583)
[13:39:27] [Server thread/DEBUG] [REI] Failed to encode display: me.shedaniel.rei.plugin.common.displays.crafting.DefaultCustomShapelessDisplay@1615010a
java.lang.IllegalArgumentException: Can't find id for 'Reference{ResourceKey[minecraft:banner_pattern / minecraft:stripe_right]=BannerPattern[assetId=minecraft:stripe_right, translationKey=block.minecraft.banner.stripe_right]}' in map net.minecraft.core.Registry$1@39db93d2
	at TRANSFORMER/minecraft@1.21.5/net.minecraft.core.IdMap.getIdOrThrow(IdMap.java:25)
	at TRANSFORMER/minecraft@1.21.5/net.minecraft.network.codec.ByteBufCodecs$30.encode(ByteBufCodecs.java:578)
	at TRANSFORMER/minecraft@1.21.5/net.minecraft.network.codec.ByteBufCodecs$30.encode(ByteBufCodecs.java:563)
	at TRANSFORMER/minecraft@1.21.5/net.minecraft.network.codec.StreamCodec$8.encode(StreamCodec.java:147)
	at TRANSFORMER/minecraft@1.21.5/net.minecraft.network.codec.ByteBufCodecs$24.encode(ByteBufCodecs.java:408)
	at TRANSFORMER/minecraft@1.21.5/net.minecraft.network.codec.ByteBufCodecs$24.encode(ByteBufCodecs.java:392)
	at TRANSFORMER/minecraft@1.21.5/net.minecraft.network.codec.StreamCodec$4.encode(StreamCodec.java:75)
	at TRANSFORMER/minecraft@1.21.5/net.minecraft.core.component.DataComponentPatch$3.encodeComponent(DataComponentPatch.java:147)
	at TRANSFORMER/minecraft@1.21.5/net.minecraft.core.component.DataComponentPatch$3.encode(DataComponentPatch.java:131)
	at TRANSFORMER/minecraft@1.21.5/net.minecraft.core.component.DataComponentPatch$3.encode(DataComponentPatch.java:78)
	at TRANSFORMER/minecraft@1.21.5/net.minecraft.world.item.ItemStack$2.encode(ItemStack.java:204)
	at TRANSFORMER/minecraft@1.21.5/net.minecraft.world.item.ItemStack$2.encode(ItemStack.java:186)
	at TRANSFORMER/minecraft@1.21.5/net.minecraft.network.codec.StreamCodec$4.encode(StreamCodec.java:75)
	at TRANSFORMER/minecraft@1.21.5/net.minecraft.network.codec.StreamCodec$6.encode(StreamCodec.java:110)
	at TRANSFORMER/minecraft@1.21.5/net.minecraft.network.codec.ByteBufCodecs$24.encode(ByteBufCodecs.java:408)
	at TRANSFORMER/minecraft@1.21.5/net.minecraft.network.codec.ByteBufCodecs$24.encode(ByteBufCodecs.java:392)
	at TRANSFORMER/minecraft@1.21.5/net.minecraft.network.codec.StreamCodec$4.encode(StreamCodec.java:75)
	at TRANSFORMER/minecraft@1.21.5/net.minecraft.network.codec.ByteBufCodecs$24.encode(ByteBufCodecs.java:408)
	at TRANSFORMER/minecraft@1.21.5/net.minecraft.network.codec.ByteBufCodecs$24.encode(ByteBufCodecs.java:392)
	at TRANSFORMER/minecraft@1.21.5/net.minecraft.network.codec.StreamCodec$9.encode(StreamCodec.java:173)
	at TRANSFORMER/minecraft@1.21.5/net.minecraft.network.codec.StreamCodec$6.encode(StreamCodec.java:110)
	at TRANSFORMER/roughlyenoughitems@19.0.806/me.shedaniel.rei.impl.common.networking.DisplaySyncPacket$1.encode(DisplaySyncPacket.java:60)
	at TRANSFORMER/roughlyenoughitems@19.0.806/me.shedaniel.rei.impl.common.networking.DisplaySyncPacket$1.encode(DisplaySyncPacket.java:55)
	at TRANSFORMER/minecraft@1.21.5/net.minecraft.network.codec.ByteBufCodecs$24.encode(ByteBufCodecs.java:408)
	at TRANSFORMER/minecraft@1.21.5/net.minecraft.network.codec.ByteBufCodecs$24.encode(ByteBufCodecs.java:392)
	at TRANSFORMER/minecraft@1.21.5/net.minecraft.network.codec.StreamCodec$4.encode(StreamCodec.java:75)
	at TRANSFORMER/minecraft@1.21.5/net.minecraft.network.codec.StreamCodec$9.encode(StreamCodec.java:174)
	at TRANSFORMER/architectury@16.1.4/dev.architectury.impl.NetworkAggregator.collectPackets(NetworkAggregator.java:146)
	at TRANSFORMER/architectury@16.1.4/dev.architectury.networking.NetworkManager.collectPackets(NetworkManager.java:137)
	at TRANSFORMER/roughlyenoughitems@19.0.806/me.shedaniel.rei.impl.common.registry.displays.ServerDisplayRegistryImpl.getResetPackets(ServerDisplayRegistryImpl.java:146)
	at TRANSFORMER/roughlyenoughitems@19.0.806/me.shedaniel.rei.impl.common.registry.displays.ServerDisplayRegistryImpl.lambda$updatePlayers$6(ServerDisplayRegistryImpl.java:100)
	at MC-BOOTSTRAP/com.google.common@33.3.1-jre/com.google.common.base.Suppliers$NonSerializableMemoizingSupplier.get(Suppliers.java:200)
	at TRANSFORMER/roughlyenoughitems@19.0.806/me.shedaniel.rei.impl.common.registry.displays.ServerDisplayRegistryImpl.updatePlayers(ServerDisplayRegistryImpl.java:115)
	at TRANSFORMER/roughlyenoughitems@19.0.806/me.shedaniel.rei.impl.common.registry.displays.ServerDisplayRegistryImpl.lambda$new$3(ServerDisplayRegistryImpl.java:72)
	at TRANSFORMER/architectury@16.1.4/dev.architectury.event.forge.EventHandlerImplCommon.event(EventHandlerImplCommon.java:70)
	at MC-BOOTSTRAP/net.neoforged.bus/net.neoforged.bus.EventBus.post(EventBus.java:350)
	at MC-BOOTSTRAP/net.neoforged.bus/net.neoforged.bus.EventBus.post(EventBus.java:315)
	at TRANSFORMER/neoforge@21.5.62-beta/net.neoforged.neoforge.event.EventHooks.fireServerTickPost(EventHooks.java:1007)
	at TRANSFORMER/minecraft@1.21.5/net.minecraft.server.MinecraftServer.tickServer(MinecraftServer.java:977)
	at TRANSFORMER/minecraft@1.21.5/net.minecraft.client.server.IntegratedServer.tickServer(IntegratedServer.java:108)
	at TRANSFORMER/minecraft@1.21.5/net.minecraft.server.MinecraftServer.runServer(MinecraftServer.java:715)
	at TRANSFORMER/minecraft@1.21.5/net.minecraft.server.MinecraftServer.lambda$spin$2(MinecraftServer.java:276)
	at java.base/java.lang.Thread.run(Thread.java:1583)
[13:39:27] [Server thread/DEBUG] [REI] Failed to encode display: me.shedaniel.rei.plugin.common.displays.crafting.DefaultCustomShapelessDisplay@d86b70e
java.lang.IllegalArgumentException: Can't find id for 'Reference{ResourceKey[minecraft:banner_pattern / minecraft:diagonal_up_left]=BannerPattern[assetId=minecraft:diagonal_up_left, translationKey=block.minecraft.banner.diagonal_up_left]}' in map net.minecraft.core.Registry$1@50ab88c9
	at TRANSFORMER/minecraft@1.21.5/net.minecraft.core.IdMap.getIdOrThrow(IdMap.java:25)
	at TRANSFORMER/minecraft@1.21.5/net.minecraft.network.codec.ByteBufCodecs$30.encode(ByteBufCodecs.java:578)
	at TRANSFORMER/minecraft@1.21.5/net.minecraft.network.codec.ByteBufCodecs$30.encode(ByteBufCodecs.java:563)
	at TRANSFORMER/minecraft@1.21.5/net.minecraft.network.codec.StreamCodec$8.encode(StreamCodec.java:147)
	at TRANSFORMER/minecraft@1.21.5/net.minecraft.network.codec.ByteBufCodecs$24.encode(ByteBufCodecs.java:408)
	at TRANSFORMER/minecraft@1.21.5/net.minecraft.network.codec.ByteBufCodecs$24.encode(ByteBufCodecs.java:392)
	at TRANSFORMER/minecraft@1.21.5/net.minecraft.network.codec.StreamCodec$4.encode(StreamCodec.java:75)
	at TRANSFORMER/minecraft@1.21.5/net.minecraft.core.component.DataComponentPatch$3.encodeComponent(DataComponentPatch.java:147)
	at TRANSFORMER/minecraft@1.21.5/net.minecraft.core.component.DataComponentPatch$3.encode(DataComponentPatch.java:131)
	at TRANSFORMER/minecraft@1.21.5/net.minecraft.core.component.DataComponentPatch$3.encode(DataComponentPatch.java:78)
	at TRANSFORMER/minecraft@1.21.5/net.minecraft.world.item.ItemStack$2.encode(ItemStack.java:204)
	at TRANSFORMER/minecraft@1.21.5/net.minecraft.world.item.ItemStack$2.encode(ItemStack.java:186)
	at TRANSFORMER/minecraft@1.21.5/net.minecraft.network.codec.StreamCodec$4.encode(StreamCodec.java:75)
	at TRANSFORMER/minecraft@1.21.5/net.minecraft.network.codec.StreamCodec$6.encode(StreamCodec.java:110)
	at TRANSFORMER/minecraft@1.21.5/net.minecraft.network.codec.ByteBufCodecs$24.encode(ByteBufCodecs.java:408)
	at TRANSFORMER/minecraft@1.21.5/net.minecraft.network.codec.ByteBufCodecs$24.encode(ByteBufCodecs.java:392)
	at TRANSFORMER/minecraft@1.21.5/net.minecraft.network.codec.StreamCodec$4.encode(StreamCodec.java:75)
	at TRANSFORMER/minecraft@1.21.5/net.minecraft.network.codec.ByteBufCodecs$24.encode(ByteBufCodecs.java:408)
	at TRANSFORMER/minecraft@1.21.5/net.minecraft.network.codec.ByteBufCodecs$24.encode(ByteBufCodecs.java:392)
	at TRANSFORMER/minecraft@1.21.5/net.minecraft.network.codec.StreamCodec$9.encode(StreamCodec.java:173)
	at TRANSFORMER/minecraft@1.21.5/net.minecraft.network.codec.StreamCodec$6.encode(StreamCodec.java:110)
	at TRANSFORMER/roughlyenoughitems@19.0.806/me.shedaniel.rei.impl.common.networking.DisplaySyncPacket$1.encode(DisplaySyncPacket.java:60)
	at TRANSFORMER/roughlyenoughitems@19.0.806/me.shedaniel.rei.impl.common.networking.DisplaySyncPacket$1.encode(DisplaySyncPacket.java:55)
	at TRANSFORMER/minecraft@1.21.5/net.minecraft.network.codec.ByteBufCodecs$24.encode(ByteBufCodecs.java:408)
	at TRANSFORMER/minecraft@1.21.5/net.minecraft.network.codec.ByteBufCodecs$24.encode(ByteBufCodecs.java:392)
	at TRANSFORMER/minecraft@1.21.5/net.minecraft.network.codec.StreamCodec$4.encode(StreamCodec.java:75)
	at TRANSFORMER/minecraft@1.21.5/net.minecraft.network.codec.StreamCodec$9.encode(StreamCodec.java:174)
	at TRANSFORMER/architectury@16.1.4/dev.architectury.impl.NetworkAggregator.collectPackets(NetworkAggregator.java:146)
	at TRANSFORMER/architectury@16.1.4/dev.architectury.networking.NetworkManager.collectPackets(NetworkManager.java:137)
	at TRANSFORMER/roughlyenoughitems@19.0.806/me.shedaniel.rei.impl.common.registry.displays.ServerDisplayRegistryImpl.getResetPackets(ServerDisplayRegistryImpl.java:146)
	at TRANSFORMER/roughlyenoughitems@19.0.806/me.shedaniel.rei.impl.common.registry.displays.ServerDisplayRegistryImpl.lambda$updatePlayers$6(ServerDisplayRegistryImpl.java:100)
	at MC-BOOTSTRAP/com.google.common@33.3.1-jre/com.google.common.base.Suppliers$NonSerializableMemoizingSupplier.get(Suppliers.java:200)
	at TRANSFORMER/roughlyenoughitems@19.0.806/me.shedaniel.rei.impl.common.registry.displays.ServerDisplayRegistryImpl.updatePlayers(ServerDisplayRegistryImpl.java:115)
	at TRANSFORMER/roughlyenoughitems@19.0.806/me.shedaniel.rei.impl.common.registry.displays.ServerDisplayRegistryImpl.lambda$new$3(ServerDisplayRegistryImpl.java:72)
	at TRANSFORMER/architectury@16.1.4/dev.architectury.event.forge.EventHandlerImplCommon.event(EventHandlerImplCommon.java:70)
	at MC-BOOTSTRAP/net.neoforged.bus/net.neoforged.bus.EventBus.post(EventBus.java:350)
	at MC-BOOTSTRAP/net.neoforged.bus/net.neoforged.bus.EventBus.post(EventBus.java:315)
	at TRANSFORMER/neoforge@21.5.62-beta/net.neoforged.neoforge.event.EventHooks.fireServerTickPost(EventHooks.java:1007)
	at TRANSFORMER/minecraft@1.21.5/net.minecraft.server.MinecraftServer.tickServer(MinecraftServer.java:977)
	at TRANSFORMER/minecraft@1.21.5/net.minecraft.client.server.IntegratedServer.tickServer(IntegratedServer.java:108)
	at TRANSFORMER/minecraft@1.21.5/net.minecraft.server.MinecraftServer.runServer(MinecraftServer.java:715)
	at TRANSFORMER/minecraft@1.21.5/net.minecraft.server.MinecraftServer.lambda$spin$2(MinecraftServer.java:276)
	at java.base/java.lang.Thread.run(Thread.java:1583)
[13:39:27] [Server thread/DEBUG] [REI] Failed to encode display: me.shedaniel.rei.plugin.common.displays.crafting.DefaultCustomShapelessDisplay@cf44944
java.lang.IllegalArgumentException: Can't find id for 'Reference{ResourceKey[minecraft:banner_pattern / minecraft:half_vertical]=BannerPattern[assetId=minecraft:half_vertical, translationKey=block.minecraft.banner.half_vertical]}' in map net.minecraft.core.Registry$1@3e77a8c8
	at TRANSFORMER/minecraft@1.21.5/net.minecraft.core.IdMap.getIdOrThrow(IdMap.java:25)
	at TRANSFORMER/minecraft@1.21.5/net.minecraft.network.codec.ByteBufCodecs$30.encode(ByteBufCodecs.java:578)
	at TRANSFORMER/minecraft@1.21.5/net.minecraft.network.codec.ByteBufCodecs$30.encode(ByteBufCodecs.java:563)
	at TRANSFORMER/minecraft@1.21.5/net.minecraft.network.codec.StreamCodec$8.encode(StreamCodec.java:147)
	at TRANSFORMER/minecraft@1.21.5/net.minecraft.network.codec.ByteBufCodecs$24.encode(ByteBufCodecs.java:408)
	at TRANSFORMER/minecraft@1.21.5/net.minecraft.network.codec.ByteBufCodecs$24.encode(ByteBufCodecs.java:392)
	at TRANSFORMER/minecraft@1.21.5/net.minecraft.network.codec.StreamCodec$4.encode(StreamCodec.java:75)
	at TRANSFORMER/minecraft@1.21.5/net.minecraft.core.component.DataComponentPatch$3.encodeComponent(DataComponentPatch.java:147)
	at TRANSFORMER/minecraft@1.21.5/net.minecraft.core.component.DataComponentPatch$3.encode(DataComponentPatch.java:131)
	at TRANSFORMER/minecraft@1.21.5/net.minecraft.core.component.DataComponentPatch$3.encode(DataComponentPatch.java:78)
	at TRANSFORMER/minecraft@1.21.5/net.minecraft.world.item.ItemStack$2.encode(ItemStack.java:204)
	at TRANSFORMER/minecraft@1.21.5/net.minecraft.world.item.ItemStack$2.encode(ItemStack.java:186)
	at TRANSFORMER/minecraft@1.21.5/net.minecraft.network.codec.StreamCodec$4.encode(StreamCodec.java:75)
	at TRANSFORMER/minecraft@1.21.5/net.minecraft.network.codec.StreamCodec$6.encode(StreamCodec.java:110)
	at TRANSFORMER/minecraft@1.21.5/net.minecraft.network.codec.ByteBufCodecs$24.encode(ByteBufCodecs.java:408)
	at TRANSFORMER/minecraft@1.21.5/net.minecraft.network.codec.ByteBufCodecs$24.encode(ByteBufCodecs.java:392)
	at TRANSFORMER/minecraft@1.21.5/net.minecraft.network.codec.StreamCodec$4.encode(StreamCodec.java:75)
	at TRANSFORMER/minecraft@1.21.5/net.minecraft.network.codec.ByteBufCodecs$24.encode(ByteBufCodecs.java:408)
	at TRANSFORMER/minecraft@1.21.5/net.minecraft.network.codec.ByteBufCodecs$24.encode(ByteBufCodecs.java:392)
	at TRANSFORMER/minecraft@1.21.5/net.minecraft.network.codec.StreamCodec$9.encode(StreamCodec.java:173)
	at TRANSFORMER/minecraft@1.21.5/net.minecraft.network.codec.StreamCodec$6.encode(StreamCodec.java:110)
	at TRANSFORMER/roughlyenoughitems@19.0.806/me.shedaniel.rei.impl.common.networking.DisplaySyncPacket$1.encode(DisplaySyncPacket.java:60)
	at TRANSFORMER/roughlyenoughitems@19.0.806/me.shedaniel.rei.impl.common.networking.DisplaySyncPacket$1.encode(DisplaySyncPacket.java:55)
	at TRANSFORMER/minecraft@1.21.5/net.minecraft.network.codec.ByteBufCodecs$24.encode(ByteBufCodecs.java:408)
	at TRANSFORMER/minecraft@1.21.5/net.minecraft.network.codec.ByteBufCodecs$24.encode(ByteBufCodecs.java:392)
	at TRANSFORMER/minecraft@1.21.5/net.minecraft.network.codec.StreamCodec$4.encode(StreamCodec.java:75)
	at TRANSFORMER/minecraft@1.21.5/net.minecraft.network.codec.StreamCodec$9.encode(StreamCodec.java:174)
	at TRANSFORMER/architectury@16.1.4/dev.architectury.impl.NetworkAggregator.collectPackets(NetworkAggregator.java:146)
	at TRANSFORMER/architectury@16.1.4/dev.architectury.networking.NetworkManager.collectPackets(NetworkManager.java:137)
	at TRANSFORMER/roughlyenoughitems@19.0.806/me.shedaniel.rei.impl.common.registry.displays.ServerDisplayRegistryImpl.getResetPackets(ServerDisplayRegistryImpl.java:146)
	at TRANSFORMER/roughlyenoughitems@19.0.806/me.shedaniel.rei.impl.common.registry.displays.ServerDisplayRegistryImpl.lambda$updatePlayers$6(ServerDisplayRegistryImpl.java:100)
	at MC-BOOTSTRAP/com.google.common@33.3.1-jre/com.google.common.base.Suppliers$NonSerializableMemoizingSupplier.get(Suppliers.java:200)
	at TRANSFORMER/roughlyenoughitems@19.0.806/me.shedaniel.rei.impl.common.registry.displays.ServerDisplayRegistryImpl.updatePlayers(ServerDisplayRegistryImpl.java:115)
	at TRANSFORMER/roughlyenoughitems@19.0.806/me.shedaniel.rei.impl.common.registry.displays.ServerDisplayRegistryImpl.lambda$new$3(ServerDisplayRegistryImpl.java:72)
	at TRANSFORMER/architectury@16.1.4/dev.architectury.event.forge.EventHandlerImplCommon.event(EventHandlerImplCommon.java:70)
	at MC-BOOTSTRAP/net.neoforged.bus/net.neoforged.bus.EventBus.post(EventBus.java:350)
	at MC-BOOTSTRAP/net.neoforged.bus/net.neoforged.bus.EventBus.post(EventBus.java:315)
	at TRANSFORMER/neoforge@21.5.62-beta/net.neoforged.neoforge.event.EventHooks.fireServerTickPost(EventHooks.java:1007)
	at TRANSFORMER/minecraft@1.21.5/net.minecraft.server.MinecraftServer.tickServer(MinecraftServer.java:977)
	at TRANSFORMER/minecraft@1.21.5/net.minecraft.client.server.IntegratedServer.tickServer(IntegratedServer.java:108)
	at TRANSFORMER/minecraft@1.21.5/net.minecraft.server.MinecraftServer.runServer(MinecraftServer.java:715)
	at TRANSFORMER/minecraft@1.21.5/net.minecraft.server.MinecraftServer.lambda$spin$2(MinecraftServer.java:276)
	at java.base/java.lang.Thread.run(Thread.java:1583)
[13:39:27] [Server thread/DEBUG] [REI] Failed to encode display: me.shedaniel.rei.plugin.common.displays.crafting.DefaultCustomShapelessDisplay@38311351
java.lang.IllegalArgumentException: Can't find id for 'Reference{ResourceKey[minecraft:banner_pattern / minecraft:triangle_top]=BannerPattern[assetId=minecraft:triangle_top, translationKey=block.minecraft.banner.triangle_top]}' in map net.minecraft.core.Registry$1@242ab548
	at TRANSFORMER/minecraft@1.21.5/net.minecraft.core.IdMap.getIdOrThrow(IdMap.java:25)
	at TRANSFORMER/minecraft@1.21.5/net.minecraft.network.codec.ByteBufCodecs$30.encode(ByteBufCodecs.java:578)
	at TRANSFORMER/minecraft@1.21.5/net.minecraft.network.codec.ByteBufCodecs$30.encode(ByteBufCodecs.java:563)
	at TRANSFORMER/minecraft@1.21.5/net.minecraft.network.codec.StreamCodec$8.encode(StreamCodec.java:147)
	at TRANSFORMER/minecraft@1.21.5/net.minecraft.network.codec.ByteBufCodecs$24.encode(ByteBufCodecs.java:408)
	at TRANSFORMER/minecraft@1.21.5/net.minecraft.network.codec.ByteBufCodecs$24.encode(ByteBufCodecs.java:392)
	at TRANSFORMER/minecraft@1.21.5/net.minecraft.network.codec.StreamCodec$4.encode(StreamCodec.java:75)
	at TRANSFORMER/minecraft@1.21.5/net.minecraft.core.component.DataComponentPatch$3.encodeComponent(DataComponentPatch.java:147)
	at TRANSFORMER/minecraft@1.21.5/net.minecraft.core.component.DataComponentPatch$3.encode(DataComponentPatch.java:131)
	at TRANSFORMER/minecraft@1.21.5/net.minecraft.core.component.DataComponentPatch$3.encode(DataComponentPatch.java:78)
	at TRANSFORMER/minecraft@1.21.5/net.minecraft.world.item.ItemStack$2.encode(ItemStack.java:204)
	at TRANSFORMER/minecraft@1.21.5/net.minecraft.world.item.ItemStack$2.encode(ItemStack.java:186)
	at TRANSFORMER/minecraft@1.21.5/net.minecraft.network.codec.StreamCodec$4.encode(StreamCodec.java:75)
	at TRANSFORMER/minecraft@1.21.5/net.minecraft.network.codec.StreamCodec$6.encode(StreamCodec.java:110)
	at TRANSFORMER/minecraft@1.21.5/net.minecraft.network.codec.ByteBufCodecs$24.encode(ByteBufCodecs.java:408)
	at TRANSFORMER/minecraft@1.21.5/net.minecraft.network.codec.ByteBufCodecs$24.encode(ByteBufCodecs.java:392)
	at TRANSFORMER/minecraft@1.21.5/net.minecraft.network.codec.StreamCodec$4.encode(StreamCodec.java:75)
	at TRANSFORMER/minecraft@1.21.5/net.minecraft.network.codec.ByteBufCodecs$24.encode(ByteBufCodecs.java:408)
	at TRANSFORMER/minecraft@1.21.5/net.minecraft.network.codec.ByteBufCodecs$24.encode(ByteBufCodecs.java:392)
	at TRANSFORMER/minecraft@1.21.5/net.minecraft.network.codec.StreamCodec$9.encode(StreamCodec.java:173)
	at TRANSFORMER/minecraft@1.21.5/net.minecraft.network.codec.StreamCodec$6.encode(StreamCodec.java:110)
	at TRANSFORMER/roughlyenoughitems@19.0.806/me.shedaniel.rei.impl.common.networking.DisplaySyncPacket$1.encode(DisplaySyncPacket.java:60)
	at TRANSFORMER/roughlyenoughitems@19.0.806/me.shedaniel.rei.impl.common.networking.DisplaySyncPacket$1.encode(DisplaySyncPacket.java:55)
	at TRANSFORMER/minecraft@1.21.5/net.minecraft.network.codec.ByteBufCodecs$24.encode(ByteBufCodecs.java:408)
	at TRANSFORMER/minecraft@1.21.5/net.minecraft.network.codec.ByteBufCodecs$24.encode(ByteBufCodecs.java:392)
	at TRANSFORMER/minecraft@1.21.5/net.minecraft.network.codec.StreamCodec$4.encode(StreamCodec.java:75)
	at TRANSFORMER/minecraft@1.21.5/net.minecraft.network.codec.StreamCodec$9.encode(StreamCodec.java:174)
	at TRANSFORMER/architectury@16.1.4/dev.architectury.impl.NetworkAggregator.collectPackets(NetworkAggregator.java:146)
	at TRANSFORMER/architectury@16.1.4/dev.architectury.networking.NetworkManager.collectPackets(NetworkManager.java:137)
	at TRANSFORMER/roughlyenoughitems@19.0.806/me.shedaniel.rei.impl.common.registry.displays.ServerDisplayRegistryImpl.getResetPackets(ServerDisplayRegistryImpl.java:146)
	at TRANSFORMER/roughlyenoughitems@19.0.806/me.shedaniel.rei.impl.common.registry.displays.ServerDisplayRegistryImpl.lambda$updatePlayers$6(ServerDisplayRegistryImpl.java:100)
	at MC-BOOTSTRAP/com.google.common@33.3.1-jre/com.google.common.base.Suppliers$NonSerializableMemoizingSupplier.get(Suppliers.java:200)
	at TRANSFORMER/roughlyenoughitems@19.0.806/me.shedaniel.rei.impl.common.registry.displays.ServerDisplayRegistryImpl.updatePlayers(ServerDisplayRegistryImpl.java:115)
	at TRANSFORMER/roughlyenoughitems@19.0.806/me.shedaniel.rei.impl.common.registry.displays.ServerDisplayRegistryImpl.lambda$new$3(ServerDisplayRegistryImpl.java:72)
	at TRANSFORMER/architectury@16.1.4/dev.architectury.event.forge.EventHandlerImplCommon.event(EventHandlerImplCommon.java:70)
	at MC-BOOTSTRAP/net.neoforged.bus/net.neoforged.bus.EventBus.post(EventBus.java:350)
	at MC-BOOTSTRAP/net.neoforged.bus/net.neoforged.bus.EventBus.post(EventBus.java:315)
	at TRANSFORMER/neoforge@21.5.62-beta/net.neoforged.neoforge.event.EventHooks.fireServerTickPost(EventHooks.java:1007)
	at TRANSFORMER/minecraft@1.21.5/net.minecraft.server.MinecraftServer.tickServer(MinecraftServer.java:977)
	at TRANSFORMER/minecraft@1.21.5/net.minecraft.client.server.IntegratedServer.tickServer(IntegratedServer.java:108)
	at TRANSFORMER/minecraft@1.21.5/net.minecraft.server.MinecraftServer.runServer(MinecraftServer.java:715)
	at TRANSFORMER/minecraft@1.21.5/net.minecraft.server.MinecraftServer.lambda$spin$2(MinecraftServer.java:276)
	at java.base/java.lang.Thread.run(Thread.java:1583)
[13:39:27] [Render thread/INFO] [REI] [REI Server Display Sync] Received server's request to set 1771 recipes.
[13:39:27] [Render thread/WARN] [REI] Detected runtime DisplayRegistry modification, this can be extremely dangerous!
[13:39:27] [Render thread/DEBUG] [REI] Detected runtime DisplayRegistry modification, this can be extremely dangerous!
java.lang.Throwable
	at TRANSFORMER/roughlyenoughitems@19.0.806/me.shedaniel.rei.impl.client.registry.display.DisplayRegistryImpl.add(DisplayRegistryImpl.java:97)
	at TRANSFORMER/roughlyenoughitems@19.0.806/me.shedaniel.rei.impl.common.networking.DisplaySyncPacket.lambda$handle$2(DisplaySyncPacket.java:111)
	at TRANSFORMER/roughlyenoughitems@19.0.806/me.shedaniel.rei.impl.client.registry.display.DisplayRegistryImpl.lambda$new$0(DisplayRegistryImpl.java:72)
	at java.base/java.lang.invoke.MethodHandle.invokeWithArguments(MethodHandle.java:733)
	at TRANSFORMER/architectury@16.1.4/dev.architectury.event.EventFactory.invokeMethod(EventFactory.java:54)
	at TRANSFORMER/architectury@16.1.4/dev.architectury.event.EventFactory$1.handleInvocation(EventFactory.java:63)
	at MC-BOOTSTRAP/com.google.common@33.3.1-jre/com.google.common.reflect.AbstractInvocationHandler.invoke(AbstractInvocationHandler.java:87)
	at TRANSFORMER/jdk.proxy3/jdk.proxy3.$Proxy65.tick(Unknown Source)
	at TRANSFORMER/architectury@16.1.4/dev.architectury.event.forge.EventHandlerImplClient.event(EventHandlerImplClient.java:60)
	at MC-BOOTSTRAP/net.neoforged.bus/net.neoforged.bus.EventBus.post(EventBus.java:350)
	at MC-BOOTSTRAP/net.neoforged.bus/net.neoforged.bus.EventBus.post(EventBus.java:315)
	at TRANSFORMER/neoforge@21.5.62-beta/net.neoforged.neoforge.client.ClientHooks.fireClientTickPost(ClientHooks.java:1080)
	at TRANSFORMER/minecraft@1.21.5/net.minecraft.client.Minecraft.tick(Minecraft.java:1879)
	at TRANSFORMER/minecraft@1.21.5/net.minecraft.client.Minecraft.runTick(Minecraft.java:1240)
	at TRANSFORMER/minecraft@1.21.5/net.minecraft.client.Minecraft.run(Minecraft.java:870)
	at TRANSFORMER/minecraft@1.21.5/net.minecraft.client.main.Main.main(Main.java:243)
	at java.base/jdk.internal.reflect.DirectMethodHandleAccessor.invoke(DirectMethodHandleAccessor.java:103)
	at java.base/java.lang.reflect.Method.invoke(Method.java:580)
	at MC-BOOTSTRAP/fml_loader@7.0.10/net.neoforged.fml.loading.targets.CommonLaunchHandler.runTarget(CommonLaunchHandler.java:128)
	at MC-BOOTSTRAP/fml_loader@7.0.10/net.neoforged.fml.loading.targets.CommonLaunchHandler.clientService(CommonLaunchHandler.java:120)
	at MC-BOOTSTRAP/fml_loader@7.0.10/net.neoforged.fml.loading.targets.NeoForgeClientDevLaunchHandler.runService(NeoForgeClientDevLaunchHandler.java:49)
	at MC-BOOTSTRAP/fml_loader@7.0.10/net.neoforged.fml.loading.targets.CommonLaunchHandler.lambda$launchService$4(CommonLaunchHandler.java:114)
	at MC-BOOTSTRAP/cpw.mods.modlauncher@11.0.4/cpw.mods.modlauncher.LaunchServiceHandlerDecorator.launch(LaunchServiceHandlerDecorator.java:30)
	at MC-BOOTSTRAP/cpw.mods.modlauncher@11.0.4/cpw.mods.modlauncher.LaunchServiceHandler.launch(LaunchServiceHandler.java:53)
	at MC-BOOTSTRAP/cpw.mods.modlauncher@11.0.4/cpw.mods.modlauncher.LaunchServiceHandler.launch(LaunchServiceHandler.java:71)
	at MC-BOOTSTRAP/cpw.mods.modlauncher@11.0.4/cpw.mods.modlauncher.Launcher.run(Launcher.java:103)
	at MC-BOOTSTRAP/cpw.mods.modlauncher@11.0.4/cpw.mods.modlauncher.Launcher.main(Launcher.java:74)
	at MC-BOOTSTRAP/cpw.mods.modlauncher@11.0.4/cpw.mods.modlauncher.BootstrapLaunchConsumer.accept(BootstrapLaunchConsumer.java:26)
	at MC-BOOTSTRAP/cpw.mods.modlauncher@11.0.4/cpw.mods.modlauncher.BootstrapLaunchConsumer.accept(BootstrapLaunchConsumer.java:23)
	at cpw.mods.bootstraplauncher@2.0.2/cpw.mods.bootstraplauncher.BootstrapLauncher.run(BootstrapLauncher.java:210)
	at cpw.mods.bootstraplauncher@2.0.2/cpw.mods.bootstraplauncher.BootstrapLauncher.main(BootstrapLauncher.java:69)
[13:39:35] [Render thread/DEBUG] [REI] Created search filter with "" using Default
[13:39:35] [Render thread/DEBUG] [REI] Starting Search: "" with 1727 stacks, shouldAsync: true on Render thread
[13:39:35] [Render thread/DEBUG] [REI] Async Search: 5 partitions for ""
[13:39:35] [REI-AsyncSearchManager-2/TRACE] [REI] Search "" Used [Thread[#131,REI-AsyncSearchManager-2,10,main]]: 12.83 ms
[13:39:35] [REI-AsyncSearchManager-2/TRACE] [REI] Search "" Used and Applied [Thread[#131,REI-AsyncSearchManager-2,10,main]]: 18.14 ms
